query_id,kind,method,n,visible_count,recall_at_k,secure_topk_exact,failure_mode,latency_ms,candidates,raw_candidates,policy_checks,certified,certificate_false_positive
0,dnf,ExactSQL,9000,490,1.0,1,none,0.09745400006977434,490,9000,9000,1,0
0,dnf,PostFilter-SQL,9000,490,0.6,0,ranking_truncation,0.10603500004435773,73,1276,1276,0,0
0,dnf,PACER-A-SQL,9000,490,0.9,0,ranking_truncation,1.6886230000636715,279,4800,4800,0,0
0,dnf,PACER-X-SQL,9000,490,1.0,1,none,2.448284000138301,490,8640,8640,1,0
1,semijoin,ExactSQL,9000,250,1.0,1,none,0.041458000168859144,250,9000,9000,1,0
1,semijoin,PostFilter-SQL,9000,250,0.7,0,ranking_truncation,0.0492369999847142,30,1128,1128,0,0
1,semijoin,PACER-A-SQL,9000,250,1.0,1,none,1.1308740001823026,143,4800,4800,0,0
1,semijoin,PACER-X-SQL,9000,250,1.0,1,none,1.9634590000805474,250,8723,8723,1,0
2,antijoin,ExactSQL,9000,2519,1.0,1,none,0.24678499994479353,2519,9000,9000,1,0
2,antijoin,PostFilter-SQL,9000,2519,0.8,0,ranking_truncation,0.09738200014908216,334,1075,1075,0,0
2,antijoin,PACER-A-SQL,9000,2519,0.9,0,ranking_truncation,1.325071999872307,1391,4800,4800,0,0
2,antijoin,PACER-X-SQL,9000,2519,1.0,1,none,2.278123999985837,2519,9000,9000,1,0
3,mixed,ExactSQL,9000,2899,1.0,1,none,0.23884999995971157,2899,9000,9000,1,0
3,mixed,PostFilter-SQL,9000,2899,0.6,0,ranking_truncation,0.1004129999273573,392,1163,1163,0,0
3,mixed,PACER-A-SQL,9000,2899,1.0,1,none,1.3957720000234985,1587,4800,4800,0,0
3,mixed,PACER-X-SQL,9000,2899,1.0,1,none,2.518731000009211,2899,9000,9000,1,0
4,dnf,ExactSQL,9000,621,1.0,1,none,0.06381200000760145,621,9000,9000,1,0
4,dnf,PostFilter-SQL,9000,621,0.9,0,ranking_truncation,0.05083499991087592,90,1092,1092,0,0
4,dnf,PACER-A-SQL,9000,621,1.0,1,none,1.4663100000689155,434,4800,4800,0,0
4,dnf,PACER-X-SQL,9000,621,1.0,1,none,1.954296000121758,621,8349,8349,1,0
5,semijoin,ExactSQL,9000,228,1.0,1,none,0.0392720000945701,228,9000,9000,1,0
5,semijoin,PostFilter-SQL,9000,228,0.6,0,ranking_truncation,0.04186599994682183,31,1105,1105,0,0
5,semijoin,PACER-A-SQL,9000,228,1.0,1,none,1.2153430000125809,130,4800,4800,0,0
5,semijoin,PACER-X-SQL,9000,228,1.0,1,none,1.9861910000145144,228,8181,8181,1,0
6,antijoin,ExactSQL,9000,2502,1.0,1,none,0.21856300008948892,2502,9000,9000,1,0
6,antijoin,PostFilter-SQL,9000,2502,0.9,0,ranking_truncation,0.07808700001987745,325,1165,1165,0,0
6,antijoin,PACER-A-SQL,9000,2502,0.9,0,ranking_truncation,1.3503860000128043,1329,4800,4800,0,0
6,antijoin,PACER-X-SQL,9000,2502,1.0,1,none,2.6080049999563926,2502,9000,9000,1,0
7,mixed,ExactSQL,9000,1690,1.0,1,none,0.23311999984798604,1690,9000,9000,1,0
7,mixed,PostFilter-SQL,9000,1690,1.0,1,none,0.10679799993340566,244,1137,1137,0,0
7,mixed,PACER-A-SQL,9000,1690,1.0,1,none,1.2520039999799337,986,4800,4800,0,0
7,mixed,PACER-X-SQL,9000,1690,1.0,1,none,2.301678000094398,1690,9000,9000,1,0
8,dnf,ExactSQL,9000,786,1.0,1,none,0.07272700008797983,786,9000,9000,1,0
8,dnf,PostFilter-SQL,9000,786,0.8,0,ranking_truncation,0.09652500011725351,141,1285,1285,0,0
8,dnf,PACER-A-SQL,9000,786,1.0,1,none,1.2725930000669905,435,4800,4800,0,0
8,dnf,PACER-X-SQL,9000,786,1.0,1,none,2.195538000023589,786,8948,8948,1,0
9,semijoin,ExactSQL,9000,219,1.0,1,none,0.03891599999406026,219,9000,9000,1,0
9,semijoin,PostFilter-SQL,9000,219,0.4,0,ranking_truncation,0.05371199995352072,33,1290,1290,0,0
9,semijoin,PACER-A-SQL,9000,219,1.0,1,none,1.1160349999954633,132,4800,4800,0,0
9,semijoin,PACER-X-SQL,9000,219,1.0,1,none,1.8929380000827223,219,8290,8290,1,0
10,antijoin,ExactSQL,9000,2118,1.0,1,none,0.23784200016052637,2118,9000,9000,1,0
10,antijoin,PostFilter-SQL,9000,2118,0.8,0,ranking_truncation,0.09707499998512503,341,1283,1283,0,0
10,antijoin,PACER-A-SQL,9000,2118,1.0,1,none,1.4277549998951145,1132,4800,4800,0,0
10,antijoin,PACER-X-SQL,9000,2118,1.0,1,none,2.2793979999278235,2118,9000,9000,1,0
11,mixed,ExactSQL,9000,1818,1.0,1,none,0.14582799985873862,1818,9000,9000,1,0
11,mixed,PostFilter-SQL,9000,1818,0.3,0,ranking_truncation,0.05855399990650767,128,974,974,0,0
11,mixed,PACER-A-SQL,9000,1818,0.9,0,ranking_truncation,1.2954669998634927,973,4800,4800,0,0
11,mixed,PACER-X-SQL,9000,1818,1.0,1,none,2.148547999922812,1818,9000,9000,1,0
12,dnf,ExactSQL,9000,725,1.0,1,none,0.07783699993524351,725,9000,9000,1,0
12,dnf,PostFilter-SQL,9000,725,0.8,0,ranking_truncation,0.05157500004315807,106,1112,1112,0,0
12,dnf,PACER-A-SQL,9000,725,1.0,1,none,1.1519140000473271,382,4800,4800,0,0
12,dnf,PACER-X-SQL,9000,725,1.0,1,none,2.0884250000108295,725,9000,9000,1,0
13,semijoin,ExactSQL,9000,272,1.0,1,none,0.04194200005258608,272,9000,9000,1,0
13,semijoin,PostFilter-SQL,9000,272,0.5,0,ranking_truncation,0.04453299993656401,36,1274,1274,0,0
13,semijoin,PACER-A-SQL,9000,272,0.9,0,ranking_truncation,1.0633760000473558,141,4800,4800,0,0
13,semijoin,PACER-X-SQL,9000,272,1.0,1,none,1.9097619999683957,272,8930,8930,1,0
14,antijoin,ExactSQL,9000,2497,1.0,1,none,0.1718429998618376,2497,9000,9000,1,0
14,antijoin,PostFilter-SQL,9000,2497,0.6,0,ranking_truncation,0.0690449999183329,319,1153,1153,0,0
14,antijoin,PACER-A-SQL,9000,2497,1.0,1,none,1.1894429999301792,1250,4800,4800,0,0
14,antijoin,PACER-X-SQL,9000,2497,1.0,1,none,2.1267090000947064,2497,9000,9000,1,0
15,mixed,ExactSQL,9000,1800,1.0,1,none,0.12495800001488533,1800,9000,9000,1,0
15,mixed,PostFilter-SQL,9000,1800,0.5,0,ranking_truncation,0.05950500008111703,205,1075,1075,0,0
15,mixed,PACER-A-SQL,9000,1800,0.9,0,ranking_truncation,1.1510469998938788,953,4800,4800,0,0
15,mixed,PACER-X-SQL,9000,1800,1.0,1,none,2.1400529999482387,1800,9000,9000,1,0
16,dnf,ExactSQL,9000,318,1.0,1,none,0.049908999926628894,318,9000,9000,1,0
16,dnf,PostFilter-SQL,9000,318,0.8,0,ranking_truncation,0.044915999978911714,60,1199,1199,0,0
16,dnf,PACER-A-SQL,9000,318,1.0,1,none,1.158713999984684,195,4800,4800,0,0
16,dnf,PACER-X-SQL,9000,318,1.0,1,none,2.5722369998675276,318,8385,8385,1,0
17,semijoin,ExactSQL,9000,230,1.0,1,none,0.06880499995531864,230,9000,9000,1,0
17,semijoin,PostFilter-SQL,9000,230,0.6,0,ranking_truncation,0.044914999989487114,33,1006,1006,0,0
17,semijoin,PACER-A-SQL,9000,230,1.0,1,none,1.4762949999749253,142,4800,4800,0,0
17,semijoin,PACER-X-SQL,9000,230,1.0,1,none,2.0004320001589804,230,8419,8419,1,0
18,antijoin,ExactSQL,9000,2157,1.0,1,none,0.20254200012459478,2157,9000,9000,1,0
18,antijoin,PostFilter-SQL,9000,2157,0.4,0,ranking_truncation,0.06460300005528552,193,1098,1098,0,0
18,antijoin,PACER-A-SQL,9000,2157,0.9,0,ranking_truncation,1.3570439998602524,1030,4800,4800,0,0
18,antijoin,PACER-X-SQL,9000,2157,1.0,1,none,2.1881580000808754,2157,9000,9000,1,0
19,mixed,ExactSQL,9000,1902,1.0,1,none,0.13352400014809973,1902,9000,9000,1,0
19,mixed,PostFilter-SQL,9000,1902,0.8,0,ranking_truncation,0.06833699990238529,320,1212,1212,0,0
19,mixed,PACER-A-SQL,9000,1902,1.0,1,none,1.1705279998750484,995,4800,4800,0,0
19,mixed,PACER-X-SQL,9000,1902,1.0,1,none,2.240668000013102,1902,9000,9000,1,0
20,dnf,ExactSQL,9000,604,1.0,1,none,0.061624999943887815,604,9000,9000,1,0
20,dnf,PostFilter-SQL,9000,604,0.6,0,ranking_truncation,0.047865999931673286,53,1237,1237,0,0
20,dnf,PACER-A-SQL,9000,604,0.9,0,ranking_truncation,1.1478750000151194,350,4800,4800,0,0
20,dnf,PACER-X-SQL,9000,604,1.0,1,none,1.9098389998362109,604,8931,8931,1,0
21,semijoin,ExactSQL,9000,223,1.0,1,none,0.0395460001527681,223,9000,9000,1,0
21,semijoin,PostFilter-SQL,9000,223,0.4,0,ranking_truncation,0.042294999957448454,25,1353,1353,0,0
21,semijoin,PACER-A-SQL,9000,223,1.0,1,none,1.1958130000948586,125,4800,4800,0,0
21,semijoin,PACER-X-SQL,9000,223,1.0,1,none,1.7879780000384926,223,8474,8474,1,0
22,antijoin,ExactSQL,9000,2351,1.0,1,none,0.19720699992831214,2351,9000,9000,1,0
22,antijoin,PostFilter-SQL,9000,2351,0.4,0,ranking_truncation,0.0683270000081393,294,1113,1113,0,0
22,antijoin,PACER-A-SQL,9000,2351,1.0,1,none,1.3360609998471773,1304,4800,4800,0,0
22,antijoin,PACER-X-SQL,9000,2351,1.0,1,none,2.661476000184848,2351,9000,9000,1,0
23,mixed,ExactSQL,9000,1943,1.0,1,none,0.1763699999628443,1943,9000,9000,1,0
23,mixed,PostFilter-SQL,9000,1943,1.0,1,none,0.07251300007737882,259,1148,1148,0,0
23,mixed,PACER-A-SQL,9000,1943,1.0,1,none,1.2665249998917716,1088,4800,4800,0,0
23,mixed,PACER-X-SQL,9000,1943,1.0,1,none,2.304885000057766,1943,9000,9000,1,0
24,dnf,ExactSQL,9000,678,1.0,1,none,0.062135000007401686,678,9000,9000,1,0
24,dnf,PostFilter-SQL,9000,678,0.6,0,ranking_truncation,0.04880300002696458,71,1151,1151,0,0
24,dnf,PACER-A-SQL,9000,678,0.9,0,ranking_truncation,1.0956230000829237,309,4800,4800,0,0
24,dnf,PACER-X-SQL,9000,678,1.0,1,none,1.9896310000149242,678,8643,8643,1,0
25,semijoin,ExactSQL,9000,251,1.0,1,none,0.04173600018475554,251,9000,9000,1,0
25,semijoin,PostFilter-SQL,9000,251,0.2,0,ranking_truncation,0.04274299999451614,20,846,846,0,0
25,semijoin,PACER-A-SQL,9000,251,1.0,1,none,1.1483279999993101,148,4800,4800,0,0
25,semijoin,PACER-X-SQL,9000,251,1.0,1,none,2.4245030001566192,251,8700,8700,1,0
26,antijoin,ExactSQL,9000,2570,1.0,1,none,0.2722609999636916,2570,9000,9000,1,0
26,antijoin,PostFilter-SQL,9000,2570,1.0,1,none,0.10811299989654799,309,1136,1136,0,0
26,antijoin,PACER-A-SQL,9000,2570,1.0,1,none,1.7463110000335291,1357,4800,4800,0,0
26,antijoin,PACER-X-SQL,9000,2570,1.0,1,none,2.5542699997913587,2570,9000,9000,1,0
27,mixed,ExactSQL,9000,1790,1.0,1,none,0.14404500007003662,1790,9000,9000,1,0
27,mixed,PostFilter-SQL,9000,1790,0.8,0,ranking_truncation,0.07679400005144998,280,1133,1133,0,0
27,mixed,PACER-A-SQL,9000,1790,0.9,0,ranking_truncation,1.291417999937039,950,4800,4800,0,0
27,mixed,PACER-X-SQL,9000,1790,1.0,1,none,2.72560300004443,1790,9000,9000,1,0
28,dnf,ExactSQL,9000,668,1.0,1,none,0.0768370000514551,668,9000,9000,1,0
28,dnf,PostFilter-SQL,9000,668,0.7,0,ranking_truncation,0.1001910000013595,106,1212,1212,0,0
28,dnf,PACER-A-SQL,9000,668,1.0,1,none,1.397947999976168,394,4800,4800,0,0
28,dnf,PACER-X-SQL,9000,668,1.0,1,none,2.374461000044903,668,8963,8963,1,0
29,semijoin,ExactSQL,9000,242,1.0,1,none,0.039577000052304356,242,9000,9000,1,0
29,semijoin,PostFilter-SQL,9000,242,0.7,0,ranking_truncation,0.07063499992909783,33,1190,1190,0,0
29,semijoin,PACER-A-SQL,9000,242,0.8,0,ranking_truncation,1.2378330000046844,139,4800,4800,0,0
29,semijoin,PACER-X-SQL,9000,242,1.0,1,none,1.8851370000447787,242,8069,8069,1,0
30,antijoin,ExactSQL,9000,2445,1.0,1,none,0.2225199998520111,2445,9000,9000,1,0
30,antijoin,PostFilter-SQL,9000,2445,0.6,0,ranking_truncation,0.07028899995020765,272,1111,1111,0,0
30,antijoin,PACER-A-SQL,9000,2445,1.0,1,none,1.3300739999522193,1336,4800,4800,0,0
30,antijoin,PACER-X-SQL,9000,2445,1.0,1,none,2.4311939998824528,2445,9000,9000,1,0
31,mixed,ExactSQL,9000,1791,1.0,1,none,0.1837239999531448,1791,9000,9000,1,0
31,mixed,PostFilter-SQL,9000,1791,0.8,0,ranking_truncation,0.09657600003265543,241,944,944,0,0
31,mixed,PACER-A-SQL,9000,1791,0.8,0,ranking_truncation,1.256708000028084,932,4800,4800,0,0
31,mixed,PACER-X-SQL,9000,1791,1.0,1,none,2.2654459999102983,1791,9000,9000,1,0
32,dnf,ExactSQL,9000,664,1.0,1,none,0.10905900012403436,664,9000,9000,1,0
32,dnf,PostFilter-SQL,9000,664,0.6,0,ranking_truncation,0.04942299983667908,64,1017,1017,0,0
32,dnf,PACER-A-SQL,9000,664,0.7,0,ranking_truncation,1.7501399997854605,322,4800,4800,0,0
32,dnf,PACER-X-SQL,9000,664,1.0,1,none,2.3595710001700354,664,8912,8912,1,0
33,semijoin,ExactSQL,9000,240,1.0,1,none,0.04011999999420368,240,9000,9000,1,0
33,semijoin,PostFilter-SQL,9000,240,0.8,0,ranking_truncation,0.05258099986349407,37,1041,1041,0,0
33,semijoin,PACER-A-SQL,9000,240,1.0,1,none,1.1650419999114092,153,4800,4800,0,0
33,semijoin,PACER-X-SQL,9000,240,1.0,1,none,1.7665689999830647,240,8224,8224,1,0
34,antijoin,ExactSQL,9000,2166,1.0,1,none,0.16848599989316426,2166,9000,9000,1,0
34,antijoin,PostFilter-SQL,9000,2166,0.7,0,ranking_truncation,0.06845999996585306,253,1164,1164,0,0
34,antijoin,PACER-A-SQL,9000,2166,0.9,0,ranking_truncation,1.3539770000079443,1067,4800,4800,0,0
34,antijoin,PACER-X-SQL,9000,2166,1.0,1,none,2.1865360001811496,2166,9000,9000,1,0
35,mixed,ExactSQL,9000,1970,1.0,1,none,0.14028300006430072,1970,9000,9000,1,0
35,mixed,PostFilter-SQL,9000,1970,0.8,0,ranking_truncation,0.07795100009388989,284,1199,1199,0,0
35,mixed,PACER-A-SQL,9000,1970,1.0,1,none,1.2883179999789718,1066,4800,4800,0,0
35,mixed,PACER-X-SQL,9000,1970,1.0,1,none,2.2293790000276204,1970,9000,9000,1,0
36,dnf,ExactSQL,9000,253,1.0,1,none,0.040492999914931715,253,9000,9000,1,0
36,dnf,PostFilter-SQL,9000,253,0.5,0,ranking_truncation,0.04289200001039717,30,1035,1035,0,0
36,dnf,PACER-A-SQL,9000,253,0.9,0,ranking_truncation,1.0534210000514577,162,4800,4800,0,0
36,dnf,PACER-X-SQL,9000,253,1.0,1,none,1.7449919998853147,253,8241,8241,1,0
37,semijoin,ExactSQL,9000,264,1.0,1,none,0.04084600004716776,264,9000,9000,1,0
37,semijoin,PostFilter-SQL,9000,264,0.3,0,ranking_truncation,0.041517999989082455,30,1025,1025,0,0
37,semijoin,PACER-A-SQL,9000,264,0.7,0,ranking_truncation,1.2123899998641718,157,4800,4800,0,0
37,semijoin,PACER-X-SQL,9000,264,1.0,1,none,1.7817840000589058,264,8188,8188,1,0
38,antijoin,ExactSQL,9000,2187,1.0,1,none,0.15355599998656544,2187,9000,9000,1,0
38,antijoin,PostFilter-SQL,9000,2187,0.4,0,ranking_truncation,0.06471599999713362,210,989,989,0,0
38,antijoin,PACER-A-SQL,9000,2187,0.9,0,ranking_truncation,1.2337029997979698,1075,4800,4800,0,0
38,antijoin,PACER-X-SQL,9000,2187,1.0,1,none,2.288841999870783,2187,9000,9000,1,0
39,mixed,ExactSQL,9000,2021,1.0,1,none,0.1308380001319165,2021,9000,9000,1,0
39,mixed,PostFilter-SQL,9000,2021,0.9,0,ranking_truncation,0.06631199994444614,290,1163,1163,0,0
39,mixed,PACER-A-SQL,9000,2021,1.0,1,none,1.217543999928239,1045,4800,4800,0,0
39,mixed,PACER-X-SQL,9000,2021,1.0,1,none,2.253502000030494,2021,9000,9000,1,0
40,dnf,ExactSQL,9000,798,1.0,1,none,0.06382399988069665,798,9000,9000,1,0
40,dnf,PostFilter-SQL,9000,798,0.5,0,ranking_truncation,0.07081900002958719,74,1409,1409,0,0
40,dnf,PACER-A-SQL,9000,798,1.0,1,none,1.1490510000840004,389,4800,4800,0,0
40,dnf,PACER-X-SQL,9000,798,1.0,1,none,2.0543929999803368,798,8921,8921,1,0
41,semijoin,ExactSQL,9000,258,1.0,1,none,0.05217199986873311,258,9000,9000,1,0
41,semijoin,PostFilter-SQL,9000,258,0.7,0,ranking_truncation,0.04626900022230984,37,1224,1224,0,0
41,semijoin,PACER-A-SQL,9000,258,1.0,1,none,1.1899399999037996,144,4800,4800,0,0
41,semijoin,PACER-X-SQL,9000,258,1.0,1,none,1.7971780000607396,258,8461,8461,1,0
42,antijoin,ExactSQL,9000,2323,1.0,1,none,0.18137000006390736,2323,9000,9000,1,0
42,antijoin,PostFilter-SQL,9000,2323,0.8,0,ranking_truncation,0.07250900011968042,316,1177,1177,0,0
42,antijoin,PACER-A-SQL,9000,2323,0.9,0,ranking_truncation,1.2777140000252984,1295,4800,4800,0,0
42,antijoin,PACER-X-SQL,9000,2323,1.0,1,none,2.2302510001281917,2323,9000,9000,1,0
43,mixed,ExactSQL,9000,2020,1.0,1,none,0.1897709998956998,2020,9000,9000,1,0
43,mixed,PostFilter-SQL,9000,2020,0.9,0,ranking_truncation,0.06612400011363206,233,1031,1031,0,0
43,mixed,PACER-A-SQL,9000,2020,1.0,1,none,1.2574590000440367,1014,4800,4800,0,0
43,mixed,PACER-X-SQL,9000,2020,1.0,1,none,2.1762829999261157,2020,9000,9000,1,0
44,dnf,ExactSQL,9000,559,1.0,1,none,0.06938100000297709,559,9000,9000,1,0
44,dnf,PostFilter-SQL,9000,559,0.4,0,ranking_truncation,0.0817659999938769,82,1175,1175,0,0
44,dnf,PACER-A-SQL,9000,559,1.0,1,none,1.1878000000251632,278,4800,4800,0,0
44,dnf,PACER-X-SQL,9000,559,1.0,1,none,2.044590000195967,559,9000,9000,1,0
45,semijoin,ExactSQL,9000,223,1.0,1,none,0.06580000012945675,223,9000,9000,1,0
45,semijoin,PostFilter-SQL,9000,223,0.4,0,ranking_truncation,0.042803000042113126,19,1211,1211,0,0
45,semijoin,PACER-A-SQL,9000,223,1.0,1,none,1.1607470000853937,134,4800,4800,0,0
45,semijoin,PACER-X-SQL,9000,223,1.0,1,none,1.7377529998157115,223,8034,8034,1,0
46,antijoin,ExactSQL,9000,2408,1.0,1,none,0.16826299997774186,2408,9000,9000,1,0
46,antijoin,PostFilter-SQL,9000,2408,0.9,0,ranking_truncation,0.06955300000299758,290,1239,1239,0,0
46,antijoin,PACER-A-SQL,9000,2408,1.0,1,none,1.339847000053851,1117,4800,4800,0,0
46,antijoin,PACER-X-SQL,9000,2408,1.0,1,none,2.1898180000334833,2408,9000,9000,1,0
47,mixed,ExactSQL,9000,1894,1.0,1,none,0.2060189999610884,1894,9000,9000,1,0
47,mixed,PostFilter-SQL,9000,1894,0.8,0,ranking_truncation,0.10252800007037877,218,1000,1000,0,0
47,mixed,PACER-A-SQL,9000,1894,0.9,0,ranking_truncation,1.3097399998969195,1024,4800,4800,0,0
47,mixed,PACER-X-SQL,9000,1894,1.0,1,none,2.2031230000720825,1894,9000,9000,1,0
48,dnf,ExactSQL,9000,424,1.0,1,none,0.0455230001534801,424,9000,9000,1,0
48,dnf,PostFilter-SQL,9000,424,0.9,0,ranking_truncation,0.04831399996874097,83,1400,1400,0,0
48,dnf,PACER-A-SQL,9000,424,1.0,1,none,1.1619860001701454,281,4800,4800,0,0
48,dnf,PACER-X-SQL,9000,424,1.0,1,none,1.8317349999961152,424,8671,8671,1,0
49,semijoin,ExactSQL,9000,279,1.0,1,none,0.04156100021646125,279,9000,9000,1,0
49,semijoin,PostFilter-SQL,9000,279,0.7,0,ranking_truncation,0.053916000069875736,26,1041,1041,0,0
49,semijoin,PACER-A-SQL,9000,279,0.9,0,ranking_truncation,1.195579000068392,125,4800,4800,0,0
49,semijoin,PACER-X-SQL,9000,279,1.0,1,none,1.7920089999279298,279,8739,8739,1,0
50,antijoin,ExactSQL,9000,2271,1.0,1,none,0.2552640000885731,2271,9000,9000,1,0
50,antijoin,PostFilter-SQL,9000,2271,1.0,1,none,0.06919300017216301,274,1084,1084,0,0
50,antijoin,PACER-A-SQL,9000,2271,1.0,1,none,1.3297840000632277,1223,4800,4800,0,0
50,antijoin,PACER-X-SQL,9000,2271,1.0,1,none,2.2227719998682005,2271,9000,9000,1,0
51,mixed,ExactSQL,9000,1826,1.0,1,none,0.18214900001112255,1826,9000,9000,1,0
51,mixed,PostFilter-SQL,9000,1826,0.7,0,ranking_truncation,0.10111400001733273,281,1158,1158,0,0
51,mixed,PACER-A-SQL,9000,1826,0.9,0,ranking_truncation,1.300134000075559,981,4800,4800,0,0
51,mixed,PACER-X-SQL,9000,1826,1.0,1,none,2.6106570001047658,1826,9000,9000,1,0
52,dnf,ExactSQL,9000,784,1.0,1,none,0.06767099989701819,784,9000,9000,1,0
52,dnf,PostFilter-SQL,9000,784,0.2,0,ranking_truncation,0.059454000165715115,102,1078,1078,0,0
52,dnf,PACER-A-SQL,9000,784,1.0,1,none,1.519070000085776,432,4800,4800,0,0
52,dnf,PACER-X-SQL,9000,784,1.0,1,none,2.3475579998830653,784,9000,9000,1,0
53,semijoin,ExactSQL,9000,256,1.0,1,none,0.05758399993283092,256,9000,9000,1,0
53,semijoin,PostFilter-SQL,9000,256,0.4,0,ranking_truncation,0.04528099998424295,34,1069,1069,0,0
53,semijoin,PACER-A-SQL,9000,256,0.8,0,ranking_truncation,1.1168749999797,134,4800,4800,0,0
53,semijoin,PACER-X-SQL,9000,256,1.0,1,none,1.7680799999197916,256,8328,8328,1,0
54,antijoin,ExactSQL,9000,2331,1.0,1,none,0.17219400001522445,2331,9000,9000,1,0
54,antijoin,PostFilter-SQL,9000,2331,0.7,0,ranking_truncation,0.06978999999773805,298,1103,1103,0,0
54,antijoin,PACER-A-SQL,9000,2331,1.0,1,none,1.301264999938212,1267,4800,4800,0,0
54,antijoin,PACER-X-SQL,9000,2331,1.0,1,none,2.1488490001502214,2331,9000,9000,1,0
55,mixed,ExactSQL,9000,1839,1.0,1,none,0.13174200012144865,1839,9000,9000,1,0
55,mixed,PostFilter-SQL,9000,1839,0.8,0,ranking_truncation,0.09450099992136529,230,1226,1226,0,0
55,mixed,PACER-A-SQL,9000,1839,0.9,0,ranking_truncation,1.2349039998298394,850,4800,4800,0,0
55,mixed,PACER-X-SQL,9000,1839,1.0,1,none,2.122823000036078,1839,9000,9000,1,0
56,dnf,ExactSQL,9000,584,1.0,1,none,0.05513900009646022,584,9000,9000,1,0
56,dnf,PostFilter-SQL,9000,584,0.5,0,ranking_truncation,0.0453669999842532,53,1053,1053,0,0
56,dnf,PACER-A-SQL,9000,584,0.9,0,ranking_truncation,1.1606010000377864,302,4800,4800,0,0
56,dnf,PACER-X-SQL,9000,584,1.0,1,none,2.094001999921602,584,8948,8948,1,0
57,semijoin,ExactSQL,9000,248,1.0,1,none,0.040549000004830305,248,9000,9000,1,0
57,semijoin,PostFilter-SQL,9000,248,0.6,0,ranking_truncation,0.045028999920759816,52,1264,1264,0,0
57,semijoin,PACER-A-SQL,9000,248,0.9,0,ranking_truncation,1.0984279999775026,147,4800,4800,0,0
57,semijoin,PACER-X-SQL,9000,248,1.0,1,none,1.9537519999630604,248,8543,8543,1,0
58,antijoin,ExactSQL,9000,2244,1.0,1,none,0.17784099986783986,2244,9000,9000,1,0
58,antijoin,PostFilter-SQL,9000,2244,0.8,0,ranking_truncation,0.07041799995022302,269,1126,1126,0,0
58,antijoin,PACER-A-SQL,9000,2244,0.9,0,ranking_truncation,1.218344000108118,1168,4800,4800,0,0
58,antijoin,PACER-X-SQL,9000,2244,1.0,1,none,2.1408180000435095,2244,9000,9000,1,0
59,mixed,ExactSQL,9000,1789,1.0,1,none,0.12301499987188436,1789,9000,9000,1,0
59,mixed,PostFilter-SQL,9000,1789,1.0,1,none,0.07113500009836571,347,1332,1332,0,0
59,mixed,PACER-A-SQL,9000,1789,1.0,1,none,1.2719049998395349,1023,4800,4800,0,0
59,mixed,PACER-X-SQL,9000,1789,1.0,1,none,2.1397289999640634,1789,9000,9000,1,0
60,dnf,ExactSQL,9000,771,1.0,1,none,0.06347700013975555,771,9000,9000,1,0
60,dnf,PostFilter-SQL,9000,771,0.7,0,ranking_truncation,0.04914400005873176,111,847,847,0,0
60,dnf,PACER-A-SQL,9000,771,0.9,0,ranking_truncation,1.2930909999795404,398,4800,4800,0,0
60,dnf,PACER-X-SQL,9000,771,1.0,1,none,1.9921670000258018,771,8963,8963,1,0
61,semijoin,ExactSQL,9000,245,1.0,1,none,0.04088699984095001,245,9000,9000,1,0
61,semijoin,PostFilter-SQL,9000,245,0.6,0,ranking_truncation,0.04108899997845583,24,757,757,0,0
61,semijoin,PACER-A-SQL,9000,245,1.0,1,none,1.0951770000247052,151,4800,4800,0,0
61,semijoin,PACER-X-SQL,9000,245,1.0,1,none,1.798880000023928,245,8483,8483,1,0
62,antijoin,ExactSQL,9000,2363,1.0,1,none,0.17140599993581418,2363,9000,9000,1,0
62,antijoin,PostFilter-SQL,9000,2363,0.7,0,ranking_truncation,0.07321799989767896,361,1320,1320,0,0
62,antijoin,PACER-A-SQL,9000,2363,1.0,1,none,1.273291999950743,1283,4800,4800,0,0
62,antijoin,PACER-X-SQL,9000,2363,1.0,1,none,2.3602569999638945,2363,9000,9000,1,0
63,mixed,ExactSQL,9000,3109,1.0,1,none,0.21522099996218458,3109,9000,9000,1,0
63,mixed,PostFilter-SQL,9000,3109,0.7,0,ranking_truncation,0.07972799994604429,447,1213,1213,0,0
63,mixed,PACER-A-SQL,9000,3109,1.0,1,none,1.2131270000281802,1720,4800,4800,0,0
63,mixed,PACER-X-SQL,9000,3109,1.0,1,none,2.2075819999827218,3109,9000,9000,1,0
64,dnf,ExactSQL,9000,297,1.0,1,none,0.04088500008947449,297,9000,9000,1,0
64,dnf,PostFilter-SQL,9000,297,0.6,0,ranking_truncation,0.041667000004963484,37,1013,1013,0,0
64,dnf,PACER-A-SQL,9000,297,0.9,0,ranking_truncation,1.08744499993918,139,4800,4800,0,0
64,dnf,PACER-X-SQL,9000,297,1.0,1,none,1.8311300000277697,297,8473,8473,1,0
65,semijoin,ExactSQL,9000,234,1.0,1,none,0.03936399980375427,234,9000,9000,1,0
65,semijoin,PostFilter-SQL,9000,234,0.2,0,ranking_truncation,0.04099400007362419,17,1115,1115,0,0
65,semijoin,PACER-A-SQL,9000,234,1.0,1,none,1.5668030000597355,119,4800,4800,0,0
65,semijoin,PACER-X-SQL,9000,234,1.0,1,none,1.8352849999700993,234,7925,7925,1,0
66,antijoin,ExactSQL,9000,2471,1.0,1,none,0.16710700015210023,2471,9000,9000,1,0
66,antijoin,PostFilter-SQL,9000,2471,0.9,0,ranking_truncation,0.08857900002112729,301,1222,1222,0,0
66,antijoin,PACER-A-SQL,9000,2471,1.0,1,none,1.201567999942199,1335,4800,4800,0,0
66,antijoin,PACER-X-SQL,9000,2471,1.0,1,none,2.165655999988303,2471,9000,9000,1,0
67,mixed,ExactSQL,9000,1867,1.0,1,none,0.1276860000416491,1867,9000,9000,1,0
67,mixed,PostFilter-SQL,9000,1867,0.7,0,ranking_truncation,0.06159400004435156,249,1150,1150,0,0
67,mixed,PACER-A-SQL,9000,1867,0.8,0,ranking_truncation,1.200004999873272,939,4800,4800,0,0
67,mixed,PACER-X-SQL,9000,1867,1.0,1,none,2.1395989999746234,1867,9000,9000,1,0
68,dnf,ExactSQL,9000,333,1.0,1,none,0.04186699993624643,333,9000,9000,1,0
68,dnf,PostFilter-SQL,9000,333,0.6,0,ranking_truncation,0.0666159999127558,53,1065,1065,0,0
68,dnf,PACER-A-SQL,9000,333,0.8,0,ranking_truncation,1.1700739999014331,206,4800,4800,0,0
68,dnf,PACER-X-SQL,9000,333,1.0,1,none,1.8030520000138495,333,8372,8372,1,0
69,semijoin,ExactSQL,9000,236,1.0,1,none,0.046442999973805854,236,9000,9000,1,0
69,semijoin,PostFilter-SQL,9000,236,0.7,0,ranking_truncation,0.04644600016945333,30,1216,1216,0,0
69,semijoin,PACER-A-SQL,9000,236,1.0,1,none,1.0885649999181624,137,4800,4800,0,0
69,semijoin,PACER-X-SQL,9000,236,1.0,1,none,1.7781019998892589,236,8086,8086,1,0
70,antijoin,ExactSQL,9000,2188,1.0,1,none,0.16841899991959508,2188,9000,9000,1,0
70,antijoin,PostFilter-SQL,9000,2188,0.8,0,ranking_truncation,0.06987299980210082,277,1053,1053,0,0
70,antijoin,PACER-A-SQL,9000,2188,1.0,1,none,1.2851989999944635,1230,4800,4800,0,0
70,antijoin,PACER-X-SQL,9000,2188,1.0,1,none,2.1806780000588333,2188,9000,9000,1,0
71,mixed,ExactSQL,9000,1898,1.0,1,none,0.17008200006785046,1898,9000,9000,1,0
71,mixed,PostFilter-SQL,9000,1898,0.8,0,ranking_truncation,0.09649699995861738,227,932,932,0,0
71,mixed,PACER-A-SQL,9000,1898,1.0,1,none,1.2843419999626349,992,4800,4800,0,0
71,mixed,PACER-X-SQL,9000,1898,1.0,1,none,2.1963409999443684,1898,9000,9000,1,0
72,dnf,ExactSQL,9000,193,1.0,1,none,0.03739599992513831,193,9000,9000,1,0
72,dnf,PostFilter-SQL,9000,193,0.6,0,ranking_truncation,0.0704150002093229,29,997,997,0,0
72,dnf,PACER-A-SQL,9000,193,1.0,1,none,1.0371020000548015,119,4800,4800,0,0
72,dnf,PACER-X-SQL,9000,193,1.0,1,none,1.661989000012909,193,7911,7911,1,0
73,semijoin,ExactSQL,9000,261,1.0,1,none,0.04122499990444339,261,9000,9000,1,0
73,semijoin,PostFilter-SQL,9000,261,0.3,0,ranking_truncation,0.04309500013732759,22,1133,1133,0,0
73,semijoin,PACER-A-SQL,9000,261,1.0,1,none,1.0561259998667083,142,4800,4800,0,0
73,semijoin,PACER-X-SQL,9000,261,1.0,1,none,1.6591319999861298,261,8485,8485,1,0
74,antijoin,ExactSQL,9000,2419,1.0,1,none,0.16258899995591491,2419,9000,9000,1,0
74,antijoin,PostFilter-SQL,9000,2419,1.0,1,none,0.0672209998811013,225,877,877,0,0
74,antijoin,PACER-A-SQL,9000,2419,1.0,1,none,1.2583610000547196,1231,4800,4800,0,0
74,antijoin,PACER-X-SQL,9000,2419,1.0,1,none,2.186521000112407,2419,9000,9000,1,0
75,mixed,ExactSQL,9000,1881,1.0,1,none,0.13524500013772922,1881,9000,9000,1,0
75,mixed,PostFilter-SQL,9000,1881,1.0,1,none,0.10404299996480404,317,1183,1183,0,0
75,mixed,PACER-A-SQL,9000,1881,1.0,1,none,1.1900409999725525,999,4800,4800,0,0
75,mixed,PACER-X-SQL,9000,1881,1.0,1,none,2.1032500001183507,1881,9000,9000,1,0
76,dnf,ExactSQL,9000,763,1.0,1,none,0.06220800014489214,763,9000,9000,1,0
76,dnf,PostFilter-SQL,9000,763,0.6,0,ranking_truncation,0.04843200008508575,120,1059,1059,0,0
76,dnf,PACER-A-SQL,9000,763,0.9,0,ranking_truncation,1.1392259998501686,445,4800,4800,0,0
76,dnf,PACER-X-SQL,9000,763,1.0,1,none,2.1027969999067864,763,8967,8967,1,0
77,semijoin,ExactSQL,9000,245,1.0,1,none,0.04004599986728863,245,9000,9000,1,0
77,semijoin,PostFilter-SQL,9000,245,0.5,0,ranking_truncation,0.058536999858915806,30,1128,1128,0,0
77,semijoin,PACER-A-SQL,9000,245,1.0,1,none,1.1182279999957245,141,4800,4800,0,0
77,semijoin,PACER-X-SQL,9000,245,1.0,1,none,2.041456000142716,245,8798,8798,1,0
78,antijoin,ExactSQL,9000,2198,1.0,1,none,0.16682199998285796,2198,9000,9000,1,0
78,antijoin,PostFilter-SQL,9000,2198,0.8,0,ranking_truncation,0.07565100008832815,257,975,975,0,0
78,antijoin,PACER-A-SQL,9000,2198,1.0,1,none,1.6458220000004076,1135,4800,4800,0,0
78,antijoin,PACER-X-SQL,9000,2198,1.0,1,none,3.1117949999952543,2198,9000,9000,1,0
79,mixed,ExactSQL,9000,2922,1.0,1,none,0.3012350000517472,2922,9000,9000,1,0
79,mixed,PostFilter-SQL,9000,2922,0.5,0,ranking_truncation,0.13281399992592924,375,1084,1084,0,0
79,mixed,PACER-A-SQL,9000,2922,1.0,1,none,1.8410979998861876,1584,4800,4800,0,0
79,mixed,PACER-X-SQL,9000,2922,1.0,1,none,3.202112000053603,2922,9000,9000,1,0
80,dnf,ExactSQL,9000,783,1.0,1,none,0.07647400002497307,783,9000,9000,1,0
80,dnf,PostFilter-SQL,9000,783,0.6,0,ranking_truncation,0.0512240001171449,56,924,924,0,0
80,dnf,PACER-A-SQL,9000,783,0.9,0,ranking_truncation,1.384790999964025,434,4800,4800,0,0
80,dnf,PACER-X-SQL,9000,783,1.0,1,none,2.6196679998520267,783,9000,9000,1,0
81,semijoin,ExactSQL,9000,265,1.0,1,none,0.06435800014514825,265,9000,9000,1,0
81,semijoin,PostFilter-SQL,9000,265,0.5,0,ranking_truncation,0.09376299999530602,31,1092,1092,0,0
81,semijoin,PACER-A-SQL,9000,265,1.0,1,none,1.1103990000265185,145,4800,4800,0,0
81,semijoin,PACER-X-SQL,9000,265,1.0,1,none,1.8448719999923924,265,8802,8802,1,0
82,antijoin,ExactSQL,9000,2313,1.0,1,none,0.1931379999859928,2313,9000,9000,1,0
82,antijoin,PostFilter-SQL,9000,2313,0.7,0,ranking_truncation,0.07400000004054164,307,1206,1206,0,0
82,antijoin,PACER-A-SQL,9000,2313,0.8,0,ranking_truncation,1.2884099999155296,1198,4800,4800,0,0
82,antijoin,PACER-X-SQL,9000,2313,1.0,1,none,2.143022999916866,2313,9000,9000,1,0
83,mixed,ExactSQL,9000,1941,1.0,1,none,0.14988700013418566,1941,9000,9000,1,0
83,mixed,PostFilter-SQL,9000,1941,0.7,0,ranking_truncation,0.0695999999607011,288,1302,1302,0,0
83,mixed,PACER-A-SQL,9000,1941,1.0,1,none,1.2749810000514117,1106,4800,4800,0,0
83,mixed,PACER-X-SQL,9000,1941,1.0,1,none,2.1119030000136263,1941,9000,9000,1,0
84,dnf,ExactSQL,9000,412,1.0,1,none,0.04748600008497306,412,9000,9000,1,0
84,dnf,PostFilter-SQL,9000,412,0.7,0,ranking_truncation,0.07033300016701105,45,788,788,0,0
84,dnf,PACER-A-SQL,9000,412,1.0,1,none,1.1621989999639482,262,4800,4800,0,0
84,dnf,PACER-X-SQL,9000,412,1.0,1,none,1.8827619999228773,412,8313,8313,1,0
85,semijoin,ExactSQL,9000,260,1.0,1,none,0.040821000084179104,260,9000,9000,1,0
85,semijoin,PostFilter-SQL,9000,260,0.4,0,ranking_truncation,0.04213600004732143,26,1228,1228,0,0
85,semijoin,PACER-A-SQL,9000,260,1.0,1,none,1.078937999864138,161,4800,4800,0,0
85,semijoin,PACER-X-SQL,9000,260,1.0,1,none,1.9118960001378582,260,8410,8410,1,0
86,antijoin,ExactSQL,9000,2178,1.0,1,none,0.1695630000995152,2178,9000,9000,1,0
86,antijoin,PostFilter-SQL,9000,2178,0.7,0,ranking_truncation,0.10928200003945676,269,1133,1133,0,0
86,antijoin,PACER-A-SQL,9000,2178,1.0,1,none,1.3494250001713226,1236,4800,4800,0,0
86,antijoin,PACER-X-SQL,9000,2178,1.0,1,none,2.147828000033769,2178,9000,9000,1,0
87,mixed,ExactSQL,9000,1830,1.0,1,none,0.12834199992539652,1830,9000,9000,1,0
87,mixed,PostFilter-SQL,9000,1830,1.0,1,none,0.0637900000128866,255,1007,1007,0,0
87,mixed,PACER-A-SQL,9000,1830,1.0,1,none,1.3143930000296677,1008,4800,4800,0,0
87,mixed,PACER-X-SQL,9000,1830,1.0,1,none,2.160135000167429,1830,9000,9000,1,0
88,dnf,ExactSQL,9000,286,1.0,1,none,0.059766000049421564,286,9000,9000,1,0
88,dnf,PostFilter-SQL,9000,286,0.5,0,ranking_truncation,0.061408999954437604,51,1342,1342,0,0
88,dnf,PACER-A-SQL,9000,286,0.9,0,ranking_truncation,1.2754240001413564,159,4800,4800,0,0
88,dnf,PACER-X-SQL,9000,286,1.0,1,none,1.7745410000316042,286,7948,7948,1,0
89,semijoin,ExactSQL,9000,260,1.0,1,none,0.042797999867616454,260,9000,9000,1,0
89,semijoin,PostFilter-SQL,9000,260,0.6,0,ranking_truncation,0.042143999962718226,28,995,995,0,0
89,semijoin,PACER-A-SQL,9000,260,0.9,0,ranking_truncation,1.1045379999359284,152,4800,4800,0,0
89,semijoin,PACER-X-SQL,9000,260,1.0,1,none,1.8503500000406348,260,8642,8642,1,0
90,antijoin,ExactSQL,9000,2308,1.0,1,none,0.1594969999132445,2308,9000,9000,1,0
90,antijoin,PostFilter-SQL,9000,2308,0.8,0,ranking_truncation,0.06680900014544022,276,1182,1182,0,0
90,antijoin,PACER-A-SQL,9000,2308,1.0,1,none,1.239327999883244,1251,4800,4800,0,0
90,antijoin,PACER-X-SQL,9000,2308,1.0,1,none,2.2398150001663453,2308,9000,9000,1,0
91,mixed,ExactSQL,9000,1693,1.0,1,none,0.12055499996677099,1693,9000,9000,1,0
91,mixed,PostFilter-SQL,9000,1693,0.8,0,ranking_truncation,0.061029000107737374,227,1251,1251,0,0
91,mixed,PACER-A-SQL,9000,1693,1.0,1,none,1.210065999885046,832,4800,4800,0,0
91,mixed,PACER-X-SQL,9000,1693,1.0,1,none,2.115855000056399,1693,9000,9000,1,0
92,dnf,ExactSQL,9000,362,1.0,1,none,0.04403000002639601,362,9000,9000,1,0
92,dnf,PostFilter-SQL,9000,362,0.6,0,ranking_truncation,0.042487999962759204,52,809,809,0,0
92,dnf,PACER-A-SQL,9000,362,1.0,1,none,1.2539140000171756,196,4800,4800,0,0
92,dnf,PACER-X-SQL,9000,362,1.0,1,none,1.877451999916957,362,8620,8620,1,0
93,semijoin,ExactSQL,9000,239,1.0,1,none,0.04597099996317411,239,9000,9000,1,0
93,semijoin,PostFilter-SQL,9000,239,0.4,0,ranking_truncation,0.044744999968315824,27,1136,1136,0,0
93,semijoin,PACER-A-SQL,9000,239,1.0,1,none,1.132627000060893,137,4800,4800,0,0
93,semijoin,PACER-X-SQL,9000,239,1.0,1,none,1.6904950000480312,239,8285,8285,1,0
94,antijoin,ExactSQL,9000,2302,1.0,1,none,0.1960600000074919,2302,9000,9000,1,0
94,antijoin,PostFilter-SQL,9000,2302,1.0,1,none,0.0708739999026875,340,1263,1263,0,0
94,antijoin,PACER-A-SQL,9000,2302,1.0,1,none,1.3280440000471572,1215,4800,4800,0,0
94,antijoin,PACER-X-SQL,9000,2302,1.0,1,none,2.2643720001269685,2302,9000,9000,1,0
95,mixed,ExactSQL,9000,1882,1.0,1,none,0.16179899989765545,1882,9000,9000,1,0
95,mixed,PostFilter-SQL,9000,1882,0.7,0,ranking_truncation,0.06864300007691782,248,1124,1124,0,0
95,mixed,PACER-A-SQL,9000,1882,1.0,1,none,1.218144999938886,957,4800,4800,0,0
95,mixed,PACER-X-SQL,9000,1882,1.0,1,none,2.1648970000569534,1882,9000,9000,1,0
96,dnf,ExactSQL,9000,898,1.0,1,none,0.07150400006139535,898,9000,9000,1,0
96,dnf,PostFilter-SQL,9000,898,0.6,0,ranking_truncation,0.04907800007458718,81,1030,1030,0,0
96,dnf,PACER-A-SQL,9000,898,0.9,0,ranking_truncation,1.1539749998519255,490,4800,4800,0,0
96,dnf,PACER-X-SQL,9000,898,1.0,1,none,2.0155050001449126,898,8967,8967,1,0
97,semijoin,ExactSQL,9000,196,1.0,1,none,0.038485999994009035,196,9000,9000,1,0
97,semijoin,PostFilter-SQL,9000,196,0.8,0,ranking_truncation,0.04332100002102379,44,1253,1253,0,0
97,semijoin,PACER-A-SQL,9000,196,1.0,1,none,1.0992550000992196,125,4800,4800,0,0
97,semijoin,PACER-X-SQL,9000,196,1.0,1,none,1.7360550000375952,196,7533,7533,1,0
98,antijoin,ExactSQL,9000,2178,1.0,1,none,0.18601600004330976,2178,9000,9000,1,0
98,antijoin,PostFilter-SQL,9000,2178,0.6,0,ranking_truncation,0.06568899993908417,205,976,976,0,0
98,antijoin,PACER-A-SQL,9000,2178,1.0,1,none,1.2735210000300867,1081,4800,4800,0,0
98,antijoin,PACER-X-SQL,9000,2178,1.0,1,none,2.231532999985575,2178,9000,9000,1,0
99,mixed,ExactSQL,9000,1807,1.0,1,none,0.12253199997758202,1807,9000,9000,1,0
99,mixed,PostFilter-SQL,9000,1807,0.3,0,ranking_truncation,0.06619700002374884,274,1245,1245,0,0
99,mixed,PACER-A-SQL,9000,1807,1.0,1,none,1.2948940000114817,963,4800,4800,0,0
99,mixed,PACER-X-SQL,9000,1807,1.0,1,none,2.188948000139135,1807,9000,9000,1,0
100,dnf,ExactSQL,9000,596,1.0,1,none,0.10548900013418461,596,9000,9000,1,0
100,dnf,PostFilter-SQL,9000,596,0.7,0,ranking_truncation,0.05467899995892367,116,1229,1229,0,0
100,dnf,PACER-A-SQL,9000,596,1.0,1,none,1.2175740000657242,330,4800,4800,0,0
100,dnf,PACER-X-SQL,9000,596,1.0,1,none,1.9180980000328418,596,8781,8781,1,0
101,semijoin,ExactSQL,9000,270,1.0,1,none,0.04163500011600263,270,9000,9000,1,0
101,semijoin,PostFilter-SQL,9000,270,0.3,0,ranking_truncation,0.04107100016881304,31,903,903,0,0
101,semijoin,PACER-A-SQL,9000,270,0.8,0,ranking_truncation,1.1179680000168446,163,4800,4800,0,0
101,semijoin,PACER-X-SQL,9000,270,1.0,1,none,1.987159000009342,270,8724,8724,1,0
102,antijoin,ExactSQL,9000,2186,1.0,1,none,0.1749919999838312,2186,9000,9000,1,0
102,antijoin,PostFilter-SQL,9000,2186,0.6,0,ranking_truncation,0.06996600018283061,294,1248,1248,0,0
102,antijoin,PACER-A-SQL,9000,2186,0.9,0,ranking_truncation,1.4397059999282646,1258,4800,4800,0,0
102,antijoin,PACER-X-SQL,9000,2186,1.0,1,none,2.2786160000123346,2186,9000,9000,1,0
103,mixed,ExactSQL,9000,1905,1.0,1,none,0.14095000005909242,1905,9000,9000,1,0
103,mixed,PostFilter-SQL,9000,1905,0.8,0,ranking_truncation,0.06868100012979994,280,1160,1160,0,0
103,mixed,PACER-A-SQL,9000,1905,1.0,1,none,1.657137999927727,943,4800,4800,0,0
103,mixed,PACER-X-SQL,9000,1905,1.0,1,none,2.2329359999275766,1905,9000,9000,1,0
104,dnf,ExactSQL,9000,765,1.0,1,none,0.07561799998256902,765,9000,9000,1,0
104,dnf,PostFilter-SQL,9000,765,0.6,0,ranking_truncation,0.05544900000131747,129,1021,1021,0,0
104,dnf,PACER-A-SQL,9000,765,1.0,1,none,1.2645540000448818,442,4800,4800,0,0
104,dnf,PACER-X-SQL,9000,765,1.0,1,none,2.163715000051525,765,8948,8948,1,0
105,semijoin,ExactSQL,9000,235,1.0,1,none,0.040092000062941224,235,9000,9000,1,0
105,semijoin,PostFilter-SQL,9000,235,0.4,0,ranking_truncation,0.04357700004220533,35,1181,1181,0,0
105,semijoin,PACER-A-SQL,9000,235,0.9,0,ranking_truncation,1.1240860001180408,144,4800,4800,0,0
105,semijoin,PACER-X-SQL,9000,235,1.0,1,none,1.750463000007585,235,7792,7792,1,0
106,antijoin,ExactSQL,9000,2140,1.0,1,none,0.19868100002895517,2140,9000,9000,1,0
106,antijoin,PostFilter-SQL,9000,2140,0.9,0,ranking_truncation,0.06994000000304368,278,1132,1132,0,0
106,antijoin,PACER-A-SQL,9000,2140,1.0,1,none,1.411943999983123,1232,4800,4800,0,0
106,antijoin,PACER-X-SQL,9000,2140,1.0,1,none,2.156727999818031,2140,9000,9000,1,0
107,mixed,ExactSQL,9000,1886,1.0,1,none,0.13591099991572264,1886,9000,9000,1,0
107,mixed,PostFilter-SQL,9000,1886,0.8,0,ranking_truncation,0.05807000002278073,185,892,892,0,0
107,mixed,PACER-A-SQL,9000,1886,1.0,1,none,1.3193999998293293,957,4800,4800,0,0
107,mixed,PACER-X-SQL,9000,1886,1.0,1,none,2.2339600000123028,1886,9000,9000,1,0
108,dnf,ExactSQL,9000,613,1.0,1,none,0.054306000038195634,613,9000,9000,1,0
108,dnf,PostFilter-SQL,9000,613,0.8,0,ranking_truncation,0.06982900004004478,83,1197,1197,0,0
108,dnf,PACER-A-SQL,9000,613,0.9,0,ranking_truncation,1.076582999985476,312,4800,4800,0,0
108,dnf,PACER-X-SQL,9000,613,1.0,1,none,2.0483440000589326,613,8963,8963,1,0
109,semijoin,ExactSQL,9000,285,1.0,1,none,0.044640999931289116,285,9000,9000,1,0
109,semijoin,PostFilter-SQL,9000,285,0.8,0,ranking_truncation,0.04440200018507312,59,1034,1034,0,0
109,semijoin,PACER-A-SQL,9000,285,1.0,1,none,1.2786500001311651,183,4800,4800,0,0
109,semijoin,PACER-X-SQL,9000,285,1.0,1,none,2.0749889999933657,285,8374,8374,1,0
110,antijoin,ExactSQL,9000,2569,1.0,1,none,0.18208599999525177,2569,9000,9000,1,0
110,antijoin,PostFilter-SQL,9000,2569,0.5,0,ranking_truncation,0.06558499990205746,249,1009,1009,0,0
110,antijoin,PACER-A-SQL,9000,2569,0.9,0,ranking_truncation,1.2084489999324433,1284,4800,4800,0,0
110,antijoin,PACER-X-SQL,9000,2569,1.0,1,none,2.2109099998033344,2569,9000,9000,1,0
111,mixed,ExactSQL,9000,1781,1.0,1,none,0.141463999852931,1781,9000,9000,1,0
111,mixed,PostFilter-SQL,9000,1781,0.7,0,ranking_truncation,0.06289699990702502,202,1257,1257,0,0
111,mixed,PACER-A-SQL,9000,1781,1.0,1,none,1.2580300001445721,916,4800,4800,0,0
111,mixed,PACER-X-SQL,9000,1781,1.0,1,none,2.653017000056934,1781,9000,9000,1,0
112,dnf,ExactSQL,9000,665,1.0,1,none,0.06878799990772677,665,9000,9000,1,0
112,dnf,PostFilter-SQL,9000,665,0.5,0,ranking_truncation,0.0492389999635634,80,1195,1195,0,0
112,dnf,PACER-A-SQL,9000,665,1.0,1,none,1.24953599993205,381,4800,4800,0,0
112,dnf,PACER-X-SQL,9000,665,1.0,1,none,2.0521859999007575,665,9000,9000,1,0
113,semijoin,ExactSQL,9000,247,1.0,1,none,0.040338000189876766,247,9000,9000,1,0
113,semijoin,PostFilter-SQL,9000,247,0.7,0,ranking_truncation,0.06408800004464865,50,1132,1132,0,0
113,semijoin,PACER-A-SQL,9000,247,1.0,1,none,1.0920950001036545,157,4800,4800,0,0
113,semijoin,PACER-X-SQL,9000,247,1.0,1,none,1.8059249998714222,247,8504,8504,1,0
114,antijoin,ExactSQL,9000,2329,1.0,1,none,0.16953399995145446,2329,9000,9000,1,0
114,antijoin,PostFilter-SQL,9000,2329,0.5,0,ranking_truncation,0.06261299995458103,276,1114,1114,0,0
114,antijoin,PACER-A-SQL,9000,2329,1.0,1,none,1.2755560001096455,1206,4800,4800,0,0
114,antijoin,PACER-X-SQL,9000,2329,1.0,1,none,2.1847160001016164,2329,9000,9000,1,0
115,mixed,ExactSQL,9000,1834,1.0,1,none,0.12915799993606925,1834,9000,9000,1,0
115,mixed,PostFilter-SQL,9000,1834,0.6,0,ranking_truncation,0.05844299994350877,204,896,896,0,0
115,mixed,PACER-A-SQL,9000,1834,1.0,1,none,1.323991000163005,851,4800,4800,0,0
115,mixed,PACER-X-SQL,9000,1834,1.0,1,none,2.1549949999553064,1834,9000,9000,1,0
116,dnf,ExactSQL,9000,328,1.0,1,none,0.045937000095364056,328,9000,9000,1,0
116,dnf,PostFilter-SQL,9000,328,0.3,0,ranking_truncation,0.04706599997916783,67,1156,1156,0,0
116,dnf,PACER-A-SQL,9000,328,0.8,0,ranking_truncation,1.4137979999304662,178,4800,4800,0,0
116,dnf,PACER-X-SQL,9000,328,1.0,1,none,2.0495979999850533,328,8626,8626,1,0
117,semijoin,ExactSQL,9000,223,1.0,1,none,0.07342599997173238,223,9000,9000,1,0
117,semijoin,PostFilter-SQL,9000,223,0.6,0,ranking_truncation,0.043023999978686334,18,1101,1101,0,0
117,semijoin,PACER-A-SQL,9000,223,0.9,0,ranking_truncation,1.063079999994443,130,4800,4800,0,0
117,semijoin,PACER-X-SQL,9000,223,1.0,1,none,1.7277619999731542,223,8534,8534,1,0
118,antijoin,ExactSQL,9000,2174,1.0,1,none,0.15974699999787845,2174,9000,9000,1,0
118,antijoin,PostFilter-SQL,9000,2174,0.5,0,ranking_truncation,0.06549399995492422,184,831,831,0,0
118,antijoin,PACER-A-SQL,9000,2174,1.0,1,none,1.2760080001044116,1151,4800,4800,0,0
118,antijoin,PACER-X-SQL,9000,2174,1.0,1,none,2.1199129998876742,2174,9000,9000,1,0
119,mixed,ExactSQL,9000,1931,1.0,1,none,0.13662399987879326,1931,9000,9000,1,0
119,mixed,PostFilter-SQL,9000,1931,0.7,0,ranking_truncation,0.06913899983373994,292,1237,1237,0,0
119,mixed,PACER-A-SQL,9000,1931,0.9,0,ranking_truncation,1.1750740000024962,995,4800,4800,0,0
119,mixed,PACER-X-SQL,9000,1931,1.0,1,none,2.1456429999489046,1931,9000,9000,1,0
120,dnf,ExactSQL,9000,668,1.0,1,none,0.06071600000723265,668,9000,9000,1,0
120,dnf,PostFilter-SQL,9000,668,1.0,1,none,0.05564200000662822,142,1142,1142,0,0
120,dnf,PACER-A-SQL,9000,668,1.0,1,none,1.2692709999555518,404,4800,4800,0,0
120,dnf,PACER-X-SQL,9000,668,1.0,1,none,2.3151159998633375,668,8852,8852,1,0
121,semijoin,ExactSQL,9000,248,1.0,1,none,0.06848799989711551,248,9000,9000,1,0
121,semijoin,PostFilter-SQL,9000,248,0.1,0,ranking_truncation,0.04882500002167944,29,1257,1257,0,0
121,semijoin,PACER-A-SQL,9000,248,1.0,1,none,1.2840909998885763,154,4800,4800,0,0
121,semijoin,PACER-X-SQL,9000,248,1.0,1,none,1.7612250001093344,248,8381,8381,1,0
122,antijoin,ExactSQL,9000,1979,1.0,1,none,0.14423300012822438,1979,9000,9000,1,0
122,antijoin,PostFilter-SQL,9000,1979,0.6,0,ranking_truncation,0.06225899983292038,214,1171,1171,0,0
122,antijoin,PACER-A-SQL,9000,1979,0.9,0,ranking_truncation,1.2421549999999115,1064,4800,4800,0,0
122,antijoin,PACER-X-SQL,9000,1979,1.0,1,none,1.9939339999837102,1979,9000,9000,1,0
123,mixed,ExactSQL,9000,1948,1.0,1,none,0.13972500005365873,1948,9000,9000,1,0
123,mixed,PostFilter-SQL,9000,1948,0.5,0,ranking_truncation,0.06394299998646602,274,1277,1277,0,0
123,mixed,PACER-A-SQL,9000,1948,0.9,0,ranking_truncation,1.3265289999253582,1116,4800,4800,0,0
123,mixed,PACER-X-SQL,9000,1948,1.0,1,none,2.466249000008247,1948,9000,9000,1,0
124,dnf,ExactSQL,9000,569,1.0,1,none,0.05631800013361499,569,9000,9000,1,0
124,dnf,PostFilter-SQL,9000,569,0.9,0,ranking_truncation,0.049781999905462726,83,1187,1187,0,0
124,dnf,PACER-A-SQL,9000,569,1.0,1,none,1.4637770000263117,301,4800,4800,0,0
124,dnf,PACER-X-SQL,9000,569,1.0,1,none,1.9835330001569673,569,8811,8811,1,0
125,semijoin,ExactSQL,9000,244,1.0,1,none,0.03930500020032923,244,9000,9000,1,0
125,semijoin,PostFilter-SQL,9000,244,0.5,0,ranking_truncation,0.04181899998911831,34,1002,1002,0,0
125,semijoin,PACER-A-SQL,9000,244,0.9,0,ranking_truncation,1.156044000026668,133,4800,4800,0,0
125,semijoin,PACER-X-SQL,9000,244,1.0,1,none,1.8553770000835357,244,8603,8603,1,0
126,antijoin,ExactSQL,9000,2188,1.0,1,none,0.28272800000195275,2188,9000,9000,1,0
126,antijoin,PostFilter-SQL,9000,2188,0.6,0,ranking_truncation,0.06315199993878196,194,1019,1019,0,0
126,antijoin,PACER-A-SQL,9000,2188,0.9,0,ranking_truncation,1.624443000082465,1196,4800,4800,0,0
126,antijoin,PACER-X-SQL,9000,2188,1.0,1,none,2.1795309999106394,2188,9000,9000,1,0
127,mixed,ExactSQL,9000,1780,1.0,1,none,0.1383179999265849,1780,9000,9000,1,0
127,mixed,PostFilter-SQL,9000,1780,0.6,0,ranking_truncation,0.058523000006971415,155,829,829,0,0
127,mixed,PACER-A-SQL,9000,1780,0.8,0,ranking_truncation,1.3068829998701403,840,4800,4800,0,0
127,mixed,PACER-X-SQL,9000,1780,1.0,1,none,2.2033160000773933,1780,9000,9000,1,0
