method,failure_mode,fraction
AdaptivePostFilter-IVF,none,0.6375
AdaptivePostFilter-IVF,candidate_starvation,0.2125
AdaptivePostFilter-IVF,ranking_truncation,0.15
BitmapSlice-Exact,none,1.0
BitmapSlice-Exact,candidate_starvation,0.0
BitmapSlice-Exact,ranking_truncation,0.0
ExactPrefix-PostFilter,none,0.6
ExactPrefix-PostFilter,candidate_starvation,0.4
ExactPrefix-PostFilter,ranking_truncation,0.0
ExactSecure,none,1.0
ExactSecure,candidate_starvation,0.0
ExactSecure,ranking_truncation,0.0
NaiveNoPolicy,none,0.0
NaiveNoPolicy,candidate_starvation,0.0
NaiveNoPolicy,ranking_truncation,1.0
PACER-A,none,0.925
PACER-A,candidate_starvation,0.0
PACER-A,ranking_truncation,0.075
PACER-A-NoBounds,none,0.9125
PACER-A-NoBounds,candidate_starvation,0.0
PACER-A-NoBounds,ranking_truncation,0.0875
PACER-A-NoSlices,none,0.2375
PACER-A-NoSlices,candidate_starvation,0.375
PACER-A-NoSlices,ranking_truncation,0.3875
PACER-C,none,1.0
PACER-C,candidate_starvation,0.0
PACER-C,ranking_truncation,0.0
PACER-X,none,1.0
PACER-X,candidate_starvation,0.0
PACER-X,ranking_truncation,0.0
PostFilter-IVF,none,0.225
PostFilter-IVF,candidate_starvation,0.3875
PostFilter-IVF,ranking_truncation,0.3875
PreFilter-Exact,none,1.0
PreFilter-Exact,candidate_starvation,0.0
PreFilter-Exact,ranking_truncation,0.0
PreFilter-IVF,none,0.6
PreFilter-IVF,candidate_starvation,0.0
PreFilter-IVF,ranking_truncation,0.4
ScalarOnly,none,0.1125
ScalarOnly,candidate_starvation,0.0
ScalarOnly,ranking_truncation,0.8875
StaleNoRecheck,none,0.15
StaleNoRecheck,candidate_starvation,0.3375
StaleNoRecheck,ranking_truncation,0.5125
TenantPartition-IVF,none,0.225
TenantPartition-IVF,candidate_starvation,0.3875
TenantPartition-IVF,ranking_truncation,0.3875
