query_id,regime,correlation,method,n,dim,k,allowed_count,selectivity,returned,recall_at_k,secure_topk_exact,failure_mode,policy_violations,deleted_violations,tenant_violations,explanation_valid,explanation_total,explanation_accuracy,latency_ms,raw_candidates,candidates,distance_evals,policy_checks,summary_checks,visited_cluster_count,certified,certified_and_exact,certificate_false_positive,certificate_gap,truncated_visible_slice
0,broad,negative,ExactSecure,8000,64,10,3610,0.45125,10,1.0,1,none,0,0,0,10,10,1.0,4.6817350000765146,8000,3610,3610,8000,0,0,1,1,0,0.0,0
0,broad,negative,PreFilter-Exact,8000,64,10,3610,0.45125,10,1.0,1,none,0,0,0,10,10,1.0,4.288913999971555,8000,3610,3610,8000,0,0,1,1,0,0.0,0
0,broad,negative,BitmapSlice-Exact,8000,64,10,3610,0.45125,10,1.0,1,none,0,0,0,10,10,1.0,6.747343000142791,4048,3610,3610,4048,0,0,1,1,0,0.0,0
0,broad,negative,ScalarOnly,8000,64,10,3610,0.45125,10,0.0,0,ranking_truncation,0,0,0,10,10,1.0,4.270441000016945,8000,3610,0,8000,0,0,0,1,0,0.0,0
0,broad,negative,PostFilter-IVF,8000,64,10,3610,0.45125,10,0.7,0,ranking_truncation,0,0,0,10,10,1.0,0.8340159999988828,905,418,905,905,0,8,0,1,0,0.0,0
0,broad,negative,AdaptivePostFilter-IVF,8000,64,10,3610,0.45125,10,0.9,0,ranking_truncation,0,0,0,10,10,1.0,4.685196000082215,4800,2219,4800,4800,0,39,0,1,0,0.0,0
0,broad,negative,ExactPrefix-PostFilter,8000,64,10,3610,0.45125,10,1.0,1,none,0,0,0,10,10,1.0,2.301170999999158,2400,1093,8000,2400,0,0,0,1,0,0.0,0
0,broad,negative,TenantPartition-IVF,8000,64,10,3610,0.45125,10,0.7,0,ranking_truncation,0,0,0,10,10,1.0,0.6193409999468713,905,418,905,905,0,8,0,1,0,0.0,0
0,broad,negative,PreFilter-IVF,8000,64,10,3610,0.45125,10,0.7,0,ranking_truncation,0,0,0,10,10,1.0,1.2772380000569683,905,418,418,905,8,8,0,1,0,0.0,0
0,broad,negative,PACER-A,8000,64,10,3610,0.45125,10,0.9,0,ranking_truncation,0,0,0,10,10,1.0,7.195726999952967,2400,2150,2400,2400,38,38,0,1,0,0.6305456757545471,1
0,broad,negative,PACER-C,8000,64,10,3610,0.45125,10,1.0,1,none,0,0,0,10,10,1.0,11.111954000170954,4048,3610,4048,4048,64,64,1,1,0,0.0,0
0,broad,negative,PACER-X,8000,64,10,3610,0.45125,10,1.0,1,none,0,0,0,10,10,1.0,11.000209000030736,4048,3610,4048,4048,64,64,1,1,0,0.0,0
0,broad,negative,PACER-A-NoSlices,8000,64,10,3610,0.45125,10,0.9,0,ranking_truncation,0,0,0,10,10,1.0,3.100764999999228,2400,1099,2400,2400,21,21,0,1,0,0.6449001431465149,1
0,broad,negative,PACER-A-NoBounds,8000,64,10,3610,0.45125,10,0.9,0,ranking_truncation,0,0,0,10,10,1.0,7.3328480000327545,2400,2151,2400,2400,38,38,0,1,0,0.0,1
0,broad,negative,StaleNoRecheck,8000,64,10,3610,0.45125,10,0.7,0,ranking_truncation,0,1,0,9,10,0.9,0.8168109998223372,905,454,905,905,0,8,0,1,0,0.0,0
0,broad,negative,NaiveNoPolicy,8000,64,10,3610,0.45125,10,0.4,0,ranking_truncation,0,0,6,4,10,0.4,0.2321370000117895,905,905,905,0,0,8,0,1,0,0.0,0
1,medium,negative,ExactSecure,8000,64,10,192,0.024,10,1.0,1,none,0,0,0,10,10,1.0,3.893601000072522,8000,192,192,8000,0,0,1,1,0,0.0,0
1,medium,negative,PreFilter-Exact,8000,64,10,192,0.024,10,1.0,1,none,0,0,0,10,10,1.0,3.98782599995684,8000,192,192,8000,0,0,1,1,0,0.0,0
1,medium,negative,BitmapSlice-Exact,8000,64,10,192,0.024,10,1.0,1,none,0,0,0,10,10,1.0,0.4271010000138631,207,192,192,207,0,0,1,1,0,0.0,0
1,medium,negative,ScalarOnly,8000,64,10,192,0.024,10,0.1,0,ranking_truncation,0,0,0,10,10,1.0,4.299597999988691,8000,192,0,8000,0,0,0,1,0,0.0,0
1,medium,negative,PostFilter-IVF,8000,64,10,192,0.024,10,0.6,0,ranking_truncation,0,0,0,10,10,1.0,0.7726409999122552,943,23,943,943,0,8,0,1,0,0.0,0
1,medium,negative,AdaptivePostFilter-IVF,8000,64,10,192,0.024,10,1.0,1,none,0,0,0,10,10,1.0,5.472739999959231,4800,106,4800,4800,0,40,0,1,0,0.0,0
1,medium,negative,ExactPrefix-PostFilter,8000,64,10,192,0.024,10,1.0,1,none,0,0,0,10,10,1.0,2.4602179998964857,2400,51,8000,2400,0,0,0,1,0,0.0,0
1,medium,negative,TenantPartition-IVF,8000,64,10,192,0.024,10,0.6,0,ranking_truncation,0,0,0,10,10,1.0,0.5080309999812016,943,23,943,943,0,8,0,1,0,0.0,0
1,medium,negative,PreFilter-IVF,8000,64,10,192,0.024,10,0.6,0,ranking_truncation,0,0,0,10,10,1.0,1.3893880000068748,1039,38,38,1039,13,8,0,1,0,0.0,0
1,medium,negative,PACER-A,8000,64,10,192,0.024,10,1.0,1,none,0,0,0,10,10,1.0,3.7264840000261756,207,192,207,207,64,47,1,1,0,0.0,0
1,medium,negative,PACER-C,8000,64,10,192,0.024,10,1.0,1,none,0,0,0,10,10,1.0,3.6130749999756517,207,192,207,207,64,47,1,1,0,0.0,0
1,medium,negative,PACER-X,8000,64,10,192,0.024,10,1.0,1,none,0,0,0,10,10,1.0,3.5826589999032876,207,192,207,207,64,47,1,1,0,0.0,0
1,medium,negative,PACER-A-NoSlices,8000,64,10,192,0.024,10,0.8,0,ranking_truncation,0,0,0,10,10,1.0,2.636406999954488,2400,64,2400,2400,20,20,0,1,0,0.7585248053073883,1
1,medium,negative,PACER-A-NoBounds,8000,64,10,192,0.024,10,1.0,1,none,0,0,0,10,10,1.0,3.4377270001186844,207,192,207,207,64,47,1,1,0,0.0,0
1,medium,negative,StaleNoRecheck,8000,64,10,192,0.024,10,0.6,0,ranking_truncation,0,0,0,10,10,1.0,0.7543409999470896,943,25,943,943,0,8,0,1,0,0.0,0
1,medium,negative,NaiveNoPolicy,8000,64,10,192,0.024,10,0.1,0,ranking_truncation,9,0,6,1,10,0.1,0.25203899986081524,943,943,943,0,0,8,0,1,0,0.0,0
2,narrow,negative,ExactSecure,8000,64,10,4,0.0005,4,1.0,1,none,0,0,0,4,4,1.0,4.07128200004081,8000,4,4,8000,0,0,1,1,0,0.0,0
2,narrow,negative,PreFilter-Exact,8000,64,10,4,0.0005,4,1.0,1,none,0,0,0,4,4,1.0,3.9172120000330324,8000,4,4,8000,0,0,1,1,0,0.0,0
2,narrow,negative,BitmapSlice-Exact,8000,64,10,4,0.0005,4,1.0,1,none,0,0,0,4,4,1.0,0.10017399995376763,4,4,4,4,0,0,1,1,0,0.0,0
2,narrow,negative,ScalarOnly,8000,64,10,4,0.0005,4,1.0,0,ranking_truncation,0,0,0,4,4,1.0,4.046931999937442,8000,4,0,8000,0,0,0,1,0,0.0,0
2,narrow,negative,PostFilter-IVF,8000,64,10,4,0.0005,0,0.0,0,candidate_starvation,0,0,0,0,0,1.0,0.6805050002185453,877,0,877,877,0,8,0,1,0,0.0,0
2,narrow,negative,AdaptivePostFilter-IVF,8000,64,10,4,0.0005,0,0.0,0,candidate_starvation,0,0,0,0,0,1.0,4.335378999940076,4800,0,4800,4800,0,41,0,1,0,0.0,0
2,narrow,negative,ExactPrefix-PostFilter,8000,64,10,4,0.0005,0,0.0,0,candidate_starvation,0,0,0,0,0,1.0,2.167298999893319,2400,0,8000,2400,0,0,0,1,0,0.0,0
2,narrow,negative,TenantPartition-IVF,8000,64,10,4,0.0005,0,0.0,0,candidate_starvation,0,0,0,0,0,1.0,0.43121900012010883,877,0,877,877,0,8,0,1,0,0.0,0
2,narrow,negative,PreFilter-IVF,8000,64,10,4,0.0005,4,1.0,1,none,0,0,0,4,4,1.0,0.553031999970699,281,4,4,281,64,2,0,1,0,0.0,0
2,narrow,negative,PACER-A,8000,64,10,4,0.0005,4,1.0,1,none,0,0,0,4,4,1.0,0.2864579998913541,4,4,4,4,64,2,1,1,0,0.0,0
2,narrow,negative,PACER-C,8000,64,10,4,0.0005,4,1.0,1,none,0,0,0,4,4,1.0,0.2359079999223468,4,4,4,4,64,2,1,1,0,0.0,0
2,narrow,negative,PACER-X,8000,64,10,4,0.0005,4,1.0,1,none,0,0,0,4,4,1.0,0.21051400017313426,4,4,4,4,64,2,1,1,0,0.0,0
2,narrow,negative,PACER-A-NoSlices,8000,64,10,4,0.0005,0,0.0,0,candidate_starvation,0,0,0,0,0,1.0,1.9449050000730495,2400,0,2400,2400,20,20,0,1,0,0.0,1
2,narrow,negative,PACER-A-NoBounds,8000,64,10,4,0.0005,4,1.0,1,none,0,0,0,4,4,1.0,0.2248309999686171,4,4,4,4,64,2,1,1,0,0.0,0
2,narrow,negative,StaleNoRecheck,8000,64,10,4,0.0005,0,0.0,0,candidate_starvation,0,0,0,0,0,1.0,0.633635999975013,877,0,877,877,0,8,0,1,0,0.0,0
2,narrow,negative,NaiveNoPolicy,8000,64,10,4,0.0005,10,0.0,0,ranking_truncation,10,0,10,0,10,0.0,0.2074120000088442,877,877,877,0,0,8,0,1,0,0.0,0
3,cold,negative,ExactSecure,8000,64,10,5,0.000625,5,1.0,1,none,0,0,0,5,5,1.0,3.8879690000612754,8000,5,5,8000,0,0,1,1,0,0.0,0
3,cold,negative,PreFilter-Exact,8000,64,10,5,0.000625,5,1.0,1,none,0,0,0,5,5,1.0,4.224323000016739,8000,5,5,8000,0,0,1,1,0,0.0,0
3,cold,negative,BitmapSlice-Exact,8000,64,10,5,0.000625,5,1.0,1,none,0,0,0,5,5,1.0,0.10257100007038389,5,5,5,5,0,0,1,1,0,0.0,0
3,cold,negative,ScalarOnly,8000,64,10,5,0.000625,5,1.0,0,ranking_truncation,0,0,0,5,5,1.0,3.765370999872175,8000,5,0,8000,0,0,0,1,0,0.0,0
3,cold,negative,PostFilter-IVF,8000,64,10,5,0.000625,2,0.4,0,candidate_starvation,0,0,0,2,2,1.0,0.7413209998503589,1006,2,1006,1006,0,8,0,1,0,0.0,0
3,cold,negative,AdaptivePostFilter-IVF,8000,64,10,5,0.000625,2,0.4,0,candidate_starvation,0,0,0,2,2,1.0,5.1824390000092535,4800,2,4800,4800,0,40,0,1,0,0.0,0
3,cold,negative,ExactPrefix-PostFilter,8000,64,10,5,0.000625,2,0.4,0,candidate_starvation,0,0,0,2,2,1.0,2.187839000043823,2400,2,8000,2400,0,0,0,1,0,0.0,0
3,cold,negative,TenantPartition-IVF,8000,64,10,5,0.000625,2,0.4,0,candidate_starvation,0,0,0,2,2,1.0,0.5117379998864635,1006,2,1006,1006,0,8,0,1,0,0.0,0
3,cold,negative,PreFilter-IVF,8000,64,10,5,0.000625,5,1.0,1,none,0,0,0,5,5,1.0,0.7664629999908357,381,5,5,381,64,3,0,1,0,0.0,0
3,cold,negative,PACER-A,8000,64,10,5,0.000625,5,1.0,1,none,0,0,0,5,5,1.0,0.39934200003699516,5,5,5,5,63,3,1,1,0,0.0,0
3,cold,negative,PACER-C,8000,64,10,5,0.000625,5,1.0,1,none,0,0,0,5,5,1.0,0.29655399998773646,5,5,5,5,63,3,1,1,0,0.0,0
3,cold,negative,PACER-X,8000,64,10,5,0.000625,5,1.0,1,none,0,0,0,5,5,1.0,0.26812100009010464,5,5,5,5,63,3,1,1,0,0.0,0
3,cold,negative,PACER-A-NoSlices,8000,64,10,5,0.000625,2,0.4,0,candidate_starvation,0,0,0,2,2,1.0,1.9161449999955948,2400,2,2400,2400,22,22,0,1,0,0.0,1
3,cold,negative,PACER-A-NoBounds,8000,64,10,5,0.000625,5,1.0,1,none,0,0,0,5,5,1.0,0.27182999997421575,5,5,5,5,63,3,1,1,0,0.0,0
3,cold,negative,StaleNoRecheck,8000,64,10,5,0.000625,2,0.4,0,candidate_starvation,0,0,0,2,2,1.0,0.7000320001679938,1006,2,1006,1006,0,8,0,1,0,0.0,0
3,cold,negative,NaiveNoPolicy,8000,64,10,5,0.000625,10,0.0,0,ranking_truncation,10,1,10,0,10,0.0,0.23217500006467162,1006,1006,1006,0,0,8,0,1,0,0.0,0
4,broad,negative,ExactSecure,8000,64,10,3507,0.438375,10,1.0,1,none,0,0,0,10,10,1.0,4.613009999957285,8000,3507,3507,8000,0,0,1,1,0,0.0,0
4,broad,negative,PreFilter-Exact,8000,64,10,3507,0.438375,10,1.0,1,none,0,0,0,10,10,1.0,4.141155000070285,8000,3507,3507,8000,0,0,1,1,0,0.0,0
4,broad,negative,BitmapSlice-Exact,8000,64,10,3507,0.438375,10,1.0,1,none,0,0,0,10,10,1.0,6.415874999902371,3926,3507,3507,3926,0,0,1,1,0,0.0,0
4,broad,negative,ScalarOnly,8000,64,10,3507,0.438375,10,0.0,0,ranking_truncation,0,0,0,10,10,1.0,3.7990389998867613,8000,3507,0,8000,0,0,0,1,0,0.0,0
4,broad,negative,PostFilter-IVF,8000,64,10,3507,0.438375,10,0.8,0,ranking_truncation,0,0,0,10,10,1.0,0.73007800006053,928,388,928,928,0,8,0,1,0,0.0,0
4,broad,negative,AdaptivePostFilter-IVF,8000,64,10,3507,0.438375,10,1.0,1,none,0,0,0,10,10,1.0,4.263968000032037,4800,2012,4800,4800,0,38,0,1,0,0.0,0
4,broad,negative,ExactPrefix-PostFilter,8000,64,10,3507,0.438375,10,1.0,1,none,0,0,0,10,10,1.0,2.4665609998919535,2400,1000,8000,2400,0,0,0,1,0,0.0,0
4,broad,negative,TenantPartition-IVF,8000,64,10,3507,0.438375,10,0.8,0,ranking_truncation,0,0,0,10,10,1.0,0.9507959998700244,928,388,928,928,0,8,0,1,0,0.0,0
4,broad,negative,PreFilter-IVF,8000,64,10,3507,0.438375,10,0.8,0,ranking_truncation,0,0,0,10,10,1.0,2.2020029998657265,962,363,363,962,8,8,0,1,0,0.0,0
4,broad,negative,PACER-A,8000,64,10,3507,0.438375,10,1.0,1,none,0,0,0,10,10,1.0,7.438952000029531,2400,2135,2400,2400,40,40,0,1,0,0.5841888785362244,1
4,broad,negative,PACER-C,8000,64,10,3507,0.438375,10,1.0,1,none,0,0,0,10,10,1.0,14.511955999978454,3926,3507,3926,3926,64,64,1,1,0,0.0,0
4,broad,negative,PACER-X,8000,64,10,3507,0.438375,10,1.0,1,none,0,0,0,10,10,1.0,14.313298999923063,3926,3507,3926,3926,64,64,1,1,0,0.0,0
4,broad,negative,PACER-A-NoSlices,8000,64,10,3507,0.438375,10,0.9,0,ranking_truncation,0,0,0,10,10,1.0,3.063821000068856,2400,965,2400,2400,19,19,0,1,0,0.6118398904800415,1
4,broad,negative,PACER-A-NoBounds,8000,64,10,3507,0.438375,10,1.0,1,none,0,0,0,10,10,1.0,10.159575999978188,2400,2137,2400,2400,41,41,0,1,0,0.0,1
4,broad,negative,StaleNoRecheck,8000,64,10,3507,0.438375,10,0.8,0,ranking_truncation,0,0,0,10,10,1.0,0.9815539999635803,928,424,928,928,0,8,0,1,0,0.0,0
4,broad,negative,NaiveNoPolicy,8000,64,10,3507,0.438375,10,0.3,0,ranking_truncation,0,2,7,3,10,0.3,0.3602110000429093,928,928,928,0,0,8,0,1,0,0.0,0
5,medium,negative,ExactSecure,8000,64,10,156,0.0195,10,1.0,1,none,0,0,0,10,10,1.0,5.77404699993167,8000,156,156,8000,0,0,1,1,0,0.0,0
5,medium,negative,PreFilter-Exact,8000,64,10,156,0.0195,10,1.0,1,none,0,0,0,10,10,1.0,5.524184000023524,8000,156,156,8000,0,0,1,1,0,0.0,0
5,medium,negative,BitmapSlice-Exact,8000,64,10,156,0.0195,10,1.0,1,none,0,0,0,10,10,1.0,0.6111029999829043,177,156,156,177,0,0,1,1,0,0.0,0
5,medium,negative,ScalarOnly,8000,64,10,156,0.0195,10,0.0,0,ranking_truncation,0,0,0,10,10,1.0,5.75836200005142,8000,156,0,8000,0,0,0,1,0,0.0,0
5,medium,negative,PostFilter-IVF,8000,64,10,156,0.0195,10,0.3,0,ranking_truncation,0,0,0,10,10,1.0,1.1048149999624002,936,19,936,936,0,8,0,1,0,0.0,0
5,medium,negative,AdaptivePostFilter-IVF,8000,64,10,156,0.0195,10,0.8,0,ranking_truncation,0,0,0,10,10,1.0,5.228347999945981,4800,99,4800,4800,0,41,0,1,0,0.0,0
5,medium,negative,ExactPrefix-PostFilter,8000,64,10,156,0.0195,10,1.0,1,none,0,0,0,10,10,1.0,3.236680000100023,2400,42,8000,2400,0,0,0,1,0,0.0,0
5,medium,negative,TenantPartition-IVF,8000,64,10,156,0.0195,10,0.3,0,ranking_truncation,0,0,0,10,10,1.0,0.8126079999328795,936,19,936,936,0,8,0,1,0,0.0,0
5,medium,negative,PreFilter-IVF,8000,64,10,156,0.0195,10,0.3,0,ranking_truncation,0,0,0,10,10,1.0,1.2515640000856365,824,19,19,824,10,8,0,1,0,0.0,0
5,medium,negative,PACER-A,8000,64,10,156,0.0195,10,1.0,1,none,0,0,0,10,10,1.0,4.5406399999592395,177,156,177,177,64,51,1,1,0,0.0,0
5,medium,negative,PACER-C,8000,64,10,156,0.0195,10,1.0,1,none,0,0,0,10,10,1.0,5.955647000064346,177,156,177,177,64,51,1,1,0,0.0,0
5,medium,negative,PACER-X,8000,64,10,156,0.0195,10,1.0,1,none,0,0,0,10,10,1.0,5.236169999989215,177,156,177,177,64,51,1,1,0,0.0,0
5,medium,negative,PACER-A-NoSlices,8000,64,10,156,0.0195,10,0.5,0,ranking_truncation,0,0,0,10,10,1.0,3.786712999954034,2400,49,2400,2400,23,23,0,1,0,0.8163652569055557,1
5,medium,negative,PACER-A-NoBounds,8000,64,10,156,0.0195,10,1.0,1,none,0,0,0,10,10,1.0,5.261865999955262,177,156,177,177,64,51,1,1,0,0.0,0
5,medium,negative,StaleNoRecheck,8000,64,10,156,0.0195,10,0.3,0,ranking_truncation,0,1,0,9,10,0.9,1.3588799999979528,936,22,936,936,0,8,0,1,0,0.0,0
5,medium,negative,NaiveNoPolicy,8000,64,10,156,0.0195,10,0.0,0,ranking_truncation,9,0,7,0,10,0.0,0.4249869998602662,936,936,936,0,0,8,0,1,0,0.0,0
6,narrow,negative,ExactSecure,8000,64,10,5,0.000625,5,1.0,1,none,0,0,0,5,5,1.0,5.56927499997073,8000,5,5,8000,0,0,1,1,0,0.0,0
6,narrow,negative,PreFilter-Exact,8000,64,10,5,0.000625,5,1.0,1,none,0,0,0,5,5,1.0,4.549474999976155,8000,5,5,8000,0,0,1,1,0,0.0,0
6,narrow,negative,BitmapSlice-Exact,8000,64,10,5,0.000625,5,1.0,1,none,0,0,0,5,5,1.0,0.0889089999418502,5,5,5,5,0,0,1,1,0,0.0,0
6,narrow,negative,ScalarOnly,8000,64,10,5,0.000625,5,1.0,0,ranking_truncation,0,0,0,5,5,1.0,4.9840290000702225,8000,5,0,8000,0,0,0,1,0,0.0,0
6,narrow,negative,PostFilter-IVF,8000,64,10,5,0.000625,0,0.0,0,candidate_starvation,0,0,0,0,0,1.0,1.0633570000209147,1021,0,1021,1021,0,8,0,1,0,0.0,0
6,narrow,negative,AdaptivePostFilter-IVF,8000,64,10,5,0.000625,3,0.6,0,candidate_starvation,0,0,0,3,3,1.0,6.820445999892399,4800,3,4800,4800,0,37,0,1,0,0.0,0
6,narrow,negative,ExactPrefix-PostFilter,8000,64,10,5,0.000625,0,0.0,0,candidate_starvation,0,0,0,0,0,1.0,3.0783570000494365,2400,0,8000,2400,0,0,0,1,0,0.0,0
6,narrow,negative,TenantPartition-IVF,8000,64,10,5,0.000625,0,0.0,0,candidate_starvation,0,0,0,0,0,1.0,0.8110159999432653,1021,0,1021,1021,0,8,0,1,0,0.0,0
6,narrow,negative,PreFilter-IVF,8000,64,10,5,0.000625,5,1.0,1,none,0,0,0,5,5,1.0,1.2175800000022718,310,5,5,310,64,2,0,1,0,0.0,0
6,narrow,negative,PACER-A,8000,64,10,5,0.000625,5,1.0,1,none,0,0,0,5,5,1.0,0.3146299998206814,5,5,5,5,39,2,1,1,0,0.0,0
6,narrow,negative,PACER-C,8000,64,10,5,0.000625,5,1.0,1,none,0,0,0,5,5,1.0,0.22293100005299493,5,5,5,5,39,2,1,1,0,0.0,0
6,narrow,negative,PACER-X,8000,64,10,5,0.000625,5,1.0,1,none,0,0,0,5,5,1.0,0.19957800009251514,5,5,5,5,39,2,1,1,0,0.0,0
6,narrow,negative,PACER-A-NoSlices,8000,64,10,5,0.000625,3,0.6,0,candidate_starvation,0,0,0,3,3,1.0,1.8766340001548087,2400,3,2400,2400,19,19,0,1,0,0.0,1
6,narrow,negative,PACER-A-NoBounds,8000,64,10,5,0.000625,5,1.0,1,none,0,0,0,5,5,1.0,0.23038300014377455,5,5,5,5,38,2,1,1,0,0.0,0
6,narrow,negative,StaleNoRecheck,8000,64,10,5,0.000625,0,0.0,0,candidate_starvation,0,0,0,0,0,1.0,0.7090120000157185,1021,0,1021,1021,0,8,0,1,0,0.0,0
6,narrow,negative,NaiveNoPolicy,8000,64,10,5,0.000625,10,0.0,0,ranking_truncation,10,2,10,0,10,0.0,0.2642690001266601,1021,1021,1021,0,0,8,0,1,0,0.0,0
7,cold,negative,ExactSecure,8000,64,10,2,0.00025,2,1.0,1,none,0,0,0,2,2,1.0,4.0429450000374345,8000,2,2,8000,0,0,1,1,0,0.0,0
7,cold,negative,PreFilter-Exact,8000,64,10,2,0.00025,2,1.0,1,none,0,0,0,2,2,1.0,4.8114010000972485,8000,2,2,8000,0,0,1,1,0,0.0,0
7,cold,negative,BitmapSlice-Exact,8000,64,10,2,0.00025,2,1.0,1,none,0,0,0,2,2,1.0,0.08690399999977672,2,2,2,2,0,0,1,1,0,0.0,0
7,cold,negative,ScalarOnly,8000,64,10,2,0.00025,2,1.0,1,none,0,0,0,2,2,1.0,5.378740999958609,8000,2,0,8000,0,0,0,1,0,0.0,0
7,cold,negative,PostFilter-IVF,8000,64,10,2,0.00025,0,0.0,0,candidate_starvation,0,0,0,0,0,1.0,0.9033310000177153,897,0,897,897,0,8,0,1,0,0.0,0
7,cold,negative,AdaptivePostFilter-IVF,8000,64,10,2,0.00025,1,0.5,0,candidate_starvation,0,0,0,1,1,1.0,4.719785000133925,4800,1,4800,4800,0,41,0,1,0,0.0,0
7,cold,negative,ExactPrefix-PostFilter,8000,64,10,2,0.00025,0,0.0,0,candidate_starvation,0,0,0,0,0,1.0,2.562778000083199,2400,0,8000,2400,0,0,0,1,0,0.0,0
7,cold,negative,TenantPartition-IVF,8000,64,10,2,0.00025,0,0.0,0,candidate_starvation,0,0,0,0,0,1.0,0.4849169999943115,897,0,897,897,0,8,0,1,0,0.0,0
7,cold,negative,PreFilter-IVF,8000,64,10,2,0.00025,2,1.0,1,none,0,0,0,2,2,1.0,1.1376919999293023,363,2,2,363,64,2,0,1,0,0.0,0
7,cold,negative,PACER-A,8000,64,10,2,0.00025,2,1.0,1,none,0,0,0,2,2,1.0,0.28417999988050724,2,2,2,2,51,2,1,1,0,0.0,0
7,cold,negative,PACER-C,8000,64,10,2,0.00025,2,1.0,1,none,0,0,0,2,2,1.0,0.19348499995430757,2,2,2,2,51,2,1,1,0,0.0,0
7,cold,negative,PACER-X,8000,64,10,2,0.00025,2,1.0,1,none,0,0,0,2,2,1.0,0.21086100014144904,2,2,2,2,51,2,1,1,0,0.0,0
7,cold,negative,PACER-A-NoSlices,8000,64,10,2,0.00025,0,0.0,0,candidate_starvation,0,0,0,0,0,1.0,2.1900500000811007,2400,0,2400,2400,19,19,0,1,0,0.0,1
7,cold,negative,PACER-A-NoBounds,8000,64,10,2,0.00025,2,1.0,1,none,0,0,0,2,2,1.0,0.24708899991310318,2,2,2,2,54,2,1,1,0,0.0,0
7,cold,negative,StaleNoRecheck,8000,64,10,2,0.00025,0,0.0,0,candidate_starvation,0,0,0,0,0,1.0,0.6936219999715831,897,0,897,897,0,8,0,1,0,0.0,0
7,cold,negative,NaiveNoPolicy,8000,64,10,2,0.00025,10,0.0,0,ranking_truncation,10,0,10,0,10,0.0,0.3071719997933542,897,897,897,0,0,8,0,1,0,0.0,0
8,broad,negative,ExactSecure,8000,64,10,3758,0.46975,10,1.0,1,none,0,0,0,10,10,1.0,5.142391999925167,8000,3758,3758,8000,0,0,1,1,0,0.0,0
8,broad,negative,PreFilter-Exact,8000,64,10,3758,0.46975,10,1.0,1,none,0,0,0,10,10,1.0,4.799384000079954,8000,3758,3758,8000,0,0,1,1,0,0.0,0
8,broad,negative,BitmapSlice-Exact,8000,64,10,3758,0.46975,10,1.0,1,none,0,0,0,10,10,1.0,7.807138000089253,4216,3758,3758,4216,0,0,1,1,0,0.0,0
8,broad,negative,ScalarOnly,8000,64,10,3758,0.46975,10,0.0,0,ranking_truncation,0,0,0,10,10,1.0,4.329230000166717,8000,3758,0,8000,0,0,0,1,0,0.0,0
8,broad,negative,PostFilter-IVF,8000,64,10,3758,0.46975,10,0.9,0,ranking_truncation,0,0,0,10,10,1.0,0.9363140000004933,884,426,884,884,0,8,0,1,0,0.0,0
8,broad,negative,AdaptivePostFilter-IVF,8000,64,10,3758,0.46975,10,1.0,1,none,0,0,0,10,10,1.0,5.849850000004153,4800,2274,4800,4800,0,39,0,1,0,0.0,0
8,broad,negative,ExactPrefix-PostFilter,8000,64,10,3758,0.46975,10,1.0,1,none,0,0,0,10,10,1.0,2.693990999887319,2400,1152,8000,2400,0,0,0,1,0,0.0,0
8,broad,negative,TenantPartition-IVF,8000,64,10,3758,0.46975,10,0.9,0,ranking_truncation,0,0,0,10,10,1.0,0.8352290001312213,884,426,884,884,0,8,0,1,0,0.0,0
8,broad,negative,PreFilter-IVF,8000,64,10,3758,0.46975,10,0.9,0,ranking_truncation,0,0,0,10,10,1.0,2.1738440000262926,884,426,426,884,8,8,0,1,0,0.0,0
8,broad,negative,PACER-A,8000,64,10,3758,0.46975,10,1.0,1,none,0,0,0,10,10,1.0,10.117092999962551,2400,2127,2400,2400,37,37,0,1,0,0.626982718706131,1
8,broad,negative,PACER-C,8000,64,10,3758,0.46975,10,1.0,1,none,0,0,0,10,10,1.0,13.38674700014053,4216,3758,4216,4216,64,64,1,1,0,0.0,0
8,broad,negative,PACER-X,8000,64,10,3758,0.46975,10,1.0,1,none,0,0,0,10,10,1.0,14.30600499998036,4216,3758,4216,4216,64,64,1,1,0,0.0,0
8,broad,negative,PACER-A-NoSlices,8000,64,10,3758,0.46975,10,0.9,0,ranking_truncation,0,0,0,10,10,1.0,2.9744290000053297,2400,1122,2400,2400,21,21,0,1,0,0.6435685157775879,1
8,broad,negative,PACER-A-NoBounds,8000,64,10,3758,0.46975,10,1.0,1,none,0,0,0,10,10,1.0,9.88866800003052,2400,2136,2400,2400,36,36,0,1,0,0.0,1
8,broad,negative,StaleNoRecheck,8000,64,10,3758,0.46975,10,0.8,0,ranking_truncation,0,2,0,8,10,0.8,1.3913390000652726,884,476,884,884,0,8,0,1,0,0.0,0
8,broad,negative,NaiveNoPolicy,8000,64,10,3758,0.46975,10,0.5,0,ranking_truncation,0,3,4,5,10,0.5,0.40716599983170454,884,884,884,0,0,8,0,1,0,0.0,0
9,medium,negative,ExactSecure,8000,64,10,230,0.02875,10,1.0,1,none,0,0,0,10,10,1.0,5.9191220000229805,8000,230,230,8000,0,0,1,1,0,0.0,0
9,medium,negative,PreFilter-Exact,8000,64,10,230,0.02875,10,1.0,1,none,0,0,0,10,10,1.0,4.047878999926979,8000,230,230,8000,0,0,1,1,0,0.0,0
9,medium,negative,BitmapSlice-Exact,8000,64,10,230,0.02875,10,1.0,1,none,0,0,0,10,10,1.0,0.6086640000830812,259,230,230,259,0,0,1,1,0,0.0,0
9,medium,negative,ScalarOnly,8000,64,10,230,0.02875,10,0.2,0,ranking_truncation,0,0,0,10,10,1.0,5.091845000151807,8000,230,0,8000,0,0,0,1,0,0.0,0
9,medium,negative,PostFilter-IVF,8000,64,10,230,0.02875,6,0.1,0,candidate_starvation,0,0,0,6,6,1.0,1.3521010000658862,954,6,954,954,0,8,0,1,0,0.0,0
9,medium,negative,AdaptivePostFilter-IVF,8000,64,10,230,0.02875,10,0.8,0,ranking_truncation,0,0,0,10,10,1.0,4.550746999939292,4800,110,4800,4800,0,40,0,1,0,0.0,0
9,medium,negative,ExactPrefix-PostFilter,8000,64,10,230,0.02875,10,1.0,1,none,0,0,0,10,10,1.0,2.5010859999383683,2400,58,8000,2400,0,0,0,1,0,0.0,0
9,medium,negative,TenantPartition-IVF,8000,64,10,230,0.02875,6,0.1,0,candidate_starvation,0,0,0,6,6,1.0,0.4573249998429674,954,6,954,954,0,8,0,1,0,0.0,0
9,medium,negative,PreFilter-IVF,8000,64,10,230,0.02875,10,0.2,0,ranking_truncation,0,0,0,10,10,1.0,1.8217839999579155,908,18,18,908,11,8,0,1,0,0.0,0
9,medium,negative,PACER-A,8000,64,10,230,0.02875,10,1.0,1,none,0,0,0,10,10,1.0,5.533462999892436,259,230,259,259,64,52,1,1,0,0.0,0
9,medium,negative,PACER-C,8000,64,10,230,0.02875,10,1.0,1,none,0,0,0,10,10,1.0,5.506528999831062,259,230,259,259,64,52,1,1,0,0.0,0
9,medium,negative,PACER-X,8000,64,10,230,0.02875,10,1.0,1,none,0,0,0,10,10,1.0,4.6268529999906605,259,230,259,259,64,52,1,1,0,0.0,0
9,medium,negative,PACER-A-NoSlices,8000,64,10,230,0.02875,10,0.2,0,ranking_truncation,0,0,0,10,10,1.0,2.3419740000463207,2400,24,2400,2400,21,21,0,1,0,0.8779593035578728,1
9,medium,negative,PACER-A-NoBounds,8000,64,10,230,0.02875,10,1.0,1,none,0,0,0,10,10,1.0,4.190980999965177,259,230,259,259,64,52,1,1,0,0.0,0
9,medium,negative,StaleNoRecheck,8000,64,10,230,0.02875,7,0.1,0,candidate_starvation,0,1,0,6,7,0.8571428571428571,0.9579669999766338,954,7,954,954,0,8,0,1,0,0.0,0
9,medium,negative,NaiveNoPolicy,8000,64,10,230,0.02875,10,0.0,0,ranking_truncation,9,1,7,0,10,0.0,0.46931900010349636,954,954,954,0,0,8,0,1,0,0.0,0
10,narrow,negative,ExactSecure,8000,64,10,7,0.000875,7,1.0,1,none,0,0,0,7,7,1.0,4.952490000050602,8000,7,7,8000,0,0,1,1,0,0.0,0
10,narrow,negative,PreFilter-Exact,8000,64,10,7,0.000875,7,1.0,1,none,0,0,0,7,7,1.0,4.372243000034359,8000,7,7,8000,0,0,1,1,0,0.0,0
10,narrow,negative,BitmapSlice-Exact,8000,64,10,7,0.000875,7,1.0,1,none,0,0,0,7,7,1.0,0.08711600003152853,7,7,7,7,0,0,1,1,0,0.0,0
10,narrow,negative,ScalarOnly,8000,64,10,7,0.000875,7,1.0,0,ranking_truncation,0,0,0,7,7,1.0,3.90112200011572,8000,7,0,8000,0,0,0,1,0,0.0,0
10,narrow,negative,PostFilter-IVF,8000,64,10,7,0.000875,0,0.0,0,candidate_starvation,0,0,0,0,0,1.0,0.8124979999593052,1004,0,1004,1004,0,8,0,1,0,0.0,0
10,narrow,negative,AdaptivePostFilter-IVF,8000,64,10,7,0.000875,2,0.2857142857142857,0,candidate_starvation,0,0,0,2,2,1.0,4.9835360000543005,4800,2,4800,4800,0,39,0,1,0,0.0,0
10,narrow,negative,ExactPrefix-PostFilter,8000,64,10,7,0.000875,0,0.0,0,candidate_starvation,0,0,0,0,0,1.0,2.1565849999660713,2400,0,8000,2400,0,0,0,1,0,0.0,0
10,narrow,negative,TenantPartition-IVF,8000,64,10,7,0.000875,0,0.0,0,candidate_starvation,0,0,0,0,0,1.0,0.4846979998092138,1004,0,1004,1004,0,8,0,1,0,0.0,0
10,narrow,negative,PreFilter-IVF,8000,64,10,7,0.000875,7,1.0,1,none,0,0,0,7,7,1.0,1.0414670000500337,519,7,7,519,64,5,0,1,0,0.0,0
10,narrow,negative,PACER-A,8000,64,10,7,0.000875,7,1.0,1,none,0,0,0,7,7,1.0,0.6232529999579128,7,7,7,7,64,5,1,1,0,0.0,0
10,narrow,negative,PACER-C,8000,64,10,7,0.000875,7,1.0,1,none,0,0,0,7,7,1.0,0.5604909999874508,7,7,7,7,64,5,1,1,0,0.0,0
10,narrow,negative,PACER-X,8000,64,10,7,0.000875,7,1.0,1,none,0,0,0,7,7,1.0,0.6939669999610487,7,7,7,7,64,5,1,1,0,0.0,0
10,narrow,negative,PACER-A-NoSlices,8000,64,10,7,0.000875,1,0.14285714285714285,0,candidate_starvation,0,0,0,1,1,1.0,3.175962000113941,2400,1,2400,2400,21,21,0,1,0,0.0,1
10,narrow,negative,PACER-A-NoBounds,8000,64,10,7,0.000875,7,1.0,1,none,0,0,0,7,7,1.0,0.6633880000208592,7,7,7,7,64,5,1,1,0,0.0,0
10,narrow,negative,StaleNoRecheck,8000,64,10,7,0.000875,0,0.0,0,candidate_starvation,0,0,0,0,0,1.0,0.9747219999098888,1004,0,1004,1004,0,8,0,1,0,0.0,0
10,narrow,negative,NaiveNoPolicy,8000,64,10,7,0.000875,10,0.0,0,ranking_truncation,9,0,9,0,10,0.0,0.5122310001297592,1004,1004,1004,0,0,8,0,1,0,0.0,0
11,cold,negative,ExactSecure,8000,64,10,1,0.000125,1,1.0,1,none,0,0,0,1,1,1.0,4.656648999798563,8000,1,1,8000,0,0,1,1,0,0.0,0
11,cold,negative,PreFilter-Exact,8000,64,10,1,0.000125,1,1.0,1,none,0,0,0,1,1,1.0,4.736815000114802,8000,1,1,8000,0,0,1,1,0,0.0,0
11,cold,negative,BitmapSlice-Exact,8000,64,10,1,0.000125,1,1.0,1,none,0,0,0,1,1,1.0,0.07418400014103099,2,1,1,2,0,0,1,1,0,0.0,0
11,cold,negative,ScalarOnly,8000,64,10,1,0.000125,1,1.0,1,none,0,0,0,1,1,1.0,4.1035470001133945,8000,1,0,8000,0,0,0,1,0,0.0,0
11,cold,negative,PostFilter-IVF,8000,64,10,1,0.000125,0,0.0,0,candidate_starvation,0,0,0,0,0,1.0,1.016928000126427,1183,0,1183,1183,0,8,0,1,0,0.0,0
11,cold,negative,AdaptivePostFilter-IVF,8000,64,10,1,0.000125,0,0.0,0,candidate_starvation,0,0,0,0,0,1.0,4.750366999815014,4800,0,4800,4800,0,38,0,1,0,0.0,0
11,cold,negative,ExactPrefix-PostFilter,8000,64,10,1,0.000125,0,0.0,0,candidate_starvation,0,0,0,0,0,1.0,2.2553359999619715,2400,0,8000,2400,0,0,0,1,0,0.0,0
11,cold,negative,TenantPartition-IVF,8000,64,10,1,0.000125,0,0.0,0,candidate_starvation,0,0,0,0,0,1.0,0.6200440000156959,1183,0,1183,1183,0,8,0,1,0,0.0,0
11,cold,negative,PreFilter-IVF,8000,64,10,1,0.000125,1,1.0,1,none,0,0,0,1,1,1.0,0.9473170000546816,242,1,1,242,64,2,0,1,0,0.0,0
11,cold,negative,PACER-A,8000,64,10,1,0.000125,1,1.0,1,none,0,0,0,1,1,1.0,0.2505060001567472,2,1,2,2,56,2,1,1,0,0.0,0
11,cold,negative,PACER-C,8000,64,10,1,0.000125,1,1.0,1,none,0,0,0,1,1,1.0,0.19397799997022958,2,1,2,2,56,2,1,1,0,0.0,0
11,cold,negative,PACER-X,8000,64,10,1,0.000125,1,1.0,1,none,0,0,0,1,1,1.0,0.18177199990532245,2,1,2,2,56,2,1,1,0,0.0,0
11,cold,negative,PACER-A-NoSlices,8000,64,10,1,0.000125,0,0.0,0,candidate_starvation,0,0,0,0,0,1.0,1.9044900000153575,2400,0,2400,2400,19,19,0,1,0,0.0,1
11,cold,negative,PACER-A-NoBounds,8000,64,10,1,0.000125,1,1.0,1,none,0,0,0,1,1,1.0,0.25529300000926014,2,1,2,2,50,2,1,1,0,0.0,0
11,cold,negative,StaleNoRecheck,8000,64,10,1,0.000125,0,0.0,0,candidate_starvation,0,0,0,0,0,1.0,0.8714549999240262,1183,0,1183,1183,0,8,0,1,0,0.0,0
11,cold,negative,NaiveNoPolicy,8000,64,10,1,0.000125,10,0.0,0,ranking_truncation,10,3,10,0,10,0.0,0.3003439999247348,1183,1183,1183,0,0,8,0,1,0,0.0,0
12,broad,negative,ExactSecure,8000,64,10,3785,0.473125,10,1.0,1,none,0,0,0,10,10,1.0,4.324333000113256,8000,3785,3785,8000,0,0,1,1,0,0.0,0
12,broad,negative,PreFilter-Exact,8000,64,10,3785,0.473125,10,1.0,1,none,0,0,0,10,10,1.0,4.4882110000799,8000,3785,3785,8000,0,0,1,1,0,0.0,0
12,broad,negative,BitmapSlice-Exact,8000,64,10,3785,0.473125,10,1.0,1,none,0,0,0,10,10,1.0,10.017487000141045,4275,3785,3785,4275,0,0,1,1,0,0.0,0
12,broad,negative,ScalarOnly,8000,64,10,3785,0.473125,10,0.0,0,ranking_truncation,0,0,0,10,10,1.0,5.122945000039181,8000,3785,0,8000,0,0,0,1,0,0.0,0
12,broad,negative,PostFilter-IVF,8000,64,10,3785,0.473125,10,0.5,0,ranking_truncation,0,0,0,10,10,1.0,0.9117790000345849,1084,457,1084,1084,0,8,0,1,0,0.0,0
12,broad,negative,AdaptivePostFilter-IVF,8000,64,10,3785,0.473125,10,1.0,1,none,0,0,0,10,10,1.0,6.226171999969665,4800,2041,4800,4800,0,39,0,1,0,0.0,0
12,broad,negative,ExactPrefix-PostFilter,8000,64,10,3785,0.473125,10,1.0,1,none,0,0,0,10,10,1.0,3.1121170000005804,2400,1009,8000,2400,0,0,0,1,0,0.0,0
12,broad,negative,TenantPartition-IVF,8000,64,10,3785,0.473125,10,0.5,0,ranking_truncation,0,0,0,10,10,1.0,0.735711000061201,1084,457,1084,1084,0,8,0,1,0,0.0,0
12,broad,negative,PreFilter-IVF,8000,64,10,3785,0.473125,10,0.4,0,ranking_truncation,0,0,0,10,10,1.0,1.459598000110418,1164,491,491,1164,8,8,0,1,0,0.0,0
12,broad,negative,PACER-A,8000,64,10,3785,0.473125,10,1.0,1,none,0,0,0,10,10,1.0,7.321697999941534,2400,2136,2400,2400,40,40,0,1,0,0.6272381842136383,1
12,broad,negative,PACER-C,8000,64,10,3785,0.473125,10,1.0,1,none,0,0,0,10,10,1.0,17.28912099997615,4275,3785,4275,4275,64,64,1,1,0,0.0,0
12,broad,negative,PACER-X,8000,64,10,3785,0.473125,10,1.0,1,none,0,0,0,10,10,1.0,13.961287000029188,4275,3785,4275,4275,64,64,1,1,0,0.0,0
12,broad,negative,PACER-A-NoSlices,8000,64,10,3785,0.473125,10,0.7,0,ranking_truncation,0,0,0,10,10,1.0,3.187298000057126,2400,1000,2400,2400,18,18,0,1,0,0.6666864156723022,1
12,broad,negative,PACER-A-NoBounds,8000,64,10,3785,0.473125,10,1.0,1,none,0,0,0,10,10,1.0,8.395633999953134,2400,2137,2400,2400,41,41,0,1,0,0.0,1
12,broad,negative,StaleNoRecheck,8000,64,10,3785,0.473125,10,0.5,0,ranking_truncation,0,0,0,10,10,1.0,0.9596929999133863,1084,521,1084,1084,0,8,0,1,0,0.0,0
12,broad,negative,NaiveNoPolicy,8000,64,10,3785,0.473125,10,0.4,0,ranking_truncation,0,3,6,4,10,0.4,0.42253300011907413,1084,1084,1084,0,0,8,0,1,0,0.0,0
13,medium,negative,ExactSecure,8000,64,10,201,0.025125,10,1.0,1,none,0,0,0,10,10,1.0,4.191074000118533,8000,201,201,8000,0,0,1,1,0,0.0,0
13,medium,negative,PreFilter-Exact,8000,64,10,201,0.025125,10,1.0,1,none,0,0,0,10,10,1.0,4.550224000013259,8000,201,201,8000,0,0,1,1,0,0.0,0
13,medium,negative,BitmapSlice-Exact,8000,64,10,201,0.025125,10,1.0,1,none,0,0,0,10,10,1.0,0.5396850001488929,230,201,201,230,0,0,1,1,0,0.0,0
13,medium,negative,ScalarOnly,8000,64,10,201,0.025125,10,0.0,0,ranking_truncation,0,0,0,10,10,1.0,4.226738999932422,8000,201,0,8000,0,0,0,1,0,0.0,0
13,medium,negative,PostFilter-IVF,8000,64,10,201,0.025125,10,0.3,0,ranking_truncation,0,0,0,10,10,1.0,0.8758129999932862,998,13,998,998,0,8,0,1,0,0.0,0
13,medium,negative,AdaptivePostFilter-IVF,8000,64,10,201,0.025125,10,0.6,0,ranking_truncation,0,0,0,10,10,1.0,5.158539000149176,4800,107,4800,4800,0,41,0,1,0,0.0,0
13,medium,negative,ExactPrefix-PostFilter,8000,64,10,201,0.025125,10,1.0,1,none,0,0,0,10,10,1.0,3.7530219999553083,2400,60,8000,2400,0,0,0,1,0,0.0,0
13,medium,negative,TenantPartition-IVF,8000,64,10,201,0.025125,10,0.3,0,ranking_truncation,0,0,0,10,10,1.0,0.9001690000332019,998,13,998,998,0,8,0,1,0,0.0,0
13,medium,negative,PreFilter-IVF,8000,64,10,201,0.025125,10,0.1,0,ranking_truncation,0,0,0,10,10,1.0,2.100617999985843,940,14,14,940,10,8,0,1,0,0.0,0
13,medium,negative,PACER-A,8000,64,10,201,0.025125,10,1.0,1,none,0,0,0,10,10,1.0,4.209578999962105,230,201,230,230,64,54,1,1,0,0.0,0
13,medium,negative,PACER-C,8000,64,10,201,0.025125,10,1.0,1,none,0,0,0,10,10,1.0,3.81838900011644,230,201,230,230,64,54,1,1,0,0.0,0
13,medium,negative,PACER-X,8000,64,10,201,0.025125,10,1.0,1,none,0,0,0,10,10,1.0,3.771206000010352,230,201,230,230,64,54,1,1,0,0.0,0
13,medium,negative,PACER-A-NoSlices,8000,64,10,201,0.025125,10,0.3,0,ranking_truncation,0,0,0,10,10,1.0,2.5219460001153493,2400,55,2400,2400,21,21,0,1,0,0.8578540533781052,1
13,medium,negative,PACER-A-NoBounds,8000,64,10,201,0.025125,10,1.0,1,none,0,0,0,10,10,1.0,3.8205840000955504,230,201,230,230,64,54,1,1,0,0.0,0
13,medium,negative,StaleNoRecheck,8000,64,10,201,0.025125,10,0.3,0,ranking_truncation,0,0,0,10,10,1.0,0.7434679998823412,998,14,998,998,0,8,0,1,0,0.0,0
13,medium,negative,NaiveNoPolicy,8000,64,10,201,0.025125,10,0.0,0,ranking_truncation,9,0,10,0,10,0.0,0.24550300008741033,998,998,998,0,0,8,0,1,0,0.0,0
14,narrow,negative,ExactSecure,8000,64,10,4,0.0005,4,1.0,1,none,0,0,0,4,4,1.0,3.797336999923573,8000,4,4,8000,0,0,1,1,0,0.0,0
14,narrow,negative,PreFilter-Exact,8000,64,10,4,0.0005,4,1.0,1,none,0,0,0,4,4,1.0,3.8142870000683615,8000,4,4,8000,0,0,1,1,0,0.0,0
14,narrow,negative,BitmapSlice-Exact,8000,64,10,4,0.0005,4,1.0,1,none,0,0,0,4,4,1.0,0.0752989999455167,4,4,4,4,0,0,1,1,0,0.0,0
14,narrow,negative,ScalarOnly,8000,64,10,4,0.0005,4,1.0,0,ranking_truncation,0,0,0,4,4,1.0,3.895356000157335,8000,4,0,8000,0,0,0,1,0,0.0,0
14,narrow,negative,PostFilter-IVF,8000,64,10,4,0.0005,0,0.0,0,candidate_starvation,0,0,0,0,0,1.0,0.749842000004719,1036,0,1036,1036,0,8,0,1,0,0.0,0
14,narrow,negative,AdaptivePostFilter-IVF,8000,64,10,4,0.0005,0,0.0,0,candidate_starvation,0,0,0,0,0,1.0,5.112931999974535,4800,0,4800,4800,0,39,0,1,0,0.0,0
14,narrow,negative,ExactPrefix-PostFilter,8000,64,10,4,0.0005,0,0.0,0,candidate_starvation,0,0,0,0,0,1.0,3.02648699994279,2400,0,8000,2400,0,0,0,1,0,0.0,0
14,narrow,negative,TenantPartition-IVF,8000,64,10,4,0.0005,0,0.0,0,candidate_starvation,0,0,0,0,0,1.0,0.44349400013743434,1036,0,1036,1036,0,8,0,1,0,0.0,0
14,narrow,negative,PreFilter-IVF,8000,64,10,4,0.0005,4,1.0,1,none,0,0,0,4,4,1.0,0.9898289999910048,690,4,4,690,64,4,0,1,0,0.0,0
14,narrow,negative,PACER-A,8000,64,10,4,0.0005,4,1.0,1,none,0,0,0,4,4,1.0,0.39469400007874356,4,4,4,4,63,4,1,1,0,0.0,0
14,narrow,negative,PACER-C,8000,64,10,4,0.0005,4,1.0,1,none,0,0,0,4,4,1.0,0.327779999906852,4,4,4,4,63,4,1,1,0,0.0,0
14,narrow,negative,PACER-X,8000,64,10,4,0.0005,4,1.0,1,none,0,0,0,4,4,1.0,0.31758899990563805,4,4,4,4,63,4,1,1,0,0.0,0
14,narrow,negative,PACER-A-NoSlices,8000,64,10,4,0.0005,0,0.0,0,candidate_starvation,0,0,0,0,0,1.0,2.460021999922901,2400,0,2400,2400,20,20,0,1,0,0.0,1
14,narrow,negative,PACER-A-NoBounds,8000,64,10,4,0.0005,4,1.0,1,none,0,0,0,4,4,1.0,0.3444029998718179,4,4,4,4,63,4,1,1,0,0.0,0
14,narrow,negative,StaleNoRecheck,8000,64,10,4,0.0005,0,0.0,0,candidate_starvation,0,0,0,0,0,1.0,0.9389599999849452,1036,0,1036,1036,0,8,0,1,0,0.0,0
14,narrow,negative,NaiveNoPolicy,8000,64,10,4,0.0005,10,0.0,0,ranking_truncation,10,1,10,0,10,0.0,0.3615260000060516,1036,1036,1036,0,0,8,0,1,0,0.0,0
15,cold,negative,ExactSecure,8000,64,10,1,0.000125,1,1.0,1,none,0,0,0,1,1,1.0,8.677229000113584,8000,1,1,8000,0,0,1,1,0,0.0,0
15,cold,negative,PreFilter-Exact,8000,64,10,1,0.000125,1,1.0,1,none,0,0,0,1,1,1.0,4.827933000115081,8000,1,1,8000,0,0,1,1,0,0.0,0
15,cold,negative,BitmapSlice-Exact,8000,64,10,1,0.000125,1,1.0,1,none,0,0,0,1,1,1.0,0.06472399991253042,1,1,1,1,0,0,1,1,0,0.0,0
15,cold,negative,ScalarOnly,8000,64,10,1,0.000125,1,1.0,1,none,0,0,0,1,1,1.0,3.7589619998925627,8000,1,0,8000,0,0,0,1,0,0.0,0
15,cold,negative,PostFilter-IVF,8000,64,10,1,0.000125,0,0.0,0,candidate_starvation,0,0,0,0,0,1.0,0.738128000193683,998,0,998,998,0,8,0,1,0,0.0,0
15,cold,negative,AdaptivePostFilter-IVF,8000,64,10,1,0.000125,0,0.0,0,candidate_starvation,0,0,0,0,0,1.0,4.887850999921284,4800,0,4800,4800,0,40,0,1,0,0.0,0
15,cold,negative,ExactPrefix-PostFilter,8000,64,10,1,0.000125,0,0.0,0,candidate_starvation,0,0,0,0,0,1.0,2.122229999940828,2400,0,8000,2400,0,0,0,1,0,0.0,0
15,cold,negative,TenantPartition-IVF,8000,64,10,1,0.000125,0,0.0,0,candidate_starvation,0,0,0,0,0,1.0,0.41705800003910554,998,0,998,998,0,8,0,1,0,0.0,0
15,cold,negative,PreFilter-IVF,8000,64,10,1,0.000125,1,1.0,1,none,0,0,0,1,1,1.0,0.43238099988229806,70,1,1,70,64,1,0,1,0,0.0,0
15,cold,negative,PACER-A,8000,64,10,1,0.000125,1,1.0,1,none,0,0,0,1,1,1.0,0.17623000007915834,1,1,1,1,58,1,1,1,0,0.0,0
15,cold,negative,PACER-C,8000,64,10,1,0.000125,1,1.0,1,none,0,0,0,1,1,1.0,0.1177949998236727,1,1,1,1,58,1,1,1,0,0.0,0
15,cold,negative,PACER-X,8000,64,10,1,0.000125,1,1.0,1,none,0,0,0,1,1,1.0,0.11444899996604363,1,1,1,1,58,1,1,1,0,0.0,0
15,cold,negative,PACER-A-NoSlices,8000,64,10,1,0.000125,0,0.0,0,candidate_starvation,0,0,0,0,0,1.0,1.938681999945402,2400,0,2400,2400,21,21,0,1,0,0.0,1
15,cold,negative,PACER-A-NoBounds,8000,64,10,1,0.000125,1,1.0,1,none,0,0,0,1,1,1.0,0.12473599986151385,1,1,1,1,55,1,1,1,0,0.0,0
15,cold,negative,StaleNoRecheck,8000,64,10,1,0.000125,0,0.0,0,candidate_starvation,0,0,0,0,0,1.0,0.7303849999971135,998,0,998,998,0,8,0,1,0,0.0,0
15,cold,negative,NaiveNoPolicy,8000,64,10,1,0.000125,10,0.0,0,ranking_truncation,10,0,10,0,10,0.0,0.2350699999169592,998,998,998,0,0,8,0,1,0,0.0,0
16,broad,negative,ExactSecure,8000,64,10,3495,0.436875,10,1.0,1,none,0,0,0,10,10,1.0,4.173392999973657,8000,3495,3495,8000,0,0,1,1,0,0.0,0
16,broad,negative,PreFilter-Exact,8000,64,10,3495,0.436875,10,1.0,1,none,0,0,0,10,10,1.0,4.1021660001661076,8000,3495,3495,8000,0,0,1,1,0,0.0,0
16,broad,negative,BitmapSlice-Exact,8000,64,10,3495,0.436875,10,1.0,1,none,0,0,0,10,10,1.0,6.754020000016681,3888,3495,3495,3888,0,0,1,1,0,0.0,0
16,broad,negative,ScalarOnly,8000,64,10,3495,0.436875,10,0.0,0,ranking_truncation,0,0,0,10,10,1.0,4.138214000022344,8000,3495,0,8000,0,0,0,1,0,0.0,0
16,broad,negative,PostFilter-IVF,8000,64,10,3495,0.436875,10,0.7,0,ranking_truncation,0,0,0,10,10,1.0,0.7606330000271555,960,372,960,960,0,8,0,1,0,0.0,0
16,broad,negative,AdaptivePostFilter-IVF,8000,64,10,3495,0.436875,10,1.0,1,none,0,0,0,10,10,1.0,4.52518199995211,4800,2102,4800,4800,0,38,0,1,0,0.0,0
16,broad,negative,ExactPrefix-PostFilter,8000,64,10,3495,0.436875,10,1.0,1,none,0,0,0,10,10,1.0,2.3517479999100033,2400,994,8000,2400,0,0,0,1,0,0.0,0
16,broad,negative,TenantPartition-IVF,8000,64,10,3495,0.436875,10,0.7,0,ranking_truncation,0,0,0,10,10,1.0,0.6819949999226083,960,372,960,960,0,8,0,1,0,0.0,0
16,broad,negative,PreFilter-IVF,8000,64,10,3495,0.436875,10,0.7,0,ranking_truncation,0,0,0,10,10,1.0,1.381106000053478,938,363,363,938,8,8,0,1,0,0.0,0
16,broad,negative,PACER-A,8000,64,10,3495,0.436875,10,1.0,1,none,0,0,0,10,10,1.0,7.40416999997251,2400,2157,2400,2400,39,39,0,1,0,0.6312816739082336,1
16,broad,negative,PACER-C,8000,64,10,3495,0.436875,10,1.0,1,none,0,0,0,10,10,1.0,11.724660000027143,3888,3495,3888,3888,64,64,1,1,0,0.0,0
16,broad,negative,PACER-X,8000,64,10,3495,0.436875,10,1.0,1,none,0,0,0,10,10,1.0,11.520807999886529,3888,3495,3888,3888,64,64,1,1,0,0.0,0
16,broad,negative,PACER-A-NoSlices,8000,64,10,3495,0.436875,10,0.9,0,ranking_truncation,0,0,0,10,10,1.0,3.037679000044591,2400,1022,2400,2400,19,19,0,1,0,0.6572671234607697,1
16,broad,negative,PACER-A-NoBounds,8000,64,10,3495,0.436875,10,1.0,1,none,0,0,0,10,10,1.0,7.733113000085723,2400,2156,2400,2400,39,39,0,1,0,0.0,1
16,broad,negative,StaleNoRecheck,8000,64,10,3495,0.436875,10,0.7,0,ranking_truncation,0,2,0,8,10,0.8,0.7407109999348904,960,426,960,960,0,8,0,1,0,0.0,0
16,broad,negative,NaiveNoPolicy,8000,64,10,3495,0.436875,10,0.4,0,ranking_truncation,0,1,6,4,10,0.4,0.24526700008209446,960,960,960,0,0,8,0,1,0,0.0,0
17,medium,negative,ExactSecure,8000,64,10,182,0.02275,10,1.0,1,none,0,0,0,10,10,1.0,4.174061999947298,8000,182,182,8000,0,0,1,1,0,0.0,0
17,medium,negative,PreFilter-Exact,8000,64,10,182,0.02275,10,1.0,1,none,0,0,0,10,10,1.0,3.9355900000828115,8000,182,182,8000,0,0,1,1,0,0.0,0
17,medium,negative,BitmapSlice-Exact,8000,64,10,182,0.02275,10,1.0,1,none,0,0,0,10,10,1.0,0.4492779999054619,211,182,182,211,0,0,1,1,0,0.0,0
17,medium,negative,ScalarOnly,8000,64,10,182,0.02275,10,0.0,0,ranking_truncation,0,0,0,10,10,1.0,3.907800999968458,8000,182,0,8000,0,0,0,1,0,0.0,0
17,medium,negative,PostFilter-IVF,8000,64,10,182,0.02275,10,0.4,0,ranking_truncation,0,0,0,10,10,1.0,0.6811839998590585,879,18,879,879,0,8,0,1,0,0.0,0
17,medium,negative,AdaptivePostFilter-IVF,8000,64,10,182,0.02275,10,1.0,1,none,0,0,0,10,10,1.0,4.122145999872373,4800,110,4800,4800,0,40,0,1,0,0.0,0
17,medium,negative,ExactPrefix-PostFilter,8000,64,10,182,0.02275,10,1.0,1,none,0,0,0,10,10,1.0,2.1181979998345923,2400,59,8000,2400,0,0,0,1,0,0.0,0
17,medium,negative,TenantPartition-IVF,8000,64,10,182,0.02275,10,0.4,0,ranking_truncation,0,0,0,10,10,1.0,0.4492680000112159,879,18,879,879,0,8,0,1,0,0.0,0
17,medium,negative,PreFilter-IVF,8000,64,10,182,0.02275,10,0.4,0,ranking_truncation,0,0,0,10,10,1.0,1.3562899998760258,910,23,23,910,11,8,0,1,0,0.0,0
17,medium,negative,PACER-A,8000,64,10,182,0.02275,10,1.0,1,none,0,0,0,10,10,1.0,3.972453999949721,211,182,211,211,64,50,1,1,0,0.0,0
17,medium,negative,PACER-C,8000,64,10,182,0.02275,10,1.0,1,none,0,0,0,10,10,1.0,3.7334910000481614,211,182,211,211,64,50,1,1,0,0.0,0
17,medium,negative,PACER-X,8000,64,10,182,0.02275,10,1.0,1,none,0,0,0,10,10,1.0,3.467493000016475,211,182,211,211,64,50,1,1,0,0.0,0
17,medium,negative,PACER-A-NoSlices,8000,64,10,182,0.02275,10,0.9,0,ranking_truncation,0,0,0,10,10,1.0,2.3568750000322325,2400,61,2400,2400,21,21,0,1,0,0.7994314134120941,1
17,medium,negative,PACER-A-NoBounds,8000,64,10,182,0.02275,10,1.0,1,none,0,0,0,10,10,1.0,3.4822669999812206,211,182,211,211,64,50,1,1,0,0.0,0
17,medium,negative,StaleNoRecheck,8000,64,10,182,0.02275,10,0.4,0,ranking_truncation,0,3,0,7,10,0.7,0.6645369999205286,879,22,879,879,0,8,0,1,0,0.0,0
17,medium,negative,NaiveNoPolicy,8000,64,10,182,0.02275,10,0.0,0,ranking_truncation,10,1,10,0,10,0.0,0.21772399986730306,879,879,879,0,0,8,0,1,0,0.0,0
18,narrow,negative,ExactSecure,8000,64,10,10,0.00125,10,1.0,1,none,0,0,0,10,10,1.0,3.6215340001035656,8000,10,10,8000,0,0,1,1,0,0.0,0
18,narrow,negative,PreFilter-Exact,8000,64,10,10,0.00125,10,1.0,1,none,0,0,0,10,10,1.0,3.694748000043546,8000,10,10,8000,0,0,1,1,0,0.0,0
18,narrow,negative,BitmapSlice-Exact,8000,64,10,10,0.00125,10,1.0,1,none,0,0,0,10,10,1.0,0.08748999994168116,11,10,10,11,0,0,1,1,0,0.0,0
18,narrow,negative,ScalarOnly,8000,64,10,10,0.00125,10,1.0,0,ranking_truncation,0,0,0,10,10,1.0,3.603118999990329,8000,10,0,8000,0,0,0,1,0,0.0,0
18,narrow,negative,PostFilter-IVF,8000,64,10,10,0.00125,0,0.0,0,candidate_starvation,0,0,0,0,0,1.0,0.7154809998155542,976,0,976,976,0,8,0,1,0,0.0,0
18,narrow,negative,AdaptivePostFilter-IVF,8000,64,10,10,0.00125,3,0.3,0,candidate_starvation,0,0,0,3,3,1.0,3.9564840001276025,4800,3,4800,4800,0,39,0,1,0,0.0,0
18,narrow,negative,ExactPrefix-PostFilter,8000,64,10,10,0.00125,2,0.2,0,candidate_starvation,0,0,0,2,2,1.0,2.11299800002962,2400,2,8000,2400,0,0,0,1,0,0.0,0
18,narrow,negative,TenantPartition-IVF,8000,64,10,10,0.00125,0,0.0,0,candidate_starvation,0,0,0,0,0,1.0,0.4943619999266957,976,0,976,976,0,8,0,1,0,0.0,0
18,narrow,negative,PreFilter-IVF,8000,64,10,10,0.00125,10,1.0,1,none,0,0,0,10,10,1.0,0.7322740000290651,406,10,10,406,64,3,0,1,0,0.0,0
18,narrow,negative,PACER-A,8000,64,10,10,0.00125,10,1.0,1,none,0,0,0,10,10,1.0,0.41268100017077813,11,10,11,11,56,3,1,1,0,0.0,0
18,narrow,negative,PACER-C,8000,64,10,10,0.00125,10,1.0,1,none,0,0,0,10,10,1.0,0.306433000105244,11,10,11,11,56,3,1,1,0,0.0,0
18,narrow,negative,PACER-X,8000,64,10,10,0.00125,10,1.0,1,none,0,0,0,10,10,1.0,0.2763670001968421,11,10,11,11,56,3,1,1,0,0.0,0
18,narrow,negative,PACER-A-NoSlices,8000,64,10,10,0.00125,2,0.2,0,candidate_starvation,0,0,0,2,2,1.0,1.8030059998181969,2400,2,2400,2400,20,20,0,1,0,0.0,1
18,narrow,negative,PACER-A-NoBounds,8000,64,10,10,0.00125,10,1.0,1,none,0,0,0,10,10,1.0,0.2827410000918462,11,10,11,11,64,3,1,1,0,0.0,0
18,narrow,negative,StaleNoRecheck,8000,64,10,10,0.00125,0,0.0,0,candidate_starvation,0,0,0,0,0,1.0,0.6734379999215889,976,0,976,976,0,8,0,1,0,0.0,0
18,narrow,negative,NaiveNoPolicy,8000,64,10,10,0.00125,10,0.0,0,ranking_truncation,10,0,10,0,10,0.0,0.2200899998570094,976,976,976,0,0,8,0,1,0,0.0,0
19,cold,negative,ExactSecure,8000,64,10,2,0.00025,2,1.0,1,none,0,0,0,2,2,1.0,3.7301209999895946,8000,2,2,8000,0,0,1,1,0,0.0,0
19,cold,negative,PreFilter-Exact,8000,64,10,2,0.00025,2,1.0,1,none,0,0,0,2,2,1.0,3.7364150000485097,8000,2,2,8000,0,0,1,1,0,0.0,0
19,cold,negative,BitmapSlice-Exact,8000,64,10,2,0.00025,2,1.0,1,none,0,0,0,2,2,1.0,0.06851700004517625,2,2,2,2,0,0,1,1,0,0.0,0
19,cold,negative,ScalarOnly,8000,64,10,2,0.00025,2,1.0,1,none,0,0,0,2,2,1.0,3.874773000006826,8000,2,0,8000,0,0,0,1,0,0.0,0
19,cold,negative,PostFilter-IVF,8000,64,10,2,0.00025,1,0.5,0,candidate_starvation,0,0,0,1,1,1.0,0.7011350000993843,957,1,957,957,0,8,0,1,0,0.0,0
19,cold,negative,AdaptivePostFilter-IVF,8000,64,10,2,0.00025,1,0.5,0,candidate_starvation,0,0,0,1,1,1.0,4.049417000032918,4800,1,4800,4800,0,38,0,1,0,0.0,0
19,cold,negative,ExactPrefix-PostFilter,8000,64,10,2,0.00025,1,0.5,0,candidate_starvation,0,0,0,1,1,1.0,2.076306999924782,2400,1,8000,2400,0,0,0,1,0,0.0,0
19,cold,negative,TenantPartition-IVF,8000,64,10,2,0.00025,1,0.5,0,candidate_starvation,0,0,0,1,1,1.0,0.5051829998592439,957,1,957,957,0,8,0,1,0,0.0,0
19,cold,negative,PreFilter-IVF,8000,64,10,2,0.00025,2,1.0,1,none,0,0,0,2,2,1.0,0.6507590001092467,332,2,2,332,64,2,0,1,0,0.0,0
19,cold,negative,PACER-A,8000,64,10,2,0.00025,2,1.0,1,none,0,0,0,2,2,1.0,0.2536789997975575,2,2,2,2,63,2,1,1,0,0.0,0
19,cold,negative,PACER-C,8000,64,10,2,0.00025,2,1.0,1,none,0,0,0,2,2,1.0,0.19984100003966887,2,2,2,2,63,2,1,1,0,0.0,0
19,cold,negative,PACER-X,8000,64,10,2,0.00025,2,1.0,1,none,0,0,0,2,2,1.0,0.19237400010752026,2,2,2,2,63,2,1,1,0,0.0,0
19,cold,negative,PACER-A-NoSlices,8000,64,10,2,0.00025,1,0.5,0,candidate_starvation,0,0,0,1,1,1.0,1.7869660000542353,2400,1,2400,2400,19,19,0,1,0,0.0,1
19,cold,negative,PACER-A-NoBounds,8000,64,10,2,0.00025,2,1.0,1,none,0,0,0,2,2,1.0,0.21170900004108262,2,2,2,2,62,2,1,1,0,0.0,0
19,cold,negative,StaleNoRecheck,8000,64,10,2,0.00025,1,0.5,0,candidate_starvation,0,0,0,1,1,1.0,0.648488000024372,957,1,957,957,0,8,0,1,0,0.0,0
19,cold,negative,NaiveNoPolicy,8000,64,10,2,0.00025,10,0.0,0,ranking_truncation,10,1,10,0,10,0.0,0.2125460000570456,957,957,957,0,0,8,0,1,0,0.0,0
20,broad,negative,ExactSecure,8000,64,10,3563,0.445375,10,1.0,1,none,0,0,0,10,10,1.0,4.276163000213273,8000,3563,3563,8000,0,0,1,1,0,0.0,0
20,broad,negative,PreFilter-Exact,8000,64,10,3563,0.445375,10,1.0,1,none,0,0,0,10,10,1.0,4.050269000117623,8000,3563,3563,8000,0,0,1,1,0,0.0,0
20,broad,negative,BitmapSlice-Exact,8000,64,10,3563,0.445375,10,1.0,1,none,0,0,0,10,10,1.0,6.505599000092843,4004,3563,3563,4004,0,0,1,1,0,0.0,0
20,broad,negative,ScalarOnly,8000,64,10,3563,0.445375,10,0.0,0,ranking_truncation,0,0,0,10,10,1.0,3.8248199998633936,8000,3563,0,8000,0,0,0,1,0,0.0,0
20,broad,negative,PostFilter-IVF,8000,64,10,3563,0.445375,10,0.4,0,ranking_truncation,0,0,0,10,10,1.0,0.8085780000328668,1027,531,1027,1027,0,8,0,1,0,0.0,0
20,broad,negative,AdaptivePostFilter-IVF,8000,64,10,3563,0.445375,10,0.9,0,ranking_truncation,0,0,0,10,10,1.0,4.291707999982464,4800,2188,4800,4800,0,38,0,1,0,0.0,0
20,broad,negative,ExactPrefix-PostFilter,8000,64,10,3563,0.445375,10,1.0,1,none,0,0,0,10,10,1.0,2.2798449999754666,2400,1084,8000,2400,0,0,0,1,0,0.0,0
20,broad,negative,TenantPartition-IVF,8000,64,10,3563,0.445375,10,0.4,0,ranking_truncation,0,0,0,10,10,1.0,0.9023830000387534,1027,531,1027,1027,0,8,0,1,0,0.0,0
20,broad,negative,PreFilter-IVF,8000,64,10,3563,0.445375,10,0.3,0,ranking_truncation,0,0,0,10,10,1.0,1.1280749999968975,1036,542,542,1036,8,8,0,1,0,0.0,0
20,broad,negative,PACER-A,8000,64,10,3563,0.445375,10,0.9,0,ranking_truncation,0,0,0,10,10,1.0,6.9421260000126495,2400,2130,2400,2400,38,38,0,1,0,0.6255475878715515,1
20,broad,negative,PACER-C,8000,64,10,3563,0.445375,10,1.0,1,none,0,0,0,10,10,1.0,11.219621000009283,4004,3563,4004,4004,64,64,1,1,0,0.0,0
20,broad,negative,PACER-X,8000,64,10,3563,0.445375,10,1.0,1,none,0,0,0,10,10,1.0,11.124321999886888,4004,3563,4004,4004,64,64,1,1,0,0.0,0
20,broad,negative,PACER-A-NoSlices,8000,64,10,3563,0.445375,10,0.9,0,ranking_truncation,0,0,0,10,10,1.0,2.672100999916438,2400,1161,2400,2400,20,20,0,1,0,0.6435102224349976,1
20,broad,negative,PACER-A-NoBounds,8000,64,10,3563,0.445375,10,0.9,0,ranking_truncation,0,0,0,10,10,1.0,6.908215000066775,2400,2131,2400,2400,37,37,0,1,0,0.0,1
20,broad,negative,StaleNoRecheck,8000,64,10,3563,0.445375,10,0.4,0,ranking_truncation,0,0,0,10,10,1.0,0.7753240001875383,1027,591,1027,1027,0,8,0,1,0,0.0,0
20,broad,negative,NaiveNoPolicy,8000,64,10,3563,0.445375,10,0.4,0,ranking_truncation,0,1,5,5,10,0.5,0.25396000000910135,1027,1027,1027,0,0,8,0,1,0,0.0,0
21,medium,negative,ExactSecure,8000,64,10,181,0.022625,10,1.0,1,none,0,0,0,10,10,1.0,4.103747000044677,8000,181,181,8000,0,0,1,1,0,0.0,0
21,medium,negative,PreFilter-Exact,8000,64,10,181,0.022625,10,1.0,1,none,0,0,0,10,10,1.0,4.081808999899295,8000,181,181,8000,0,0,1,1,0,0.0,0
21,medium,negative,BitmapSlice-Exact,8000,64,10,181,0.022625,10,1.0,1,none,0,0,0,10,10,1.0,0.42910699994536117,198,181,181,198,0,0,1,1,0,0.0,0
21,medium,negative,ScalarOnly,8000,64,10,181,0.022625,10,0.0,0,ranking_truncation,0,0,0,10,10,1.0,4.133828000021822,8000,181,0,8000,0,0,0,1,0,0.0,0
21,medium,negative,PostFilter-IVF,8000,64,10,181,0.022625,10,0.3,0,ranking_truncation,0,0,0,10,10,1.0,0.9025730000757903,1144,53,1144,1144,0,8,0,1,0,0.0,0
21,medium,negative,AdaptivePostFilter-IVF,8000,64,10,181,0.022625,10,0.8,0,ranking_truncation,0,0,0,10,10,1.0,4.471412999919266,4800,117,4800,4800,0,41,0,1,0,0.0,0
21,medium,negative,ExactPrefix-PostFilter,8000,64,10,181,0.022625,10,1.0,1,none,0,0,0,10,10,1.0,2.6242599999477534,2400,59,8000,2400,0,0,0,1,0,0.0,0
21,medium,negative,TenantPartition-IVF,8000,64,10,181,0.022625,10,0.3,0,ranking_truncation,0,0,0,10,10,1.0,0.5613929999981337,1144,53,1144,1144,0,8,0,1,0,0.0,0
21,medium,negative,PreFilter-IVF,8000,64,10,181,0.022625,10,0.4,0,ranking_truncation,0,0,0,10,10,1.0,1.1874140000145417,1180,50,50,1180,10,8,0,1,0,0.0,0
21,medium,negative,PACER-A,8000,64,10,181,0.022625,10,1.0,1,none,0,0,0,10,10,1.0,3.5231580000072427,198,181,198,198,64,49,1,1,0,0.0,0
21,medium,negative,PACER-C,8000,64,10,181,0.022625,10,1.0,1,none,0,0,0,10,10,1.0,3.4949500000038825,198,181,198,198,64,49,1,1,0,0.0,0
21,medium,negative,PACER-X,8000,64,10,181,0.022625,10,1.0,1,none,0,0,0,10,10,1.0,3.355238000040117,198,181,198,198,64,49,1,1,0,0.0,0
21,medium,negative,PACER-A-NoSlices,8000,64,10,181,0.022625,10,0.6,0,ranking_truncation,0,0,0,10,10,1.0,2.314842000032513,2400,76,2400,2400,20,20,0,1,0,0.7875525504350662,1
21,medium,negative,PACER-A-NoBounds,8000,64,10,181,0.022625,10,1.0,1,none,0,0,0,10,10,1.0,3.5404719999405643,198,181,198,198,64,49,1,1,0,0.0,0
21,medium,negative,StaleNoRecheck,8000,64,10,181,0.022625,10,0.3,0,ranking_truncation,0,0,0,10,10,1.0,0.8395229999678122,1144,61,1144,1144,0,8,0,1,0,0.0,0
21,medium,negative,NaiveNoPolicy,8000,64,10,181,0.022625,10,0.0,0,ranking_truncation,9,1,9,0,10,0.0,0.28000800011795945,1144,1144,1144,0,0,8,0,1,0,0.0,0
22,narrow,negative,ExactSecure,8000,64,10,5,0.000625,5,1.0,1,none,0,0,0,5,5,1.0,3.7308430000848603,8000,5,5,8000,0,0,1,1,0,0.0,0
22,narrow,negative,PreFilter-Exact,8000,64,10,5,0.000625,5,1.0,1,none,0,0,0,5,5,1.0,3.6795940000047267,8000,5,5,8000,0,0,1,1,0,0.0,0
22,narrow,negative,BitmapSlice-Exact,8000,64,10,5,0.000625,5,1.0,1,none,0,0,0,5,5,1.0,0.10243099995932425,5,5,5,5,0,0,1,1,0,0.0,0
22,narrow,negative,ScalarOnly,8000,64,10,5,0.000625,5,1.0,0,ranking_truncation,0,0,0,5,5,1.0,3.749441000081788,8000,5,0,8000,0,0,0,1,0,0.0,0
22,narrow,negative,PostFilter-IVF,8000,64,10,5,0.000625,2,0.4,0,candidate_starvation,0,0,0,2,2,1.0,0.7772989999921265,977,2,977,977,0,8,0,1,0,0.0,0
22,narrow,negative,AdaptivePostFilter-IVF,8000,64,10,5,0.000625,5,1.0,1,none,0,0,0,5,5,1.0,4.072750999966956,4800,5,4800,4800,0,39,0,1,0,0.0,0
22,narrow,negative,ExactPrefix-PostFilter,8000,64,10,5,0.000625,4,0.8,0,candidate_starvation,0,0,0,4,4,1.0,2.066074000140361,2400,4,8000,2400,0,0,0,1,0,0.0,0
22,narrow,negative,TenantPartition-IVF,8000,64,10,5,0.000625,2,0.4,0,candidate_starvation,0,0,0,2,2,1.0,0.43463900010465295,977,2,977,977,0,8,0,1,0,0.0,0
22,narrow,negative,PreFilter-IVF,8000,64,10,5,0.000625,5,1.0,1,none,0,0,0,5,5,1.0,0.5978229999072937,238,5,5,238,64,2,0,1,0,0.0,0
22,narrow,negative,PACER-A,8000,64,10,5,0.000625,5,1.0,1,none,0,0,0,5,5,1.0,0.24957899995570187,5,5,5,5,9,2,1,1,0,0.0,0
22,narrow,negative,PACER-C,8000,64,10,5,0.000625,5,1.0,1,none,0,0,0,5,5,1.0,0.20086099993932294,5,5,5,5,9,2,1,1,0,0.0,0
22,narrow,negative,PACER-X,8000,64,10,5,0.000625,5,1.0,1,none,0,0,0,5,5,1.0,0.2403270000286284,5,5,5,5,9,2,1,1,0,0.0,0
22,narrow,negative,PACER-A-NoSlices,8000,64,10,5,0.000625,5,1.0,1,none,0,0,0,5,5,1.0,1.900955000110116,2400,5,2400,2400,20,20,0,1,0,0.0,1
22,narrow,negative,PACER-A-NoBounds,8000,64,10,5,0.000625,5,1.0,1,none,0,0,0,5,5,1.0,0.23101599981600884,5,5,5,5,14,2,1,1,0,0.0,0
22,narrow,negative,StaleNoRecheck,8000,64,10,5,0.000625,2,0.4,0,candidate_starvation,0,0,0,2,2,1.0,0.6961019998925622,977,2,977,977,0,8,0,1,0,0.0,0
22,narrow,negative,NaiveNoPolicy,8000,64,10,5,0.000625,10,0.0,0,ranking_truncation,10,4,10,0,10,0.0,0.23394300001200463,977,977,977,0,0,8,0,1,0,0.0,0
23,cold,negative,ExactSecure,8000,64,10,6,0.00075,6,1.0,1,none,0,0,0,6,6,1.0,8.357810999996218,8000,6,6,8000,0,0,1,1,0,0.0,0
23,cold,negative,PreFilter-Exact,8000,64,10,6,0.00075,6,1.0,1,none,0,0,0,6,6,1.0,8.440306000011333,8000,6,6,8000,0,0,1,1,0,0.0,0
23,cold,negative,BitmapSlice-Exact,8000,64,10,6,0.00075,6,1.0,1,none,0,0,0,6,6,1.0,0.17817299999478564,8,6,6,8,0,0,1,1,0,0.0,0
23,cold,negative,ScalarOnly,8000,64,10,6,0.00075,6,1.0,0,ranking_truncation,0,0,0,6,6,1.0,8.354286999974647,8000,6,0,8000,0,0,0,1,0,0.0,0
23,cold,negative,PostFilter-IVF,8000,64,10,6,0.00075,0,0.0,0,candidate_starvation,0,0,0,0,0,1.0,1.4058540000405628,917,0,917,917,0,8,0,1,0,0.0,0
23,cold,negative,AdaptivePostFilter-IVF,8000,64,10,6,0.00075,4,0.6666666666666666,0,candidate_starvation,0,0,0,4,4,1.0,8.328835999918738,4800,4,4800,4800,0,40,0,1,0,0.0,0
23,cold,negative,ExactPrefix-PostFilter,8000,64,10,6,0.00075,2,0.3333333333333333,0,candidate_starvation,0,0,0,2,2,1.0,3.774833999841576,2400,2,8000,2400,0,0,0,1,0,0.0,0
23,cold,negative,TenantPartition-IVF,8000,64,10,6,0.00075,0,0.0,0,candidate_starvation,0,0,0,0,0,1.0,0.6938220001302398,917,0,917,917,0,8,0,1,0,0.0,0
23,cold,negative,PreFilter-IVF,8000,64,10,6,0.00075,6,1.0,1,none,0,0,0,6,6,1.0,1.441034999970725,523,6,6,523,64,4,0,1,0,0.0,0
23,cold,negative,PACER-A,8000,64,10,6,0.00075,6,1.0,1,none,0,0,0,6,6,1.0,0.705797000136954,8,6,8,8,63,4,1,1,0,0.0,0
23,cold,negative,PACER-C,8000,64,10,6,0.00075,6,1.0,1,none,0,0,0,6,6,1.0,0.6180750001476554,8,6,8,8,63,4,1,1,0,0.0,0
23,cold,negative,PACER-X,8000,64,10,6,0.00075,6,1.0,1,none,0,0,0,6,6,1.0,0.608188000114751,8,6,8,8,63,4,1,1,0,0.0,0
23,cold,negative,PACER-A-NoSlices,8000,64,10,6,0.00075,3,0.5,0,candidate_starvation,0,0,0,3,3,1.0,4.036424000105399,2400,3,2400,2400,21,21,0,1,0,0.0,1
23,cold,negative,PACER-A-NoBounds,8000,64,10,6,0.00075,6,1.0,1,none,0,0,0,6,6,1.0,0.6084190001729439,8,6,8,8,60,4,1,1,0,0.0,0
23,cold,negative,StaleNoRecheck,8000,64,10,6,0.00075,0,0.0,0,candidate_starvation,0,0,0,0,0,1.0,1.2544670000806946,917,0,917,917,0,8,0,1,0,0.0,0
23,cold,negative,NaiveNoPolicy,8000,64,10,6,0.00075,10,0.0,0,ranking_truncation,10,1,9,0,10,0.0,0.33539600008225534,917,917,917,0,0,8,0,1,0,0.0,0
