query_id,method,regime,recall_at_k,secure_topk_exact,failure_mode,policy_violations,deleted_violations,tenant_violations,latency_ms,raw_candidates,distance_evals,policy_checks,certified
0,PostFilter-IVF,broad,1.0,1,none,0,0,0,2.4183749999338033,2500,2500,2500,0
0,PreFilter-IVF,broad,1.0,1,none,0,0,0,7.668749999993452,2640,119,2640,0
0,BitmapSlice-Exact,broad,1.0,1,none,0,0,0,1.4454509998813592,463,407,463,1
0,PACER-A,broad,1.0,1,none,0,0,0,4.486226999915743,463,463,463,1
0,PACER-C,broad,1.0,1,none,0,0,0,5.156025999895064,463,463,463,1
0,PACER-X,broad,1.0,1,none,0,0,0,5.806113000062396,463,463,463,1
1,PostFilter-IVF,medium,0.5,0,candidate_starvation,0,0,0,2.894115999879432,2500,2500,2500,0
1,PreFilter-IVF,medium,1.0,1,none,0,0,0,4.0490259998477995,1608,8,1608,0
1,BitmapSlice-Exact,medium,1.0,1,none,0,0,0,0.19043799989049148,8,8,8,1
1,PACER-A,medium,1.0,1,none,0,0,0,0.7329959998969571,8,8,8,1
1,PACER-C,medium,1.0,1,none,0,0,0,0.52265899989834,8,8,8,1
1,PACER-X,medium,1.0,1,none,0,0,0,0.5727570000999549,8,8,8,1
2,PostFilter-IVF,narrow,1.0,1,none,0,0,0,2.91342699983943,2500,2500,2500,0
2,PreFilter-IVF,narrow,1.0,1,none,0,0,0,1.9998379998469318,510,2,510,0
2,BitmapSlice-Exact,narrow,1.0,1,none,0,0,0,0.15299300002880045,3,2,3,1
2,PACER-A,narrow,1.0,1,none,0,0,0,0.38208299997677386,3,3,3,1
2,PACER-C,narrow,1.0,1,none,0,0,0,0.2955869999823335,3,3,3,1
2,PACER-X,narrow,1.0,1,none,0,0,0,0.274181999884604,3,3,3,1
3,PostFilter-IVF,cold,0.5,0,candidate_starvation,0,0,0,2.212695999787684,2500,2500,2500,0
3,PreFilter-IVF,cold,1.0,1,none,0,0,0,1.2243059998127137,751,4,751,0
3,BitmapSlice-Exact,cold,1.0,1,none,0,0,0,0.09019900016937754,4,4,4,1
3,PACER-A,cold,1.0,1,none,0,0,0,0.42663499993977894,4,4,4,1
3,PACER-C,cold,1.0,1,none,0,0,0,0.3408909999507159,4,4,4,1
3,PACER-X,cold,1.0,1,none,0,0,0,0.359384000148566,4,4,4,1
4,PostFilter-IVF,broad,1.0,1,none,0,0,0,2.6043919999665377,2500,2500,2500,0
4,PreFilter-IVF,broad,1.0,1,none,0,0,0,4.411896999954479,2640,399,2640,0
4,BitmapSlice-Exact,broad,1.0,1,none,0,0,0,4.9143429998821375,1432,1274,1432,1
4,PACER-A,broad,1.0,1,none,0,0,0,10.78700499988372,1200,1200,1200,0
4,PACER-C,broad,1.0,1,none,0,0,0,10.455151000087426,1432,1432,1432,1
4,PACER-X,broad,1.0,1,none,0,0,0,7.8661860000011075,1432,1432,1432,1
5,PostFilter-IVF,medium,1.0,1,none,0,0,0,2.3586579998209345,2500,2500,2500,0
5,PreFilter-IVF,medium,1.0,1,none,0,0,0,1.8562469999778841,482,24,482,0
5,BitmapSlice-Exact,medium,1.0,1,none,0,0,0,0.1880410000012489,28,24,28,1
5,PACER-A,medium,1.0,1,none,0,0,0,0.34978000007868104,28,28,28,1
5,PACER-C,medium,1.0,1,none,0,0,0,0.3122969999367342,28,28,28,1
5,PACER-X,medium,1.0,1,none,0,0,0,0.31010999987302057,28,28,28,1
6,PostFilter-IVF,narrow,1.0,1,none,0,0,0,2.5002390000281594,2500,2500,2500,0
6,PreFilter-IVF,narrow,1.0,1,none,0,0,0,0.7336989999657817,337,3,337,0
6,BitmapSlice-Exact,narrow,1.0,1,none,0,0,0,0.08428699993601185,3,3,3,1
6,PACER-A,narrow,1.0,1,none,0,0,0,0.21761500011052703,3,3,3,1
6,PACER-C,narrow,1.0,1,none,0,0,0,0.18905399997493078,3,3,3,1
6,PACER-X,narrow,1.0,1,none,0,0,0,0.17781900010049867,3,3,3,1
7,PostFilter-IVF,cold,1.0,1,none,0,0,0,2.0795929999621876,2500,2500,2500,0
7,PreFilter-IVF,cold,1.0,1,none,0,0,0,0.4613460000655323,265,1,265,0
7,BitmapSlice-Exact,cold,1.0,1,none,0,0,0,0.07686699996156676,1,1,1,1
7,PACER-A,cold,1.0,1,none,0,0,0,0.293089000024338,1,1,1,1
7,PACER-C,cold,1.0,1,none,0,0,0,0.30047100017327466,1,1,1,1
7,PACER-X,cold,1.0,1,none,0,0,0,0.3034359999674052,1,1,1,1
8,PostFilter-IVF,broad,0.6,0,ranking_truncation,0,0,0,3.2906289998209104,2500,2500,2500,0
8,PreFilter-IVF,broad,0.6,0,ranking_truncation,0,0,0,7.227776000036101,2720,61,2720,0
8,BitmapSlice-Exact,broad,1.0,1,none,0,0,0,2.5429009999697882,510,434,510,1
8,PACER-A,broad,1.0,1,none,0,0,0,6.763456999806294,510,510,510,1
8,PACER-C,broad,1.0,1,none,0,0,0,6.284563999997772,510,510,510,1
8,PACER-X,broad,1.0,1,none,0,0,0,6.47765899998376,510,510,510,1
9,PostFilter-IVF,medium,1.0,1,none,0,0,0,2.416167999854224,2500,2500,2500,0
9,PreFilter-IVF,medium,1.0,1,none,0,0,0,3.149283999846375,854,16,854,0
9,BitmapSlice-Exact,medium,1.0,1,none,0,0,0,0.16356800006178673,16,16,16,1
9,PACER-A,medium,1.0,1,none,0,0,0,0.5366950001644,16,16,16,1
9,PACER-C,medium,1.0,1,none,0,0,0,0.3738139998858969,16,16,16,1
9,PACER-X,medium,1.0,1,none,0,0,0,0.3257609998854605,16,16,16,1
10,PostFilter-IVF,narrow,1.0,1,none,0,0,0,2.2266319999744155,2500,2500,2500,0
10,PreFilter-IVF,narrow,1.0,1,none,0,0,0,0.8540419999008009,425,3,425,0
10,BitmapSlice-Exact,narrow,1.0,1,none,0,0,0,0.08779900008448749,3,3,3,1
10,PACER-A,narrow,1.0,1,none,0,0,0,0.3142949999528355,3,3,3,1
10,PACER-C,narrow,1.0,1,none,0,0,0,0.37838899993403174,3,3,3,1
10,PACER-X,narrow,1.0,1,none,0,0,0,0.2971240000988473,3,3,3,1
11,PostFilter-IVF,cold,1.0,1,none,0,0,0,2.2115879999091703,2500,2500,2500,0
11,PreFilter-IVF,cold,1.0,1,none,0,0,0,1.279360000125962,390,1,390,0
11,BitmapSlice-Exact,cold,1.0,1,none,0,0,0,0.1290540001264162,1,1,1,1
11,PACER-A,cold,1.0,1,none,0,0,0,0.32295300002260774,1,1,1,1
11,PACER-C,cold,1.0,1,none,0,0,0,0.2682279998680315,1,1,1,1
11,PACER-X,cold,1.0,1,none,0,0,0,0.25058400001398695,1,1,1,1
12,PostFilter-IVF,broad,1.0,1,none,0,0,0,3.767100000004575,2500,2500,2500,0
12,PreFilter-IVF,broad,1.0,1,none,0,0,0,8.468473999982962,2642,349,2642,0
12,BitmapSlice-Exact,broad,1.0,1,none,0,0,0,4.880316000026141,1195,806,1195,1
12,PACER-A,broad,1.0,1,none,0,0,0,8.750017000011212,1195,1195,1195,1
12,PACER-C,broad,1.0,1,none,0,0,0,9.313309999924968,1195,1195,1195,1
12,PACER-X,broad,1.0,1,none,0,0,0,10.50327699999798,1195,1195,1195,1
13,PostFilter-IVF,medium,1.0,1,none,0,0,0,2.370018999954482,2500,2500,2500,0
13,PreFilter-IVF,medium,1.0,1,none,0,0,0,3.3083809998970537,2547,25,2547,0
13,BitmapSlice-Exact,medium,1.0,1,none,0,0,0,0.17839800011643092,31,25,31,1
13,PACER-A,medium,1.0,1,none,0,0,0,0.8226710001508764,31,31,31,1
13,PACER-C,medium,1.0,1,none,0,0,0,0.7402290000300127,31,31,31,1
13,PACER-X,medium,1.0,1,none,0,0,0,0.7130640001378197,31,31,31,1
14,PostFilter-IVF,narrow,0.8571428571428571,0,candidate_starvation,0,0,0,3.256429999964894,2500,2500,2500,0
14,PreFilter-IVF,narrow,1.0,1,none,0,0,0,3.124880999848756,1658,7,1658,0
14,BitmapSlice-Exact,narrow,1.0,1,none,0,0,0,0.14834199987490138,10,7,10,1
14,PACER-A,narrow,1.0,1,none,0,0,0,0.698136999972121,10,10,10,1
14,PACER-C,narrow,1.0,1,none,0,0,0,0.6154249999781314,10,10,10,1
14,PACER-X,narrow,1.0,1,none,0,0,0,0.6025309999131423,10,10,10,1
15,PostFilter-IVF,cold,0.0,0,candidate_starvation,0,0,0,3.8185839998732263,2500,2500,2500,0
15,PreFilter-IVF,cold,1.0,1,none,0,0,0,1.002520999918488,397,3,397,0
15,BitmapSlice-Exact,cold,1.0,1,none,0,0,0,0.12205500001982728,3,3,3,1
15,PACER-A,cold,1.0,1,none,0,0,0,0.348301000030915,3,3,3,1
15,PACER-C,cold,1.0,1,none,0,0,0,0.3305719999389112,3,3,3,1
15,PACER-X,cold,1.0,1,none,0,0,0,0.3014950000306271,3,3,3,1
16,PostFilter-IVF,broad,1.0,1,none,0,0,0,2.5121610001406225,2500,2500,2500,0
16,PreFilter-IVF,broad,1.0,1,none,0,0,0,8.767060000081983,2770,98,2770,0
16,BitmapSlice-Exact,broad,1.0,1,none,0,0,0,5.204601000059483,1683,1543,1683,1
16,PACER-A,broad,1.0,1,none,0,0,0,7.380229999853327,1200,1200,1200,0
16,PACER-C,broad,1.0,1,none,0,0,0,12.384629000052882,1683,1683,1683,1
16,PACER-X,broad,1.0,1,none,0,0,0,14.870519999931275,1683,1683,1683,1
17,PostFilter-IVF,medium,0.9,0,ranking_truncation,0,0,0,2.132704999894486,2500,2500,2500,0
17,PreFilter-IVF,medium,1.0,1,none,0,0,0,2.065039999934015,810,24,810,0
17,BitmapSlice-Exact,medium,1.0,1,none,0,0,0,0.16750700001466612,27,24,27,1
17,PACER-A,medium,1.0,1,none,0,0,0,0.5513289997907123,27,27,27,1
17,PACER-C,medium,1.0,1,none,0,0,0,0.7071440002164309,27,27,27,1
17,PACER-X,medium,1.0,1,none,0,0,0,0.5785000000742002,27,27,27,1
18,PostFilter-IVF,narrow,0.6,0,candidate_starvation,0,0,0,2.209731999982978,2500,2500,2500,0
18,PreFilter-IVF,narrow,1.0,1,none,0,0,0,1.5377000001990382,1165,5,1165,0
18,BitmapSlice-Exact,narrow,1.0,1,none,0,0,0,0.0939359999847511,5,5,5,1
18,PACER-A,narrow,1.0,1,none,0,0,0,0.471739999966303,5,5,5,1
18,PACER-C,narrow,1.0,1,none,0,0,0,0.4204479998861643,5,5,5,1
18,PACER-X,narrow,1.0,1,none,0,0,0,0.3803609999977198,5,5,5,1
19,PostFilter-IVF,cold,1.0,1,none,0,0,0,2.0829729999150004,2500,2500,2500,0
19,PreFilter-IVF,cold,1.0,1,none,0,0,0,1.376151999920694,439,2,439,0
19,BitmapSlice-Exact,cold,1.0,1,none,0,0,0,0.0874719999046647,3,2,3,1
19,PACER-A,cold,1.0,1,none,0,0,0,0.29330799998206203,3,3,3,1
19,PACER-C,cold,1.0,1,none,0,0,0,0.1940730001024349,3,3,3,1
19,PACER-X,cold,1.0,1,none,0,0,0,0.17506599988337257,3,3,3,1
20,PostFilter-IVF,broad,1.0,1,none,0,0,0,2.4310379999405995,2500,2500,2500,0
20,PreFilter-IVF,broad,1.0,1,none,0,0,0,7.063026999958311,2520,462,2520,0
20,BitmapSlice-Exact,broad,1.0,1,none,0,0,0,5.218758000182788,1548,1389,1548,1
20,PACER-A,broad,1.0,1,none,0,0,0,10.017104000098698,1200,1200,1200,0
20,PACER-C,broad,1.0,1,none,0,0,0,9.580320999930336,1548,1548,1548,1
20,PACER-X,broad,1.0,1,none,0,0,0,8.634517000018604,1548,1548,1548,1
21,PostFilter-IVF,medium,1.0,1,none,0,0,0,2.30445400006829,2500,2500,2500,0
21,PreFilter-IVF,medium,1.0,1,none,0,0,0,2.464508000002752,1157,19,1157,0
21,BitmapSlice-Exact,medium,1.0,1,none,0,0,0,0.14338500000121712,19,19,19,1
21,PACER-A,medium,1.0,1,none,0,0,0,0.45942199994897237,19,19,19,1
21,PACER-C,medium,1.0,1,none,0,0,0,0.4576489998271427,19,19,19,1
21,PACER-X,medium,1.0,1,none,0,0,0,0.39482099987253605,19,19,19,1
22,PostFilter-IVF,narrow,1.0,1,none,0,0,0,2.352772999984154,2500,2500,2500,0
22,PreFilter-IVF,narrow,1.0,1,none,0,0,0,0.710891999915475,217,2,217,0
22,BitmapSlice-Exact,narrow,1.0,1,none,0,0,0,0.08079999997789855,2,2,2,1
22,PACER-A,narrow,1.0,1,none,0,0,0,0.21451999987220916,2,2,2,1
22,PACER-C,narrow,1.0,1,none,0,0,0,0.17551299993101566,2,2,2,1
22,PACER-X,narrow,1.0,1,none,0,0,0,0.17046300013134896,2,2,2,1
23,PostFilter-IVF,cold,0.3333333333333333,0,candidate_starvation,0,0,0,3.6088739998376695,2500,2500,2500,0
23,PreFilter-IVF,cold,1.0,1,none,0,0,0,1.8696089998684329,655,3,655,0
23,BitmapSlice-Exact,cold,1.0,1,none,0,0,0,0.12187899983473471,3,3,3,1
23,PACER-A,cold,1.0,1,none,0,0,0,0.4743419999613252,3,3,3,1
23,PACER-C,cold,1.0,1,none,0,0,0,0.42136000001846696,3,3,3,1
23,PACER-X,cold,1.0,1,none,0,0,0,0.40876799994293833,3,3,3,1
24,PostFilter-IVF,broad,1.0,1,none,0,0,0,3.7756760000320355,2500,2500,2500,0
24,PreFilter-IVF,broad,1.0,1,none,0,0,0,7.062195000116844,2813,321,2813,0
24,BitmapSlice-Exact,broad,1.0,1,none,0,0,0,2.752637999947183,862,744,862,1
24,PACER-A,broad,1.0,1,none,0,0,0,6.449981000059779,862,862,862,1
24,PACER-C,broad,1.0,1,none,0,0,0,8.345103999999992,862,862,862,1
24,PACER-X,broad,1.0,1,none,0,0,0,6.276286000002074,862,862,862,1
25,PostFilter-IVF,medium,0.6,0,candidate_starvation,0,0,0,2.350559999968027,2500,2500,2500,0
25,PreFilter-IVF,medium,1.0,1,none,0,0,0,2.5774830000955262,1694,20,1694,0
25,BitmapSlice-Exact,medium,1.0,1,none,0,0,0,0.26266099985150504,21,20,21,1
25,PACER-A,medium,1.0,1,none,0,0,0,0.590615999954025,21,21,21,1
25,PACER-C,medium,1.0,1,none,0,0,0,0.7523189999574242,21,21,21,1
25,PACER-X,medium,1.0,1,none,0,0,0,0.5720859999200911,21,21,21,1
26,PostFilter-IVF,narrow,0.3333333333333333,0,candidate_starvation,0,0,0,2.930958999968425,2500,2500,2500,0
26,PreFilter-IVF,narrow,1.0,1,none,0,0,0,1.1472609999145789,1038,6,1038,0
26,BitmapSlice-Exact,narrow,1.0,1,none,0,0,0,0.12644000003092515,6,6,6,1
26,PACER-A,narrow,1.0,1,none,0,0,0,0.5089660000976437,6,6,6,1
26,PACER-C,narrow,1.0,1,none,0,0,0,0.5335400001058588,6,6,6,1
26,PACER-X,narrow,1.0,1,none,0,0,0,0.5539880000924313,6,6,6,1
27,PostFilter-IVF,cold,0.0,0,candidate_starvation,0,0,0,3.6623859998599073,2500,2500,2500,0
27,PreFilter-IVF,cold,1.0,1,none,0,0,0,1.0865919998650497,462,5,462,0
27,BitmapSlice-Exact,cold,1.0,1,none,0,0,0,0.13779300002170203,7,5,7,1
27,PACER-A,cold,1.0,1,none,0,0,0,0.3862139999455394,7,7,7,1
27,PACER-C,cold,1.0,1,none,0,0,0,0.3182269999797427,7,7,7,1
27,PACER-X,cold,1.0,1,none,0,0,0,0.3135949998522847,7,7,7,1
28,PostFilter-IVF,broad,0.5,0,ranking_truncation,0,0,0,2.545349999991231,2500,2500,2500,0
28,PreFilter-IVF,broad,0.6,0,ranking_truncation,0,0,0,8.064747000162242,2999,92,2999,0
28,BitmapSlice-Exact,broad,1.0,1,none,0,0,0,1.016841000136992,316,240,316,1
28,PACER-A,broad,1.0,1,none,0,0,0,3.626247000056537,316,316,316,1
28,PACER-C,broad,1.0,1,none,0,0,0,3.5146779998740385,316,316,316,1
28,PACER-X,broad,1.0,1,none,0,0,0,3.652764999969804,316,316,316,1
29,PostFilter-IVF,medium,1.0,1,none,0,0,0,2.3587740001858037,2500,2500,2500,0
29,PreFilter-IVF,medium,1.0,1,none,0,0,0,1.5686819999700674,217,11,217,0
29,BitmapSlice-Exact,medium,1.0,1,none,0,0,0,0.15199099993878917,11,11,11,1
29,PACER-A,medium,1.0,1,none,0,0,0,0.30453399995167274,11,11,11,1
29,PACER-C,medium,1.0,1,none,0,0,0,0.2553829999669688,11,11,11,1
29,PACER-X,medium,1.0,1,none,0,0,0,0.24446099996566772,11,11,11,1
30,PostFilter-IVF,narrow,0.3,0,candidate_starvation,0,0,0,2.520022999988214,2500,2500,2500,0
30,PreFilter-IVF,narrow,1.0,1,none,0,0,0,1.1051039998619672,795,10,795,0
30,BitmapSlice-Exact,narrow,1.0,1,none,0,0,0,0.1299990001371043,10,10,10,1
30,PACER-A,narrow,1.0,1,none,0,0,0,0.4332260000410315,10,10,10,1
30,PACER-C,narrow,1.0,1,none,0,0,0,0.4242770000928431,10,10,10,1
30,PACER-X,narrow,1.0,1,none,0,0,0,0.4001340000741038,10,10,10,1
31,PostFilter-IVF,cold,1.0,1,none,0,0,0,3.022910000026968,2366,2366,2366,0
31,PreFilter-IVF,cold,1.0,1,none,0,0,0,1.0888419999446342,318,1,318,0
31,BitmapSlice-Exact,cold,1.0,1,none,0,0,0,0.103400999933001,1,1,1,1
31,PACER-A,cold,1.0,1,none,0,0,0,0.32129999999597203,1,1,1,1
31,PACER-C,cold,1.0,1,none,0,0,0,0.2905619999182818,1,1,1,1
31,PACER-X,cold,1.0,1,none,0,0,0,0.27825200004372164,1,1,1,1
32,PostFilter-IVF,broad,0.8,0,ranking_truncation,0,0,0,2.70536500011076,2500,2500,2500,0
32,PreFilter-IVF,broad,0.8,0,ranking_truncation,0,0,0,4.979282000022067,2573,501,2573,0
32,BitmapSlice-Exact,broad,1.0,1,none,0,0,0,4.224521999958597,1008,850,1008,1
32,PACER-A,broad,1.0,1,none,0,0,0,6.918482999935804,1008,1008,1008,1
32,PACER-C,broad,1.0,1,none,0,0,0,6.152747999976782,1008,1008,1008,1
32,PACER-X,broad,1.0,1,none,0,0,0,6.330857999955697,1008,1008,1008,1
33,PostFilter-IVF,medium,1.0,1,none,0,0,0,2.3772970000663918,2500,2500,2500,0
33,PreFilter-IVF,medium,1.0,1,none,0,0,0,1.4527209998504986,397,20,397,0
33,BitmapSlice-Exact,medium,1.0,1,none,0,0,0,0.16601699985585583,21,20,21,1
33,PACER-A,medium,1.0,1,none,0,0,0,0.32622599997012003,21,21,21,1
33,PACER-C,medium,1.0,1,none,0,0,0,0.3021239999725367,21,21,21,1
33,PACER-X,medium,1.0,1,none,0,0,0,0.2850690000286704,21,21,21,1
34,PostFilter-IVF,narrow,1.0,1,none,0,0,0,2.855987999964782,2417,2417,2417,0
34,PreFilter-IVF,narrow,1.0,1,none,0,0,0,0.6999170000199229,337,3,337,0
34,BitmapSlice-Exact,narrow,1.0,1,none,0,0,0,0.11438899991844664,3,3,3,1
34,PACER-A,narrow,1.0,1,none,0,0,0,0.302508000004309,3,3,3,1
34,PACER-C,narrow,1.0,1,none,0,0,0,0.26789000003191177,3,3,3,1
34,PACER-X,narrow,1.0,1,none,0,0,0,0.2829720001500391,3,3,3,1
35,PostFilter-IVF,cold,1.0,1,none,0,0,0,3.467430000000604,2500,2500,2500,0
35,PreFilter-IVF,cold,1.0,1,none,0,0,0,1.513638999995237,465,1,465,0
35,BitmapSlice-Exact,cold,1.0,1,none,0,0,0,0.111744000150793,1,1,1,1
35,PACER-A,cold,1.0,1,none,0,0,0,0.2933119999397604,1,1,1,1
35,PACER-C,cold,1.0,1,none,0,0,0,0.25556500008860894,1,1,1,1
35,PACER-X,cold,1.0,1,none,0,0,0,0.24174999998649582,1,1,1,1
36,PostFilter-IVF,broad,1.0,1,none,0,0,0,2.2383389998594794,2500,2500,2500,0
36,PreFilter-IVF,broad,1.0,1,none,0,0,0,18.15554500012695,2585,196,2585,0
36,BitmapSlice-Exact,broad,1.0,1,none,0,0,0,0.888705999841477,261,240,261,1
36,PACER-A,broad,1.0,1,none,0,0,0,3.049197000109416,261,261,261,1
36,PACER-C,broad,1.0,1,none,0,0,0,2.5301140001374733,261,261,261,1
36,PACER-X,broad,1.0,1,none,0,0,0,2.462333000039507,261,261,261,1
37,PostFilter-IVF,medium,0.8,0,candidate_starvation,0,0,0,1.911033000169482,2405,2405,2405,0
37,PreFilter-IVF,medium,1.0,1,none,0,0,0,2.9243359999782115,2911,30,2911,0
37,BitmapSlice-Exact,medium,1.0,1,none,0,0,0,0.19693900003403542,37,33,37,1
37,PACER-A,medium,1.0,1,none,0,0,0,1.008185000046069,37,37,37,1
37,PACER-C,medium,1.0,1,none,0,0,0,1.0491329999240406,37,37,37,1
37,PACER-X,medium,1.0,1,none,0,0,0,0.9671380000781937,37,37,37,1
38,PostFilter-IVF,narrow,1.0,1,none,0,0,0,3.589187999978094,2500,2500,2500,0
38,PreFilter-IVF,narrow,1.0,1,none,0,0,0,1.7934259999492497,498,7,498,0
38,BitmapSlice-Exact,narrow,1.0,1,none,0,0,0,0.16554099988752569,7,7,7,1
38,PACER-A,narrow,1.0,1,none,0,0,0,0.4091639998478058,7,7,7,1
38,PACER-C,narrow,1.0,1,none,0,0,0,0.35242500007370836,7,7,7,1
38,PACER-X,narrow,1.0,1,none,0,0,0,0.31942299983711564,7,7,7,1
39,PostFilter-IVF,cold,0.0,0,candidate_starvation,0,0,0,2.817448000087097,2500,2500,2500,0
39,PreFilter-IVF,cold,1.0,1,none,0,0,0,1.986401000067417,517,1,517,0
39,BitmapSlice-Exact,cold,1.0,1,none,0,0,0,0.1057760000549024,1,1,1,1
39,PACER-A,cold,1.0,1,none,0,0,0,0.23891699993328075,1,1,1,1
39,PACER-C,cold,1.0,1,none,0,0,0,0.2139329999408801,1,1,1,1
39,PACER-X,cold,1.0,1,none,0,0,0,0.19737100001293584,1,1,1,1
40,PostFilter-IVF,broad,1.0,1,none,0,0,0,2.8042209999057377,2500,2500,2500,0
40,PreFilter-IVF,broad,1.0,1,none,0,0,0,8.201487999940582,2508,98,2508,0
40,BitmapSlice-Exact,broad,1.0,1,none,0,0,0,0.8786569999301719,259,186,259,1
40,PACER-A,broad,1.0,1,none,0,0,0,3.3981259998654423,259,259,259,1
40,PACER-C,broad,1.0,1,none,0,0,0,3.2408619999841903,259,259,259,1
40,PACER-X,broad,1.0,1,none,0,0,0,3.2416249998732383,259,259,259,1
41,PostFilter-IVF,medium,0.4,0,candidate_starvation,0,0,0,2.970632000142359,2500,2500,2500,0
41,PreFilter-IVF,medium,1.0,1,none,0,0,0,3.427325000075143,1875,16,1875,0
41,BitmapSlice-Exact,medium,1.0,1,none,0,0,0,0.15306000000236963,22,16,22,1
41,PACER-A,medium,1.0,1,none,0,0,0,0.9084349999284314,22,22,22,1
41,PACER-C,medium,1.0,1,none,0,0,0,0.7983200000580837,22,22,22,1
41,PACER-X,medium,1.0,1,none,0,0,0,1.1400650000723545,22,22,22,1
42,PostFilter-IVF,narrow,0.375,0,candidate_starvation,0,0,0,2.932076999968558,2392,2392,2392,0
42,PreFilter-IVF,narrow,1.0,1,none,0,0,0,1.5211429999908432,892,8,892,0
42,BitmapSlice-Exact,narrow,1.0,1,none,0,0,0,0.14089499995861843,8,8,8,1
42,PACER-A,narrow,1.0,1,none,0,0,0,0.7233730000280048,8,8,8,1
42,PACER-C,narrow,1.0,1,none,0,0,0,0.5602910000561678,8,8,8,1
42,PACER-X,narrow,1.0,1,none,0,0,0,0.6622109999625536,8,8,8,1
43,PostFilter-IVF,cold,1.0,1,none,0,0,0,2.6060139998662635,2500,2500,2500,0
43,PreFilter-IVF,cold,1.0,1,none,0,0,0,1.060104000089268,418,2,418,0
43,BitmapSlice-Exact,cold,1.0,1,none,0,0,0,0.15664500006096205,2,2,2,1
43,PACER-A,cold,1.0,1,none,0,0,0,0.30165199996190495,2,2,2,1
43,PACER-C,cold,1.0,1,none,0,0,0,0.28057000008629984,2,2,2,1
43,PACER-X,cold,1.0,1,none,0,0,0,0.28007199989588116,2,2,2,1
44,PostFilter-IVF,broad,1.0,1,none,0,0,0,3.5529669999050384,2500,2500,2500,0
44,PreFilter-IVF,broad,1.0,1,none,0,0,0,14.965642000106527,2630,327,2630,0
44,BitmapSlice-Exact,broad,1.0,1,none,0,0,0,3.572921000113638,1023,910,1023,1
44,PACER-A,broad,1.0,1,none,0,0,0,6.011728999965271,1023,1023,1023,1
44,PACER-C,broad,1.0,1,none,0,0,0,5.702623999923162,1023,1023,1023,1
44,PACER-X,broad,1.0,1,none,0,0,0,5.749671999865313,1023,1023,1023,1
45,PostFilter-IVF,medium,1.0,1,none,0,0,0,4.021684999997888,2500,2500,2500,0
45,PreFilter-IVF,medium,1.0,1,none,0,0,0,2.952574000119057,283,9,283,0
45,BitmapSlice-Exact,medium,1.0,1,none,0,0,0,0.17389999993611127,11,9,11,1
45,PACER-A,medium,1.0,1,none,0,0,0,0.34756800005197874,11,11,11,1
45,PACER-C,medium,1.0,1,none,0,0,0,0.2222949999577395,11,11,11,1
45,PACER-X,medium,1.0,1,none,0,0,0,0.20810199998777534,11,11,11,1
46,PostFilter-IVF,narrow,0.5,0,candidate_starvation,0,0,0,2.353643999867927,2500,2500,2500,0
46,PreFilter-IVF,narrow,1.0,1,none,0,0,0,1.0515310000300815,601,2,601,0
46,BitmapSlice-Exact,narrow,1.0,1,none,0,0,0,0.08424399993600673,2,2,2,1
46,PACER-A,narrow,1.0,1,none,0,0,0,0.30862099993100855,2,2,2,1
46,PACER-C,narrow,1.0,1,none,0,0,0,0.2655119999417366,2,2,2,1
46,PACER-X,narrow,1.0,1,none,0,0,0,0.2508439999928669,2,2,2,1
47,PostFilter-IVF,cold,1.0,1,none,0,0,0,2.253090000067459,2500,2500,2500,0
47,PreFilter-IVF,cold,1.0,1,none,0,0,0,0.6959899999401387,541,4,541,0
47,BitmapSlice-Exact,cold,1.0,1,none,0,0,0,0.09651400000620924,4,4,4,1
47,PACER-A,cold,1.0,1,none,0,0,0,0.24382500009778596,4,4,4,1
47,PACER-C,cold,1.0,1,none,0,0,0,0.21134100006747758,4,4,4,1
47,PACER-X,cold,1.0,1,none,0,0,0,0.19648800002869393,4,4,4,1
48,PostFilter-IVF,broad,0.8,0,ranking_truncation,0,0,0,2.2685769999952754,2500,2500,2500,0
48,PreFilter-IVF,broad,0.8,0,ranking_truncation,0,0,0,18.308783999827938,2813,125,2813,0
48,BitmapSlice-Exact,broad,1.0,1,none,0,0,0,1.4856319999125844,440,408,440,1
48,PACER-A,broad,1.0,1,none,0,0,0,3.530218999912904,440,440,440,1
48,PACER-C,broad,1.0,1,none,0,0,0,3.2885400000850495,440,440,440,1
48,PACER-X,broad,1.0,1,none,0,0,0,3.1963330000053247,440,440,440,1
49,PostFilter-IVF,medium,1.0,1,none,0,0,0,2.8928259998792782,2500,2500,2500,0
49,PreFilter-IVF,medium,1.0,1,none,0,0,0,3.8591909999468044,916,61,916,0
49,BitmapSlice-Exact,medium,1.0,1,none,0,0,0,0.48682499982533045,76,61,76,1
49,PACER-A,medium,1.0,1,none,0,0,0,0.9765249999418302,76,76,76,1
49,PACER-C,medium,1.0,1,none,0,0,0,0.7668559999274294,76,76,76,1
49,PACER-X,medium,1.0,1,none,0,0,0,0.7470939999620896,76,76,76,1
50,PostFilter-IVF,narrow,0.3333333333333333,0,candidate_starvation,0,0,0,3.035994999891045,2500,2500,2500,0
50,PreFilter-IVF,narrow,1.0,1,none,0,0,0,1.3394709999374754,831,3,831,0
50,BitmapSlice-Exact,narrow,1.0,1,none,0,0,0,0.09128200008490239,3,3,3,1
50,PACER-A,narrow,1.0,1,none,0,0,0,0.47337399996649765,3,3,3,1
50,PACER-C,narrow,1.0,1,none,0,0,0,0.40344900003219664,3,3,3,1
50,PACER-X,narrow,1.0,1,none,0,0,0,0.36886700013383233,3,3,3,1
51,PostFilter-IVF,cold,0.0,0,candidate_starvation,0,0,0,2.455986000086341,2500,2500,2500,0
51,PreFilter-IVF,cold,1.0,1,none,0,0,0,0.7623910000802425,465,4,465,0
51,BitmapSlice-Exact,cold,1.0,1,none,0,0,0,0.10193799994340225,4,4,4,1
51,PACER-A,cold,1.0,1,none,0,0,0,0.24685700009285938,4,4,4,1
51,PACER-C,cold,1.0,1,none,0,0,0,0.20534000009320152,4,4,4,1
51,PACER-X,cold,1.0,1,none,0,0,0,0.21943699994153576,4,4,4,1
52,PostFilter-IVF,broad,0.9,0,ranking_truncation,0,0,0,2.969183000004705,2500,2500,2500,0
52,PreFilter-IVF,broad,1.0,1,none,0,0,0,18.641582999862294,2522,59,2522,0
52,BitmapSlice-Exact,broad,1.0,1,none,0,0,0,0.9503690000656206,261,245,261,1
52,PACER-A,broad,1.0,1,none,0,0,0,3.8316719999329507,261,261,261,1
52,PACER-C,broad,1.0,1,none,0,0,0,3.4808980001344025,261,261,261,1
52,PACER-X,broad,1.0,1,none,0,0,0,3.7712400001055357,261,261,261,1
53,PostFilter-IVF,medium,1.0,1,none,0,0,0,3.688756000201465,2500,2500,2500,0
53,PreFilter-IVF,medium,1.0,1,none,0,0,0,3.4444420000454556,2295,85,2295,0
53,BitmapSlice-Exact,medium,1.0,1,none,0,0,0,0.44659499985755247,101,85,101,1
53,PACER-A,medium,1.0,1,none,0,0,0,1.3789380000162055,101,101,101,1
53,PACER-C,medium,1.0,1,none,0,0,0,1.394356999981028,101,101,101,1
53,PACER-X,medium,1.0,1,none,0,0,0,1.1305719999654684,101,101,101,1
54,PostFilter-IVF,narrow,1.0,1,none,0,0,0,2.221281999936764,2500,2500,2500,0
54,PreFilter-IVF,narrow,1.0,1,none,0,0,0,1.2494169998262805,527,8,527,0
54,BitmapSlice-Exact,narrow,1.0,1,none,0,0,0,0.10051699996438401,8,8,8,1
54,PACER-A,narrow,1.0,1,none,0,0,0,0.3704450000441284,8,8,8,1
54,PACER-C,narrow,1.0,1,none,0,0,0,0.2902499998072017,8,8,8,1
54,PACER-X,narrow,1.0,1,none,0,0,0,0.2597340001102566,8,8,8,1
55,PostFilter-IVF,cold,0.0,0,candidate_starvation,0,0,0,2.8418720000900066,2500,2500,2500,0
55,PreFilter-IVF,cold,1.0,1,none,0,0,0,1.7697890000363259,998,4,998,0
55,BitmapSlice-Exact,cold,1.0,1,none,0,0,0,0.105726999890976,4,4,4,1
55,PACER-A,cold,1.0,1,none,0,0,0,0.468855999997686,4,4,4,1
55,PACER-C,cold,1.0,1,none,0,0,0,0.5588110000189772,4,4,4,1
55,PACER-X,cold,1.0,1,none,0,0,0,0.5870820000382082,4,4,4,1
56,PostFilter-IVF,broad,1.0,1,none,0,0,0,2.1256459999676736,2359,2359,2359,0
56,PreFilter-IVF,broad,1.0,1,none,0,0,0,40.962656999909086,2610,309,2610,0
56,BitmapSlice-Exact,broad,1.0,1,none,0,0,0,2.4187229998915427,690,637,690,1
56,PACER-A,broad,1.0,1,none,0,0,0,5.007033999845589,690,690,690,1
56,PACER-C,broad,1.0,1,none,0,0,0,3.5830320000513893,690,690,690,1
56,PACER-X,broad,1.0,1,none,0,0,0,3.6656659999607655,690,690,690,1
57,PostFilter-IVF,medium,1.0,1,none,0,0,0,2.449116999969192,2500,2500,2500,0
57,PreFilter-IVF,medium,1.0,1,none,0,0,0,2.4278079999930924,527,34,527,0
57,BitmapSlice-Exact,medium,1.0,1,none,0,0,0,0.28666399998655834,37,34,37,1
57,PACER-A,medium,1.0,1,none,0,0,0,0.6087799999932031,37,37,37,1
57,PACER-C,medium,1.0,1,none,0,0,0,0.6370109999807028,37,37,37,1
57,PACER-X,medium,1.0,1,none,0,0,0,0.5158059998393583,37,37,37,1
58,PostFilter-IVF,narrow,1.0,1,none,0,0,0,2.5039749998541083,2500,2500,2500,0
58,PreFilter-IVF,narrow,1.0,1,none,0,0,0,1.2912839999899006,528,3,528,0
58,BitmapSlice-Exact,narrow,1.0,1,none,0,0,0,0.09210299981532444,3,3,3,1
58,PACER-A,narrow,1.0,1,none,0,0,0,0.3943330000311107,3,3,3,1
58,PACER-C,narrow,1.0,1,none,0,0,0,0.24453700007143198,3,3,3,1
58,PACER-X,narrow,1.0,1,none,0,0,0,0.1950570001554297,3,3,3,1
59,PostFilter-IVF,cold,1.0,1,none,0,0,0,2.971174000094834,2500,2500,2500,0
59,PreFilter-IVF,cold,1.0,1,none,0,0,0,0.5744160000631382,177,1,177,0
59,BitmapSlice-Exact,cold,1.0,1,none,0,0,0,0.09434999992663506,1,1,1,1
59,PACER-A,cold,1.0,1,none,0,0,0,0.25158000016745063,1,1,1,1
59,PACER-C,cold,1.0,1,none,0,0,0,0.31312099986280373,1,1,1,1
59,PACER-X,cold,1.0,1,none,0,0,0,0.2629440000418981,1,1,1,1
60,PostFilter-IVF,broad,1.0,1,none,0,0,0,2.717194000069867,2500,2500,2500,0
60,PreFilter-IVF,broad,1.0,1,none,0,0,0,10.345672999847011,2897,384,2897,0
60,BitmapSlice-Exact,broad,1.0,1,none,0,0,0,2.9374129999268916,857,754,857,1
60,PACER-A,broad,1.0,1,none,0,0,0,7.602470999927391,857,857,857,1
60,PACER-C,broad,1.0,1,none,0,0,0,7.654914999875473,857,857,857,1
60,PACER-X,broad,1.0,1,none,0,0,0,6.046746000038183,857,857,857,1
61,PostFilter-IVF,medium,0.9,0,ranking_truncation,0,0,0,2.3662959999910527,2500,2500,2500,0
61,PreFilter-IVF,medium,1.0,1,none,0,0,0,2.5184200001149293,1044,38,1044,0
61,BitmapSlice-Exact,medium,1.0,1,none,0,0,0,0.37678599983337335,41,38,41,1
61,PACER-A,medium,1.0,1,none,0,0,0,0.9709070000099018,41,41,41,1
61,PACER-C,medium,1.0,1,none,0,0,0,0.8180459999493905,41,41,41,1
61,PACER-X,medium,1.0,1,none,0,0,0,0.7040760001473245,41,41,41,1
62,PostFilter-IVF,narrow,1.0,1,none,0,0,0,2.4222300000928954,2500,2500,2500,0
62,PreFilter-IVF,narrow,1.0,1,none,0,0,0,1.330964000089807,215,2,215,0
62,BitmapSlice-Exact,narrow,1.0,1,none,0,0,0,0.10748599993348762,2,2,2,1
62,PACER-A,narrow,1.0,1,none,0,0,0,0.2337420000912971,2,2,2,1
62,PACER-C,narrow,1.0,1,none,0,0,0,0.18039499991573393,2,2,2,1
62,PACER-X,narrow,1.0,1,none,0,0,0,0.20172400013507286,2,2,2,1
63,PostFilter-IVF,cold,1.0,1,none,0,0,0,2.396617000158585,2500,2500,2500,0
63,PreFilter-IVF,cold,1.0,1,none,0,0,0,1.1478339999939635,477,6,477,0
63,BitmapSlice-Exact,cold,1.0,1,none,0,0,0,0.13214399996286375,6,6,6,1
63,PACER-A,cold,1.0,1,none,0,0,0,0.2865730000394251,6,6,6,1
63,PACER-C,cold,1.0,1,none,0,0,0,0.24101300004986115,6,6,6,1
63,PACER-X,cold,1.0,1,none,0,0,0,0.25401700008842454,6,6,6,1
64,PostFilter-IVF,broad,1.0,1,none,0,0,0,2.438122000057774,2500,2500,2500,0
64,PreFilter-IVF,broad,1.0,1,none,0,0,0,10.45082999985425,2844,124,2844,0
64,BitmapSlice-Exact,broad,1.0,1,none,0,0,0,1.5365419999398,334,302,334,1
64,PACER-A,broad,1.0,1,none,0,0,0,4.766602000017883,334,334,334,1
64,PACER-C,broad,1.0,1,none,0,0,0,4.810625999880358,334,334,334,1
64,PACER-X,broad,1.0,1,none,0,0,0,4.4043359998795495,334,334,334,1
65,PostFilter-IVF,medium,1.0,1,none,0,0,0,2.494902999842452,2500,2500,2500,0
65,PreFilter-IVF,medium,1.0,1,none,0,0,0,2.1959199998491385,841,20,841,0
65,BitmapSlice-Exact,medium,1.0,1,none,0,0,0,0.18994600009136775,27,20,27,1
65,PACER-A,medium,1.0,1,none,0,0,0,0.7353000000875909,27,27,27,1
65,PACER-C,medium,1.0,1,none,0,0,0,0.4425750000791595,27,27,27,1
65,PACER-X,medium,1.0,1,none,0,0,0,0.4342859999724169,27,27,27,1
66,PostFilter-IVF,narrow,0.6,0,candidate_starvation,0,0,0,2.3417630000039935,2500,2500,2500,0
66,PreFilter-IVF,narrow,1.0,1,none,0,0,0,2.1006629999646975,1326,5,1326,0
66,BitmapSlice-Exact,narrow,1.0,1,none,0,0,0,0.15062700003909413,5,5,5,1
66,PACER-A,narrow,1.0,1,none,0,0,0,0.4850789998727123,5,5,5,1
66,PACER-C,narrow,1.0,1,none,0,0,0,0.4377419998036203,5,5,5,1
66,PACER-X,narrow,1.0,1,none,0,0,0,0.37152999993850244,5,5,5,1
67,PostFilter-IVF,cold,0.0,0,candidate_starvation,0,0,0,2.3547569999209372,2500,2500,2500,0
67,PreFilter-IVF,cold,1.0,1,none,0,0,0,0.8204159998967953,214,3,214,0
67,BitmapSlice-Exact,cold,1.0,1,none,0,0,0,0.0887880000846053,3,3,3,1
67,PACER-A,cold,1.0,1,none,0,0,0,0.24321899991264218,3,3,3,1
67,PACER-C,cold,1.0,1,none,0,0,0,0.21955900001557893,3,3,3,1
67,PACER-X,cold,1.0,1,none,0,0,0,0.20766100010405353,3,3,3,1
68,PostFilter-IVF,broad,1.0,1,none,0,0,0,2.7771710001616157,2500,2500,2500,0
68,PreFilter-IVF,broad,1.0,1,none,0,0,0,6.109157000082632,2959,428,2959,0
68,BitmapSlice-Exact,broad,1.0,1,none,0,0,0,2.780030000167244,905,775,905,1
68,PACER-A,broad,1.0,1,none,0,0,0,6.674898000028406,905,905,905,1
68,PACER-C,broad,1.0,1,none,0,0,0,9.111077999932604,905,905,905,1
68,PACER-X,broad,1.0,1,none,0,0,0,9.09148699997786,905,905,905,1
69,PostFilter-IVF,medium,1.0,1,none,0,0,0,2.343709999877319,2342,2342,2342,0
69,PreFilter-IVF,medium,1.0,1,none,0,0,0,2.17250800005786,766,9,766,0
69,BitmapSlice-Exact,medium,1.0,1,none,0,0,0,0.12007600003016705,12,9,12,1
69,PACER-A,medium,1.0,1,none,0,0,0,0.4066310000325757,12,12,12,1
69,PACER-C,medium,1.0,1,none,0,0,0,0.35720300002139993,12,12,12,1
69,PACER-X,medium,1.0,1,none,0,0,0,0.3040890001102525,12,12,12,1
70,PostFilter-IVF,narrow,1.0,1,none,0,0,0,2.343637000194576,2500,2500,2500,0
70,PreFilter-IVF,narrow,1.0,1,none,0,0,0,0.7395469999664783,428,2,428,0
70,BitmapSlice-Exact,narrow,1.0,1,none,0,0,0,0.09067400014828308,4,2,4,1
70,PACER-A,narrow,1.0,1,none,0,0,0,0.3886370000145689,4,4,4,1
70,PACER-C,narrow,1.0,1,none,0,0,0,0.26196500016339996,4,4,4,1
70,PACER-X,narrow,1.0,1,none,0,0,0,0.23990099998627556,4,4,4,1
71,PostFilter-IVF,cold,0.0,0,candidate_starvation,0,0,0,2.222212999868134,2500,2500,2500,0
71,PreFilter-IVF,cold,1.0,1,none,0,0,0,0.6524649998027598,235,5,235,0
71,BitmapSlice-Exact,cold,1.0,1,none,0,0,0,0.15209000002869288,5,5,5,1
71,PACER-A,cold,1.0,1,none,0,0,0,0.34020900011455524,5,5,5,1
71,PACER-C,cold,1.0,1,none,0,0,0,0.23836900004425843,5,5,5,1
71,PACER-X,cold,1.0,1,none,0,0,0,0.31973399995877116,5,5,5,1
