query_id,kind,method,n,dim,visible_count,recall_at_k,secure_topk_exact,failure_mode,latency_ms,candidates,raw_candidates,policy_checks,visited_cluster_count,certified,certificate_false_positive,summary_pruned_clusters
0,dnf,ExactSQL-AST,9000,64,249,1.0,1,none,0.855100999615388,249,9000,9000,0,1,0,0
0,dnf,PostFilter-SQL-AST,9000,64,249,0.3,0,ranking_truncation,0.38128399955894565,23,1104,1104,8,0,0,0
0,dnf,PACER-A-SQL-AST,9000,64,249,1.0,1,none,8.615961000032257,143,4800,4800,35,0,0,0
0,dnf,PACER-X-SQL-AST,9000,64,249,1.0,1,none,14.6750140002041,249,9000,9000,64,1,0,0
1,semijoin,ExactSQL-AST,9000,64,194,1.0,1,none,0.3995379993284587,194,9000,9000,0,1,0,0
1,semijoin,PostFilter-SQL-AST,9000,64,194,0.8,0,ranking_truncation,0.19679099932545796,31,990,990,8,0,0,0
1,semijoin,PACER-A-SQL-AST,9000,64,194,0.9,0,ranking_truncation,4.208370000014838,88,4800,4800,35,0,0,0
1,semijoin,PACER-X-SQL-AST,9000,64,194,1.0,1,none,8.30359999963548,194,9000,9000,64,1,0,0
2,antijoin,ExactSQL-AST,9000,64,1682,1.0,1,none,0.6419410001399228,1682,9000,9000,0,1,0,0
2,antijoin,PostFilter-SQL-AST,9000,64,1682,0.5,0,ranking_truncation,0.3301839997220668,162,1062,1062,8,0,0,0
2,antijoin,PACER-A-SQL-AST,9000,64,1682,0.7,0,ranking_truncation,5.189446000258613,855,4800,4800,32,0,0,0
2,antijoin,PACER-X-SQL-AST,9000,64,1682,1.0,1,none,10.92405700001109,1682,9000,9000,64,1,0,0
3,range,ExactSQL-AST,9000,64,530,1.0,1,none,0.3499690001262934,530,9000,9000,0,1,0,0
3,range,PostFilter-SQL-AST,9000,64,530,0.4,0,ranking_truncation,0.20074599979125196,29,1007,1007,8,0,0,0
3,range,PACER-A-SQL-AST,9000,64,530,0.7,0,ranking_truncation,4.082121999999799,189,4800,4800,35,0,0,0
3,range,PACER-X-SQL-AST,9000,64,530,1.0,1,none,7.978024999829358,530,9000,9000,64,1,0,0
4,mixed,ExactSQL-AST,9000,64,1907,1.0,1,none,0.5328279994500917,1907,9000,9000,0,1,0,0
4,mixed,PostFilter-SQL-AST,9000,64,1907,0.3,0,ranking_truncation,0.2383900000495487,165,1053,1053,8,0,0,0
4,mixed,PACER-A-SQL-AST,9000,64,1907,0.9,0,ranking_truncation,4.655902000195056,953,4800,4800,34,0,0,0
4,mixed,PACER-X-SQL-AST,9000,64,1907,1.0,1,none,8.740616000068258,1907,9000,9000,64,1,0,0
5,dnf,ExactSQL-AST,9000,64,317,1.0,1,none,0.6732559995725751,317,9000,9000,0,1,0,0
5,dnf,PostFilter-SQL-AST,9000,64,317,0.6,0,ranking_truncation,0.5022609993829974,41,1172,1172,8,0,0,0
5,dnf,PACER-A-SQL-AST,9000,64,317,1.0,1,none,8.91991800017422,176,4800,4800,36,0,0,1
5,dnf,PACER-X-SQL-AST,9000,64,317,1.0,1,none,14.388124000106473,317,8960,8960,63,1,0,1
6,semijoin,ExactSQL-AST,9000,64,196,1.0,1,none,0.3218609999748878,196,9000,9000,0,1,0,0
6,semijoin,PostFilter-SQL-AST,9000,64,196,0.5,0,ranking_truncation,0.18726199959928636,17,872,872,8,0,0,0
6,semijoin,PACER-A-SQL-AST,9000,64,196,0.9,0,ranking_truncation,5.3674999999202555,102,4800,4800,36,0,0,0
6,semijoin,PACER-X-SQL-AST,9000,64,196,1.0,1,none,8.280088999526924,196,9000,9000,64,1,0,0
7,antijoin,ExactSQL-AST,9000,64,2228,1.0,1,none,0.7409259997075424,2228,9000,9000,0,1,0,0
7,antijoin,PostFilter-SQL-AST,9000,64,2228,0.5,0,ranking_truncation,0.2735089992711437,267,983,983,8,0,0,0
7,antijoin,PACER-A-SQL-AST,9000,64,2228,0.9,0,ranking_truncation,6.2432470003841445,1187,4800,4800,35,0,0,0
7,antijoin,PACER-X-SQL-AST,9000,64,2228,1.0,1,none,11.377438000636175,2228,9000,9000,64,1,0,0
8,range,ExactSQL-AST,9000,64,526,1.0,1,none,0.3872720008075703,526,9000,9000,0,1,0,0
8,range,PostFilter-SQL-AST,9000,64,526,0.8,0,ranking_truncation,0.21901600030105328,95,1158,1158,8,0,0,0
8,range,PACER-A-SQL-AST,9000,64,526,1.0,1,none,5.143563000274298,269,4800,4800,34,0,0,0
8,range,PACER-X-SQL-AST,9000,64,526,1.0,1,none,7.995976000529481,526,9000,9000,64,1,0,0
9,mixed,ExactSQL-AST,9000,64,2314,1.0,1,none,0.5750039999838918,2314,9000,9000,0,1,0,0
9,mixed,PostFilter-SQL-AST,9000,64,2314,1.0,1,none,0.28611099969566567,487,1138,1138,8,0,0,0
9,mixed,PACER-A-SQL-AST,9000,64,2314,1.0,1,none,5.182871000215528,1320,4800,4800,36,0,0,0
9,mixed,PACER-X-SQL-AST,9000,64,2314,1.0,1,none,8.505214000251726,2314,9000,9000,64,1,0,0
10,dnf,ExactSQL-AST,9000,64,412,1.0,1,none,0.7850969996070489,412,9000,9000,0,1,0,0
10,dnf,PostFilter-SQL-AST,9000,64,412,0.4,0,ranking_truncation,0.3313960005471017,19,1151,1151,8,0,0,0
10,dnf,PACER-A-SQL-AST,9000,64,412,0.9,0,ranking_truncation,7.752117000563885,184,4800,4800,32,0,0,0
10,dnf,PACER-X-SQL-AST,9000,64,412,1.0,1,none,17.30949699958728,412,9000,9000,64,1,0,0
11,semijoin,ExactSQL-AST,9000,64,172,1.0,1,none,0.5357630006983527,172,9000,9000,0,1,0,0
11,semijoin,PostFilter-SQL-AST,9000,64,172,0.6,0,ranking_truncation,0.2564070000516949,16,935,935,8,0,0,0
11,semijoin,PACER-A-SQL-AST,9000,64,172,0.9,0,ranking_truncation,5.110220000460686,89,4800,4800,37,0,0,0
11,semijoin,PACER-X-SQL-AST,9000,64,172,1.0,1,none,8.26426999992691,172,9000,9000,64,1,0,0
12,antijoin,ExactSQL-AST,9000,64,1645,1.0,1,none,0.5599340001936071,1645,9000,9000,0,1,0,0
12,antijoin,PostFilter-SQL-AST,9000,64,1645,0.4,0,ranking_truncation,0.24117700013448484,227,1169,1169,8,0,0,0
12,antijoin,PACER-A-SQL-AST,9000,64,1645,1.0,1,none,6.212721999872883,919,4800,4800,36,0,0,0
12,antijoin,PACER-X-SQL-AST,9000,64,1645,1.0,1,none,10.39632599986362,1645,9000,9000,64,1,0,0
13,range,ExactSQL-AST,9000,64,559,1.0,1,none,0.31492000016442034,559,9000,9000,0,1,0,0
13,range,PostFilter-SQL-AST,9000,64,559,0.8,0,ranking_truncation,0.218388000575942,126,1185,1185,8,0,0,0
13,range,PACER-A-SQL-AST,9000,64,559,1.0,1,none,4.10917800036259,331,4800,4800,32,0,0,0
13,range,PACER-X-SQL-AST,9000,64,559,1.0,1,none,7.772965999720327,559,9000,9000,64,1,0,0
14,mixed,ExactSQL-AST,9000,64,2474,1.0,1,none,0.5486870004460798,2474,9000,9000,0,1,0,0
14,mixed,PostFilter-SQL-AST,9000,64,2474,0.4,0,ranking_truncation,0.24586400013504317,234,1074,1074,8,0,0,0
14,mixed,PACER-A-SQL-AST,9000,64,2474,0.9,0,ranking_truncation,5.0114939995182795,1409,4800,4800,37,0,0,0
14,mixed,PACER-X-SQL-AST,9000,64,2474,1.0,1,none,8.978368000498449,2474,9000,9000,64,1,0,0
15,dnf,ExactSQL-AST,9000,64,447,1.0,1,none,0.8434050005234894,447,9000,9000,0,1,0,0
15,dnf,PostFilter-SQL-AST,9000,64,447,1.0,1,none,0.3236620004827273,63,994,994,8,0,0,0
15,dnf,PACER-A-SQL-AST,9000,64,447,1.0,1,none,7.147295000322629,250,4800,4800,30,0,0,0
15,dnf,PACER-X-SQL-AST,9000,64,447,1.0,1,none,14.704222000545997,447,9000,9000,64,1,0,0
16,semijoin,ExactSQL-AST,9000,64,127,1.0,1,none,0.4285119994165143,127,9000,9000,0,1,0,0
16,semijoin,PostFilter-SQL-AST,9000,64,127,0.7,0,ranking_truncation,0.273763999757648,22,1014,1014,8,0,0,0
16,semijoin,PACER-A-SQL-AST,9000,64,127,1.0,1,none,5.261848000372993,78,4800,4800,36,0,0,0
16,semijoin,PACER-X-SQL-AST,9000,64,127,1.0,1,none,9.027065999362094,127,9000,9000,64,1,0,0
17,antijoin,ExactSQL-AST,9000,64,1993,1.0,1,none,0.7154349996199016,1993,9000,9000,0,1,0,0
17,antijoin,PostFilter-SQL-AST,9000,64,1993,0.6,0,ranking_truncation,0.3051390003747656,378,1188,1188,8,0,0,0
17,antijoin,PACER-A-SQL-AST,9000,64,1993,1.0,1,none,5.795953000415466,1234,4800,4800,33,0,0,0
17,antijoin,PACER-X-SQL-AST,9000,64,1993,1.0,1,none,10.457449000568886,1993,9000,9000,64,1,0,0
18,range,ExactSQL-AST,9000,64,821,1.0,1,none,0.44970999988436233,821,9000,9000,0,1,0,0
18,range,PostFilter-SQL-AST,9000,64,821,0.6,0,ranking_truncation,0.1924599991980358,173,1238,1238,8,0,0,0
18,range,PACER-A-SQL-AST,9000,64,821,0.9,0,ranking_truncation,3.856708999592229,497,4800,4800,31,0,0,0
18,range,PACER-X-SQL-AST,9000,64,821,1.0,1,none,7.389958999738155,821,9000,9000,64,1,0,0
19,mixed,ExactSQL-AST,9000,64,2819,1.0,1,none,0.6306909999693744,2819,9000,9000,0,1,0,0
19,mixed,PostFilter-SQL-AST,9000,64,2819,0.9,0,ranking_truncation,0.22771899966755882,380,1076,1076,8,0,0,0
19,mixed,PACER-A-SQL-AST,9000,64,2819,1.0,1,none,4.99908200072241,1610,4800,4800,35,0,0,0
19,mixed,PACER-X-SQL-AST,9000,64,2819,1.0,1,none,8.653628000502067,2819,9000,9000,64,1,0,0
20,dnf,ExactSQL-AST,9000,64,386,1.0,1,none,0.7953210006235167,386,9000,9000,0,1,0,0
20,dnf,PostFilter-SQL-AST,9000,64,386,0.7,0,ranking_truncation,0.373176000721287,74,1130,1130,8,0,0,0
20,dnf,PACER-A-SQL-AST,9000,64,386,1.0,1,none,8.136221000313526,203,4800,4800,33,0,0,0
20,dnf,PACER-X-SQL-AST,9000,64,386,1.0,1,none,14.696393000122043,386,9000,9000,64,1,0,0
21,semijoin,ExactSQL-AST,9000,64,157,1.0,1,none,0.3457200000411831,157,9000,9000,0,1,0,0
21,semijoin,PostFilter-SQL-AST,9000,64,157,0.3,0,ranking_truncation,0.2437029997963691,11,945,945,8,0,0,0
21,semijoin,PACER-A-SQL-AST,9000,64,157,0.9,0,ranking_truncation,4.288465000172437,63,4800,4800,36,0,0,0
21,semijoin,PACER-X-SQL-AST,9000,64,157,1.0,1,none,7.1773130002839025,157,9000,9000,64,1,0,0
22,antijoin,ExactSQL-AST,9000,64,2152,1.0,1,none,0.878853999893181,2152,9000,9000,0,1,0,0
22,antijoin,PostFilter-SQL-AST,9000,64,2152,0.7,0,ranking_truncation,0.31866000063018873,344,1237,1237,8,0,0,0
22,antijoin,PACER-A-SQL-AST,9000,64,2152,0.9,0,ranking_truncation,7.153071999709937,1123,4800,4800,32,0,0,0
22,antijoin,PACER-X-SQL-AST,9000,64,2152,1.0,1,none,12.071567000020877,2152,9000,9000,64,1,0,0
23,range,ExactSQL-AST,9000,64,611,1.0,1,none,0.3919420005331631,611,9000,9000,0,1,0,0
23,range,PostFilter-SQL-AST,9000,64,611,0.5,0,ranking_truncation,0.1757789996190695,74,1263,1263,8,0,0,0
23,range,PACER-A-SQL-AST,9000,64,611,0.8,0,ranking_truncation,4.481863000364683,315,4800,4800,32,0,0,0
23,range,PACER-X-SQL-AST,9000,64,611,1.0,1,none,7.567960000415042,611,9000,9000,64,1,0,0
24,mixed,ExactSQL-AST,9000,64,2880,1.0,1,none,0.5976169995847158,2880,9000,9000,0,1,0,0
24,mixed,PostFilter-SQL-AST,9000,64,2880,0.4,0,ranking_truncation,0.2754990000539692,376,1086,1086,8,0,0,0
24,mixed,PACER-A-SQL-AST,9000,64,2880,0.9,0,ranking_truncation,5.1164739998057485,1553,4800,4800,36,0,0,0
24,mixed,PACER-X-SQL-AST,9000,64,2880,1.0,1,none,9.083326000109082,2880,9000,9000,64,1,0,0
25,dnf,ExactSQL-AST,9000,64,365,1.0,1,none,0.7087759995556553,365,9000,9000,0,1,0,0
25,dnf,PostFilter-SQL-AST,9000,64,365,0.5,0,ranking_truncation,0.44418299967219355,56,1314,1314,8,0,0,0
25,dnf,PACER-A-SQL-AST,9000,64,365,0.8,0,ranking_truncation,9.21218100029364,207,4800,4800,34,0,0,0
25,dnf,PACER-X-SQL-AST,9000,64,365,1.0,1,none,16.051010999944992,365,9000,9000,64,1,0,0
26,semijoin,ExactSQL-AST,9000,64,183,1.0,1,none,0.4344529997979407,183,9000,9000,0,1,0,0
26,semijoin,PostFilter-SQL-AST,9000,64,183,0.5,0,ranking_truncation,0.19948200042563258,29,1263,1263,8,0,0,0
26,semijoin,PACER-A-SQL-AST,9000,64,183,0.9,0,ranking_truncation,4.5490419997804565,109,4800,4800,34,0,0,0
26,semijoin,PACER-X-SQL-AST,9000,64,183,1.0,1,none,8.355572999789729,183,9000,9000,64,1,0,0
27,antijoin,ExactSQL-AST,9000,64,2140,1.0,1,none,0.9119799997279188,2140,9000,9000,0,1,0,0
27,antijoin,PostFilter-SQL-AST,9000,64,2140,0.3,0,ranking_truncation,0.4810880000150064,407,1502,1502,8,0,0,0
27,antijoin,PACER-A-SQL-AST,9000,64,2140,0.8,0,ranking_truncation,5.0020280004901,1078,4800,4800,31,0,0,0
27,antijoin,PACER-X-SQL-AST,9000,64,2140,1.0,1,none,12.859114999628218,2140,9000,9000,64,1,0,0
28,range,ExactSQL-AST,9000,64,749,1.0,1,none,0.379963999876054,749,9000,9000,0,1,0,0
28,range,PostFilter-SQL-AST,9000,64,749,0.7,0,ranking_truncation,0.20443699941097293,116,1131,1131,8,0,0,0
28,range,PACER-A-SQL-AST,9000,64,749,0.8,0,ranking_truncation,4.490950000217708,341,4800,4800,34,0,0,0
28,range,PACER-X-SQL-AST,9000,64,749,1.0,1,none,8.376400000088324,749,9000,9000,64,1,0,0
29,mixed,ExactSQL-AST,9000,64,1876,1.0,1,none,0.789191000876599,1876,9000,9000,0,1,0,0
29,mixed,PostFilter-SQL-AST,9000,64,1876,0.5,0,ranking_truncation,0.25602899950172286,154,1102,1102,8,0,0,0
29,mixed,PACER-A-SQL-AST,9000,64,1876,1.0,1,none,4.65655300013168,914,4800,4800,31,0,0,0
29,mixed,PACER-X-SQL-AST,9000,64,1876,1.0,1,none,8.676457000547089,1876,9000,9000,64,1,0,0
30,dnf,ExactSQL-AST,9000,64,394,1.0,1,none,1.1122309997517732,394,9000,9000,0,1,0,0
30,dnf,PostFilter-SQL-AST,9000,64,394,0.6,0,ranking_truncation,0.33141099993372336,48,1353,1353,8,0,0,0
30,dnf,PACER-A-SQL-AST,9000,64,394,0.9,0,ranking_truncation,9.694803999991564,186,4800,4800,32,0,0,0
30,dnf,PACER-X-SQL-AST,9000,64,394,1.0,1,none,22.89174700035801,394,9000,9000,64,1,0,0
31,semijoin,ExactSQL-AST,9000,64,181,1.0,1,none,0.255488999755471,181,9000,9000,0,1,0,0
31,semijoin,PostFilter-SQL-AST,9000,64,181,0.8,0,ranking_truncation,0.16302099993481534,44,1228,1228,8,0,0,0
31,semijoin,PACER-A-SQL-AST,9000,64,181,1.0,1,none,4.499783000028401,104,4800,4800,33,0,0,0
31,semijoin,PACER-X-SQL-AST,9000,64,181,1.0,1,none,7.284536000042863,181,9000,9000,64,1,0,0
32,antijoin,ExactSQL-AST,9000,64,1956,1.0,1,none,0.6836849997853278,1956,9000,9000,0,1,0,0
32,antijoin,PostFilter-SQL-AST,9000,64,1956,1.0,1,none,0.2999179996550083,291,1243,1243,8,0,0,0
32,antijoin,PACER-A-SQL-AST,9000,64,1956,1.0,1,none,5.492803999914031,988,4800,4800,34,0,0,0
32,antijoin,PACER-X-SQL-AST,9000,64,1956,1.0,1,none,11.968504999458673,1956,9000,9000,64,1,0,0
33,range,ExactSQL-AST,9000,64,519,1.0,1,none,0.48243400033243233,519,9000,9000,0,1,0,0
33,range,PostFilter-SQL-AST,9000,64,519,0.2,0,ranking_truncation,0.2626109999255277,27,1093,1093,8,0,0,0
33,range,PACER-A-SQL-AST,9000,64,519,0.8,0,ranking_truncation,4.352418999587826,245,4800,4800,34,0,0,0
33,range,PACER-X-SQL-AST,9000,64,519,1.0,1,none,7.5733589992523775,519,9000,9000,64,1,0,0
34,mixed,ExactSQL-AST,9000,64,2100,1.0,1,none,0.540832999831764,2100,9000,9000,0,1,0,0
34,mixed,PostFilter-SQL-AST,9000,64,2100,0.7,0,ranking_truncation,0.24669499998708488,208,1006,1006,8,0,0,0
34,mixed,PACER-A-SQL-AST,9000,64,2100,0.9,0,ranking_truncation,5.188097999962338,1133,4800,4800,36,0,0,0
34,mixed,PACER-X-SQL-AST,9000,64,2100,1.0,1,none,8.598431999416789,2100,9000,9000,64,1,0,0
35,dnf,ExactSQL-AST,9000,64,420,1.0,1,none,0.6519659991681692,420,9000,9000,0,1,0,0
35,dnf,PostFilter-SQL-AST,9000,64,420,0.8,0,ranking_truncation,0.3789849997701822,48,1087,1087,8,0,0,0
35,dnf,PACER-A-SQL-AST,9000,64,420,0.9,0,ranking_truncation,9.004045999972732,210,4800,4800,35,0,0,0
35,dnf,PACER-X-SQL-AST,9000,64,420,1.0,1,none,14.086463999774423,420,9000,9000,64,1,0,0
36,semijoin,ExactSQL-AST,9000,64,210,1.0,1,none,0.3136970008199569,210,9000,9000,0,1,0,0
36,semijoin,PostFilter-SQL-AST,9000,64,210,0.2,0,candidate_starvation,0.16359299934265437,9,854,854,8,0,0,0
36,semijoin,PACER-A-SQL-AST,9000,64,210,0.9,0,ranking_truncation,3.955675000725023,105,4800,4800,36,0,0,0
36,semijoin,PACER-X-SQL-AST,9000,64,210,1.0,1,none,7.207922000816325,210,9000,9000,64,1,0,0
37,antijoin,ExactSQL-AST,9000,64,2007,1.0,1,none,0.6381160001183162,2007,9000,9000,0,1,0,0
37,antijoin,PostFilter-SQL-AST,9000,64,2007,1.0,1,none,0.2529379999032244,283,973,973,8,0,0,0
37,antijoin,PACER-A-SQL-AST,9000,64,2007,1.0,1,none,5.538524000257894,1071,4800,4800,32,0,0,0
37,antijoin,PACER-X-SQL-AST,9000,64,2007,1.0,1,none,10.15759199981403,2007,9000,9000,64,1,0,0
38,range,ExactSQL-AST,9000,64,834,1.0,1,none,0.3519809997669654,834,9000,9000,0,1,0,0
38,range,PostFilter-SQL-AST,9000,64,834,0.9,0,ranking_truncation,0.1745669997035293,126,1152,1152,8,0,0,0
38,range,PACER-A-SQL-AST,9000,64,834,1.0,1,none,3.823069999270956,369,4800,4800,33,0,0,0
38,range,PACER-X-SQL-AST,9000,64,834,1.0,1,none,8.46523500058538,834,9000,9000,64,1,0,0
39,mixed,ExactSQL-AST,9000,64,2657,1.0,1,none,0.6093600004533073,2657,9000,9000,0,1,0,0
39,mixed,PostFilter-SQL-AST,9000,64,2657,0.6,0,ranking_truncation,0.258443000348052,362,1181,1181,8,0,0,0
39,mixed,PACER-A-SQL-AST,9000,64,2657,1.0,1,none,6.429182999454497,1555,4800,4800,35,0,0,0
39,mixed,PACER-X-SQL-AST,9000,64,2657,1.0,1,none,9.75885899970308,2657,9000,9000,64,1,0,0
40,dnf,ExactSQL-AST,9000,64,381,1.0,1,none,0.9115779994317563,381,9000,9000,0,1,0,0
40,dnf,PostFilter-SQL-AST,9000,64,381,0.6,0,ranking_truncation,0.3202979996785871,54,1025,1025,8,0,0,0
40,dnf,PACER-A-SQL-AST,9000,64,381,0.9,0,ranking_truncation,8.151825999448192,209,4800,4800,34,0,0,0
40,dnf,PACER-X-SQL-AST,9000,64,381,1.0,1,none,13.9556909998646,381,9000,9000,64,1,0,0
41,semijoin,ExactSQL-AST,9000,64,195,1.0,1,none,0.3216169998268015,195,9000,9000,0,1,0,0
41,semijoin,PostFilter-SQL-AST,9000,64,195,0.5,0,ranking_truncation,0.16710999989300035,27,1093,1093,8,0,0,0
41,semijoin,PACER-A-SQL-AST,9000,64,195,0.9,0,ranking_truncation,3.840510999907565,106,4800,4800,32,0,0,1
41,semijoin,PACER-X-SQL-AST,9000,64,195,1.0,1,none,8.474392999232805,195,8974,8974,63,1,0,1
42,antijoin,ExactSQL-AST,9000,64,2027,1.0,1,none,0.9765689992491389,2027,9000,9000,0,1,0,0
42,antijoin,PostFilter-SQL-AST,9000,64,2027,0.9,0,ranking_truncation,0.4261029998815502,222,1150,1150,8,0,0,0
42,antijoin,PACER-A-SQL-AST,9000,64,2027,1.0,1,none,8.504106999680516,962,4800,4800,35,0,0,0
42,antijoin,PACER-X-SQL-AST,9000,64,2027,1.0,1,none,12.707701999715937,2027,9000,9000,64,1,0,0
43,range,ExactSQL-AST,9000,64,875,1.0,1,none,0.399094999920635,875,9000,9000,0,1,0,0
43,range,PostFilter-SQL-AST,9000,64,875,0.8,0,ranking_truncation,0.23685600081080338,182,1084,1084,8,0,0,0
43,range,PACER-A-SQL-AST,9000,64,875,0.9,0,ranking_truncation,4.700669999692764,512,4800,4800,32,0,0,0
43,range,PACER-X-SQL-AST,9000,64,875,1.0,1,none,8.714151000276615,875,9000,9000,64,1,0,0
44,mixed,ExactSQL-AST,9000,64,2823,1.0,1,none,0.6518569998661405,2823,9000,9000,0,1,0,0
44,mixed,PostFilter-SQL-AST,9000,64,2823,0.9,0,ranking_truncation,0.36172399995848536,387,1243,1243,8,0,0,0
44,mixed,PACER-A-SQL-AST,9000,64,2823,1.0,1,none,6.092728000112402,1449,4800,4800,33,0,0,0
44,mixed,PACER-X-SQL-AST,9000,64,2823,1.0,1,none,9.720688000015798,2823,9000,9000,64,1,0,0
45,dnf,ExactSQL-AST,9000,64,613,1.0,1,none,0.7508449998567812,613,9000,9000,0,1,0,0
45,dnf,PostFilter-SQL-AST,9000,64,613,0.9,0,ranking_truncation,0.35820199991576374,88,1207,1207,8,0,0,0
45,dnf,PACER-A-SQL-AST,9000,64,613,0.9,0,ranking_truncation,8.101098999759415,295,4800,4800,33,0,0,1
45,dnf,PACER-X-SQL-AST,9000,64,613,1.0,1,none,14.528982000229007,613,8974,8974,63,1,0,1
46,semijoin,ExactSQL-AST,9000,64,158,1.0,1,none,0.3392240005268832,158,9000,9000,0,1,0,0
46,semijoin,PostFilter-SQL-AST,9000,64,158,0.6,0,ranking_truncation,0.17232300069736084,17,1171,1171,8,0,0,0
46,semijoin,PACER-A-SQL-AST,9000,64,158,0.9,0,ranking_truncation,3.948716000195418,81,4800,4800,33,0,0,1
46,semijoin,PACER-X-SQL-AST,9000,64,158,1.0,1,none,8.581386000514613,158,8974,8974,63,1,0,1
47,antijoin,ExactSQL-AST,9000,64,1527,1.0,1,none,0.5941459994573961,1527,9000,9000,0,1,0,0
47,antijoin,PostFilter-SQL-AST,9000,64,1527,0.7,0,ranking_truncation,0.2399810000497382,205,1142,1142,8,0,0,0
47,antijoin,PACER-A-SQL-AST,9000,64,1527,1.0,1,none,5.651083999509865,847,4800,4800,33,0,0,0
47,antijoin,PACER-X-SQL-AST,9000,64,1527,1.0,1,none,10.075866000079259,1527,9000,9000,64,1,0,0
48,range,ExactSQL-AST,9000,64,818,1.0,1,none,0.368304000403441,818,9000,9000,0,1,0,0
48,range,PostFilter-SQL-AST,9000,64,818,0.3,0,ranking_truncation,0.16964899987215176,72,1188,1188,8,0,0,0
48,range,PACER-A-SQL-AST,9000,64,818,1.0,1,none,4.16920800034859,473,4800,4800,33,0,0,0
48,range,PACER-X-SQL-AST,9000,64,818,1.0,1,none,7.314415999644552,818,9000,9000,64,1,0,0
49,mixed,ExactSQL-AST,9000,64,2017,1.0,1,none,0.5349080001906259,2017,9000,9000,0,1,0,0
49,mixed,PostFilter-SQL-AST,9000,64,2017,0.5,0,ranking_truncation,0.28739100071106805,258,933,933,8,0,0,0
49,mixed,PACER-A-SQL-AST,9000,64,2017,0.9,0,ranking_truncation,4.650697999750264,1100,4800,4800,33,0,0,0
49,mixed,PACER-X-SQL-AST,9000,64,2017,1.0,1,none,9.60588199995982,2017,9000,9000,64,1,0,0
50,dnf,ExactSQL-AST,9000,64,405,1.0,1,none,0.6936780000614817,405,9000,9000,0,1,0,0
50,dnf,PostFilter-SQL-AST,9000,64,405,0.9,0,ranking_truncation,0.3508099998725811,50,1170,1170,8,0,0,0
50,dnf,PACER-A-SQL-AST,9000,64,405,1.0,1,none,9.0041100002054,251,4800,4800,35,0,0,0
50,dnf,PACER-X-SQL-AST,9000,64,405,1.0,1,none,14.220671000657603,405,9000,9000,64,1,0,0
51,semijoin,ExactSQL-AST,9000,64,220,1.0,1,none,0.27310699988447595,220,9000,9000,0,1,0,0
51,semijoin,PostFilter-SQL-AST,9000,64,220,0.7,0,ranking_truncation,0.16342799972335342,52,1139,1139,8,0,0,0
51,semijoin,PACER-A-SQL-AST,9000,64,220,1.0,1,none,4.169097000158217,153,4800,4800,34,0,0,0
51,semijoin,PACER-X-SQL-AST,9000,64,220,1.0,1,none,7.414953999614227,220,9000,9000,64,1,0,0
52,antijoin,ExactSQL-AST,9000,64,2333,1.0,1,none,0.7077979998939554,2333,9000,9000,0,1,0,0
52,antijoin,PostFilter-SQL-AST,9000,64,2333,0.8,0,ranking_truncation,0.3146270000797813,365,1301,1301,8,0,0,0
52,antijoin,PACER-A-SQL-AST,9000,64,2333,1.0,1,none,4.981250999662734,1291,4800,4800,29,0,0,0
52,antijoin,PACER-X-SQL-AST,9000,64,2333,1.0,1,none,10.178632000133803,2333,9000,9000,64,1,0,0
53,range,ExactSQL-AST,9000,64,519,1.0,1,none,0.3340639996167738,519,9000,9000,0,1,0,0
53,range,PostFilter-SQL-AST,9000,64,519,0.6,0,ranking_truncation,0.162080000336573,83,1018,1018,8,0,0,0
53,range,PACER-A-SQL-AST,9000,64,519,1.0,1,none,4.1945299999497365,296,4800,4800,35,0,0,0
53,range,PACER-X-SQL-AST,9000,64,519,1.0,1,none,7.253978999870014,519,9000,9000,64,1,0,0
54,mixed,ExactSQL-AST,9000,64,2240,1.0,1,none,0.5397929999162443,2240,9000,9000,0,1,0,0
54,mixed,PostFilter-SQL-AST,9000,64,2240,0.8,0,ranking_truncation,0.23919600062072277,272,1134,1134,8,0,0,0
54,mixed,PACER-A-SQL-AST,9000,64,2240,1.0,1,none,5.08969799921033,1179,4800,4800,36,0,0,0
54,mixed,PACER-X-SQL-AST,9000,64,2240,1.0,1,none,8.490850000271166,2240,9000,9000,64,1,0,0
55,dnf,ExactSQL-AST,9000,64,565,1.0,1,none,0.7330589996854542,565,9000,9000,0,1,0,0
55,dnf,PostFilter-SQL-AST,9000,64,565,0.8,0,ranking_truncation,0.34459899961802876,68,1111,1111,8,0,0,0
55,dnf,PACER-A-SQL-AST,9000,64,565,1.0,1,none,7.670917000723421,246,4800,4800,33,0,0,1
55,dnf,PACER-X-SQL-AST,9000,64,565,1.0,1,none,17.09065999966697,565,8974,8974,63,1,0,1
56,semijoin,ExactSQL-AST,9000,64,223,1.0,1,none,0.3229199992347276,223,9000,9000,0,1,0,0
56,semijoin,PostFilter-SQL-AST,9000,64,223,0.7,0,ranking_truncation,0.16732100084482227,30,961,961,8,0,0,0
56,semijoin,PACER-A-SQL-AST,9000,64,223,1.0,1,none,4.460139000002528,111,4800,4800,34,0,0,1
56,semijoin,PACER-X-SQL-AST,9000,64,223,1.0,1,none,7.403736999549437,223,8974,8974,63,1,0,1
57,antijoin,ExactSQL-AST,9000,64,1989,1.0,1,none,0.7088959991961019,1989,9000,9000,0,1,0,0
57,antijoin,PostFilter-SQL-AST,9000,64,1989,0.6,0,ranking_truncation,0.28761199973814655,314,1411,1411,8,0,0,0
57,antijoin,PACER-A-SQL-AST,9000,64,1989,0.9,0,ranking_truncation,5.654049999975541,1012,4800,4800,32,0,0,0
57,antijoin,PACER-X-SQL-AST,9000,64,1989,1.0,1,none,9.978776999560068,1989,9000,9000,64,1,0,0
58,range,ExactSQL-AST,9000,64,711,1.0,1,none,0.3274729997428949,711,9000,9000,0,1,0,0
58,range,PostFilter-SQL-AST,9000,64,711,0.9,0,ranking_truncation,0.28775200007657986,72,1201,1201,8,0,0,0
58,range,PACER-A-SQL-AST,9000,64,711,0.9,0,ranking_truncation,3.975198999796703,391,4800,4800,34,0,0,0
58,range,PACER-X-SQL-AST,9000,64,711,1.0,1,none,6.979521999710414,711,9000,9000,64,1,0,0
59,mixed,ExactSQL-AST,9000,64,3086,1.0,1,none,0.7304680002562236,3086,9000,9000,0,1,0,0
59,mixed,PostFilter-SQL-AST,9000,64,3086,1.0,1,none,0.38825800038466696,509,1369,1369,8,0,0,0
59,mixed,PACER-A-SQL-AST,9000,64,3086,1.0,1,none,4.838699999709206,1690,4800,4800,33,0,0,0
59,mixed,PACER-X-SQL-AST,9000,64,3086,1.0,1,none,8.122598000227299,3086,9000,9000,64,1,0,0
60,dnf,ExactSQL-AST,9000,64,572,1.0,1,none,0.6615500005864305,572,9000,9000,0,1,0,0
60,dnf,PostFilter-SQL-AST,9000,64,572,0.6,0,ranking_truncation,0.32638200082146795,86,1204,1204,8,0,0,0
60,dnf,PACER-A-SQL-AST,9000,64,572,1.0,1,none,7.1473340003649355,370,4800,4800,32,0,0,1
60,dnf,PACER-X-SQL-AST,9000,64,572,1.0,1,none,15.861666999626323,572,8974,8974,63,1,0,1
61,semijoin,ExactSQL-AST,9000,64,242,1.0,1,none,0.39123600072343834,242,9000,9000,0,1,0,0
61,semijoin,PostFilter-SQL-AST,9000,64,242,0.8,0,ranking_truncation,0.21615900004690047,43,1184,1184,8,0,0,0
61,semijoin,PACER-A-SQL-AST,9000,64,242,1.0,1,none,4.1240029995606164,144,4800,4800,34,0,0,0
61,semijoin,PACER-X-SQL-AST,9000,64,242,1.0,1,none,9.018644000207132,242,9000,9000,64,1,0,0
62,antijoin,ExactSQL-AST,9000,64,2328,1.0,1,none,0.7225829995149979,2328,9000,9000,0,1,0,0
62,antijoin,PostFilter-SQL-AST,9000,64,2328,0.8,0,ranking_truncation,0.38904200027900515,214,1176,1176,8,0,0,0
62,antijoin,PACER-A-SQL-AST,9000,64,2328,1.0,1,none,7.192275000306836,1247,4800,4800,38,0,0,0
62,antijoin,PACER-X-SQL-AST,9000,64,2328,1.0,1,none,11.058035000132804,2328,9000,9000,64,1,0,0
63,range,ExactSQL-AST,9000,64,806,1.0,1,none,0.3810739999607904,806,9000,9000,0,1,0,0
63,range,PostFilter-SQL-AST,9000,64,806,0.6,0,ranking_truncation,0.17288100025325548,80,1233,1233,8,0,0,0
63,range,PACER-A-SQL-AST,9000,64,806,0.8,0,ranking_truncation,4.533242000434257,428,4800,4800,35,0,0,0
63,range,PACER-X-SQL-AST,9000,64,806,1.0,1,none,7.875135999711347,806,9000,9000,64,1,0,0
64,mixed,ExactSQL-AST,9000,64,2458,1.0,1,none,0.5352640000637621,2458,9000,9000,0,1,0,0
64,mixed,PostFilter-SQL-AST,9000,64,2458,0.9,0,ranking_truncation,0.22803799947723746,363,1260,1260,8,0,0,0
64,mixed,PACER-A-SQL-AST,9000,64,2458,1.0,1,none,4.732573999717715,1354,4800,4800,35,0,0,0
64,mixed,PACER-X-SQL-AST,9000,64,2458,1.0,1,none,8.785129999523633,2458,9000,9000,64,1,0,0
65,dnf,ExactSQL-AST,9000,64,356,1.0,1,none,0.7599439995829016,356,9000,9000,0,1,0,0
65,dnf,PostFilter-SQL-AST,9000,64,356,0.7,0,ranking_truncation,0.31033699997351505,46,1036,1036,8,0,0,0
65,dnf,PACER-A-SQL-AST,9000,64,356,1.0,1,none,8.413825000388897,195,4800,4800,34,0,0,0
65,dnf,PACER-X-SQL-AST,9000,64,356,1.0,1,none,14.064353000321717,356,9000,9000,64,1,0,0
66,semijoin,ExactSQL-AST,9000,64,175,1.0,1,none,0.3473719998510205,175,9000,9000,0,1,0,0
66,semijoin,PostFilter-SQL-AST,9000,64,175,0.5,0,ranking_truncation,0.18095599989464972,29,1230,1230,8,0,0,0
66,semijoin,PACER-A-SQL-AST,9000,64,175,0.9,0,ranking_truncation,4.178463999778614,88,4800,4800,36,0,0,0
66,semijoin,PACER-X-SQL-AST,9000,64,175,1.0,1,none,7.1475830000053975,175,9000,9000,64,1,0,0
67,antijoin,ExactSQL-AST,9000,64,1705,1.0,1,none,0.6571960002474952,1705,9000,9000,0,1,0,0
67,antijoin,PostFilter-SQL-AST,9000,64,1705,0.3,0,ranking_truncation,0.27737599975807825,215,1111,1111,8,0,0,0
67,antijoin,PACER-A-SQL-AST,9000,64,1705,1.0,1,none,5.957355000646203,908,4800,4800,33,0,0,0
67,antijoin,PACER-X-SQL-AST,9000,64,1705,1.0,1,none,11.745570999664778,1705,9000,9000,64,1,0,0
68,range,ExactSQL-AST,9000,64,786,1.0,1,none,0.42508699971222086,786,9000,9000,0,1,0,0
68,range,PostFilter-SQL-AST,9000,64,786,0.4,0,ranking_truncation,0.19256199993833434,133,1138,1138,8,0,0,0
68,range,PACER-A-SQL-AST,9000,64,786,1.0,1,none,4.409324999869568,470,4800,4800,34,0,0,0
68,range,PACER-X-SQL-AST,9000,64,786,1.0,1,none,7.72742999924958,786,9000,9000,64,1,0,0
69,mixed,ExactSQL-AST,9000,64,2396,1.0,1,none,0.5512380002983264,2396,9000,9000,0,1,0,0
69,mixed,PostFilter-SQL-AST,9000,64,2396,0.7,0,ranking_truncation,0.2402439995421446,436,1277,1277,8,0,0,0
69,mixed,PACER-A-SQL-AST,9000,64,2396,0.9,0,ranking_truncation,4.803895000804914,1408,4800,4800,33,0,0,0
69,mixed,PACER-X-SQL-AST,9000,64,2396,1.0,1,none,8.669300999827101,2396,9000,9000,64,1,0,0
70,dnf,ExactSQL-AST,9000,64,447,1.0,1,none,0.7057550001263735,447,9000,9000,0,1,0,0
70,dnf,PostFilter-SQL-AST,9000,64,447,0.5,0,ranking_truncation,0.3729700001713354,50,978,978,8,0,0,0
70,dnf,PACER-A-SQL-AST,9000,64,447,0.9,0,ranking_truncation,8.181748000424705,172,4800,4800,36,0,0,0
70,dnf,PACER-X-SQL-AST,9000,64,447,1.0,1,none,13.799604000269028,447,9000,9000,64,1,0,0
71,semijoin,ExactSQL-AST,9000,64,175,1.0,1,none,0.38882299941178644,175,9000,9000,0,1,0,0
71,semijoin,PostFilter-SQL-AST,9000,64,175,0.3,0,ranking_truncation,0.1731530001052306,17,1078,1078,8,0,0,0
71,semijoin,PACER-A-SQL-AST,9000,64,175,0.8,0,ranking_truncation,4.440940000677074,84,4800,4800,36,0,0,0
71,semijoin,PACER-X-SQL-AST,9000,64,175,1.0,1,none,7.761896999909368,175,9000,9000,64,1,0,0
72,antijoin,ExactSQL-AST,9000,64,1966,1.0,1,none,0.6283519996941322,1966,9000,9000,0,1,0,0
72,antijoin,PostFilter-SQL-AST,9000,64,1966,1.0,1,none,0.24212199969042558,331,1280,1280,8,0,0,0
72,antijoin,PACER-A-SQL-AST,9000,64,1966,1.0,1,none,6.183949999467586,1120,4800,4800,34,0,0,0
72,antijoin,PACER-X-SQL-AST,9000,64,1966,1.0,1,none,10.37338100013585,1966,9000,9000,64,1,0,0
73,range,ExactSQL-AST,9000,64,734,1.0,1,none,0.49063999995269114,734,9000,9000,0,1,0,0
73,range,PostFilter-SQL-AST,9000,64,734,0.7,0,ranking_truncation,0.2894409999498748,63,1335,1335,8,0,0,0
73,range,PACER-A-SQL-AST,9000,64,734,1.0,1,none,4.685507999965921,299,4800,4800,32,0,0,0
73,range,PACER-X-SQL-AST,9000,64,734,1.0,1,none,8.284760000606184,734,9000,9000,64,1,0,0
74,mixed,ExactSQL-AST,9000,64,2132,1.0,1,none,0.5216989993641619,2132,9000,9000,0,1,0,0
74,mixed,PostFilter-SQL-AST,9000,64,2132,1.0,1,none,0.2121739998983685,299,1012,1012,8,0,0,0
74,mixed,PACER-A-SQL-AST,9000,64,2132,1.0,1,none,4.516013000284147,1185,4800,4800,33,0,0,0
74,mixed,PACER-X-SQL-AST,9000,64,2132,1.0,1,none,8.841996999763069,2132,9000,9000,64,1,0,0
75,dnf,ExactSQL-AST,9000,64,276,1.0,1,none,0.4598320001605316,276,9000,9000,0,1,0,0
75,dnf,PostFilter-SQL-AST,9000,64,276,0.9,0,ranking_truncation,0.3515600001264829,85,1030,1030,8,0,0,0
75,dnf,PACER-A-SQL-AST,9000,64,276,1.0,1,none,8.251287999883061,159,4800,4800,34,0,0,0
75,dnf,PACER-X-SQL-AST,9000,64,276,1.0,1,none,13.314974999957485,276,9000,9000,64,1,0,0
76,semijoin,ExactSQL-AST,9000,64,166,1.0,1,none,0.372337999579031,166,9000,9000,0,1,0,0
76,semijoin,PostFilter-SQL-AST,9000,64,166,0.4,0,ranking_truncation,0.24535099964850815,28,1164,1164,8,0,0,0
76,semijoin,PACER-A-SQL-AST,9000,64,166,0.9,0,ranking_truncation,3.4329529999013175,86,4800,4800,33,0,0,0
76,semijoin,PACER-X-SQL-AST,9000,64,166,1.0,1,none,7.168456999352202,166,9000,9000,64,1,0,0
77,antijoin,ExactSQL-AST,9000,64,1972,1.0,1,none,0.9203170002365368,1972,9000,9000,0,1,0,0
77,antijoin,PostFilter-SQL-AST,9000,64,1972,1.0,1,none,0.40260900004795985,306,1171,1171,8,0,0,0
77,antijoin,PACER-A-SQL-AST,9000,64,1972,1.0,1,none,7.324148000407149,1125,4800,4800,34,0,0,0
77,antijoin,PACER-X-SQL-AST,9000,64,1972,1.0,1,none,10.253771999487071,1972,9000,9000,64,1,0,0
78,range,ExactSQL-AST,9000,64,518,1.0,1,none,0.305077999655623,518,9000,9000,0,1,0,0
78,range,PostFilter-SQL-AST,9000,64,518,0.9,0,ranking_truncation,0.170202999470348,88,1289,1289,8,0,0,0
78,range,PACER-A-SQL-AST,9000,64,518,0.9,0,ranking_truncation,4.168899000433157,226,4800,4800,36,0,0,0
78,range,PACER-X-SQL-AST,9000,64,518,1.0,1,none,7.3223709996455,518,9000,9000,64,1,0,0
79,mixed,ExactSQL-AST,9000,64,2068,1.0,1,none,0.49875300010171486,2068,9000,9000,0,1,0,0
79,mixed,PostFilter-SQL-AST,9000,64,2068,0.8,0,ranking_truncation,0.21050299983471632,271,1030,1030,8,0,0,0
79,mixed,PACER-A-SQL-AST,9000,64,2068,1.0,1,none,5.220385000029637,1110,4800,4800,35,0,0,0
79,mixed,PACER-X-SQL-AST,9000,64,2068,1.0,1,none,11.088991999713471,2068,9000,9000,64,1,0,0
80,dnf,ExactSQL-AST,9000,64,241,1.0,1,none,0.6376569999702042,241,9000,9000,0,1,0,0
80,dnf,PostFilter-SQL-AST,9000,64,241,0.4,0,ranking_truncation,0.3464230003373814,32,1016,1016,8,0,0,0
80,dnf,PACER-A-SQL-AST,9000,64,241,1.0,1,none,7.464386000719969,127,4800,4800,34,0,0,0
80,dnf,PACER-X-SQL-AST,9000,64,241,1.0,1,none,16.511888000422914,241,9000,9000,64,1,0,0
81,semijoin,ExactSQL-AST,9000,64,172,1.0,1,none,0.4852960000789608,172,9000,9000,0,1,0,0
81,semijoin,PostFilter-SQL-AST,9000,64,172,0.8,0,ranking_truncation,0.28858699988632,36,1037,1037,8,0,0,0
81,semijoin,PACER-A-SQL-AST,9000,64,172,1.0,1,none,4.062440999405226,97,4800,4800,33,0,0,0
81,semijoin,PACER-X-SQL-AST,9000,64,172,1.0,1,none,7.250507999742695,172,9000,9000,64,1,0,0
82,antijoin,ExactSQL-AST,9000,64,1529,1.0,1,none,0.7124519997887546,1529,9000,9000,0,1,0,0
82,antijoin,PostFilter-SQL-AST,9000,64,1529,0.9,0,ranking_truncation,0.3121760000794893,149,1206,1206,8,0,0,0
82,antijoin,PACER-A-SQL-AST,9000,64,1529,1.0,1,none,7.009040999946592,802,4800,4800,31,0,0,0
82,antijoin,PACER-X-SQL-AST,9000,64,1529,1.0,1,none,10.460880999744404,1529,9000,9000,64,1,0,0
83,range,ExactSQL-AST,9000,64,733,1.0,1,none,0.36537300002237316,733,9000,9000,0,1,0,0
83,range,PostFilter-SQL-AST,9000,64,733,0.9,0,ranking_truncation,0.21834000017406652,117,1333,1333,8,0,0,0
83,range,PACER-A-SQL-AST,9000,64,733,0.9,0,ranking_truncation,4.019601999971201,322,4800,4800,32,0,0,0
83,range,PACER-X-SQL-AST,9000,64,733,1.0,1,none,7.967019999341574,733,9000,9000,64,1,0,0
84,mixed,ExactSQL-AST,9000,64,2763,1.0,1,none,0.7592219999423833,2763,9000,9000,0,1,0,0
84,mixed,PostFilter-SQL-AST,9000,64,2763,0.6,0,ranking_truncation,0.254945999586198,287,1057,1057,8,0,0,0
84,mixed,PACER-A-SQL-AST,9000,64,2763,1.0,1,none,4.9867939997056965,1377,4800,4800,34,0,0,0
84,mixed,PACER-X-SQL-AST,9000,64,2763,1.0,1,none,8.899848000510246,2763,9000,9000,64,1,0,0
85,dnf,ExactSQL-AST,9000,64,310,1.0,1,none,0.5746779997934937,310,9000,9000,0,1,0,0
85,dnf,PostFilter-SQL-AST,9000,64,310,0.7,0,ranking_truncation,0.31328299974120455,30,1135,1135,8,0,0,0
85,dnf,PACER-A-SQL-AST,9000,64,310,0.9,0,ranking_truncation,9.536902000036207,160,4800,4800,32,0,0,0
85,dnf,PACER-X-SQL-AST,9000,64,310,1.0,1,none,14.271886999267736,310,9000,9000,64,1,0,0
86,semijoin,ExactSQL-AST,9000,64,222,1.0,1,none,0.37083299957885174,222,9000,9000,0,1,0,0
86,semijoin,PostFilter-SQL-AST,9000,64,222,0.8,0,ranking_truncation,0.25833600011537783,23,1072,1072,8,0,0,0
86,semijoin,PACER-A-SQL-AST,9000,64,222,0.9,0,ranking_truncation,4.242547999638191,118,4800,4800,36,0,0,0
86,semijoin,PACER-X-SQL-AST,9000,64,222,1.0,1,none,7.936273999803234,222,9000,9000,64,1,0,0
87,antijoin,ExactSQL-AST,9000,64,2433,1.0,1,none,0.8115109994832892,2433,9000,9000,0,1,0,0
87,antijoin,PostFilter-SQL-AST,9000,64,2433,0.5,0,ranking_truncation,0.28747600026690634,281,1085,1085,8,0,0,0
87,antijoin,PACER-A-SQL-AST,9000,64,2433,1.0,1,none,7.095726999978069,1245,4800,4800,38,0,0,0
87,antijoin,PACER-X-SQL-AST,9000,64,2433,1.0,1,none,11.089214000094216,2433,9000,9000,64,1,0,0
88,range,ExactSQL-AST,9000,64,757,1.0,1,none,0.34316799974476453,757,9000,9000,0,1,0,0
88,range,PostFilter-SQL-AST,9000,64,757,0.7,0,ranking_truncation,0.23267599954124307,151,1279,1279,8,0,0,0
88,range,PACER-A-SQL-AST,9000,64,757,0.9,0,ranking_truncation,4.3870469999092165,470,4800,4800,33,0,0,0
88,range,PACER-X-SQL-AST,9000,64,757,1.0,1,none,7.7333030003501335,757,9000,9000,64,1,0,0
89,mixed,ExactSQL-AST,9000,64,2211,1.0,1,none,0.5049040000812965,2211,9000,9000,0,1,0,0
89,mixed,PostFilter-SQL-AST,9000,64,2211,1.0,1,none,0.26422800056025153,299,998,998,8,0,0,0
89,mixed,PACER-A-SQL-AST,9000,64,2211,1.0,1,none,5.720406000364164,1278,4800,4800,36,0,0,0
89,mixed,PACER-X-SQL-AST,9000,64,2211,1.0,1,none,8.32901200010383,2211,9000,9000,64,1,0,0
90,dnf,ExactSQL-AST,9000,64,489,1.0,1,none,0.7826850005585584,489,9000,9000,0,1,0,0
90,dnf,PostFilter-SQL-AST,9000,64,489,0.9,0,ranking_truncation,0.3197010000803857,127,1149,1149,8,0,0,0
90,dnf,PACER-A-SQL-AST,9000,64,489,1.0,1,none,7.963744999869959,275,4800,4800,34,0,0,0
90,dnf,PACER-X-SQL-AST,9000,64,489,1.0,1,none,17.946761000530387,489,9000,9000,64,1,0,0
91,semijoin,ExactSQL-AST,9000,64,203,1.0,1,none,0.35792900052911136,203,9000,9000,0,1,0,0
91,semijoin,PostFilter-SQL-AST,9000,64,203,0.7,0,ranking_truncation,0.21627999922202434,24,1522,1522,8,0,0,0
91,semijoin,PACER-A-SQL-AST,9000,64,203,0.9,0,ranking_truncation,4.436872999576735,102,4800,4800,32,0,0,0
91,semijoin,PACER-X-SQL-AST,9000,64,203,1.0,1,none,8.219755000027362,203,9000,9000,64,1,0,0
92,antijoin,ExactSQL-AST,9000,64,2170,1.0,1,none,0.7419829998980276,2170,9000,9000,0,1,0,0
92,antijoin,PostFilter-SQL-AST,9000,64,2170,0.8,0,ranking_truncation,0.3417650004848838,432,1472,1472,8,0,0,0
92,antijoin,PACER-A-SQL-AST,9000,64,2170,1.0,1,none,5.878648999896541,1214,4800,4800,33,0,0,0
92,antijoin,PACER-X-SQL-AST,9000,64,2170,1.0,1,none,10.574755999186891,2170,9000,9000,64,1,0,0
93,range,ExactSQL-AST,9000,64,624,1.0,1,none,0.40447099945595255,624,9000,9000,0,1,0,0
93,range,PostFilter-SQL-AST,9000,64,624,0.4,0,ranking_truncation,0.17948400000022957,60,951,951,8,0,0,0
93,range,PACER-A-SQL-AST,9000,64,624,0.9,0,ranking_truncation,4.200104000119609,291,4800,4800,35,0,0,0
93,range,PACER-X-SQL-AST,9000,64,624,1.0,1,none,7.630244000210951,624,9000,9000,64,1,0,0
94,mixed,ExactSQL-AST,9000,64,2084,1.0,1,none,0.5528110004888731,2084,9000,9000,0,1,0,0
94,mixed,PostFilter-SQL-AST,9000,64,2084,0.9,0,ranking_truncation,0.2493900001354632,400,1046,1046,8,0,0,0
94,mixed,PACER-A-SQL-AST,9000,64,2084,1.0,1,none,4.808810999747948,1178,4800,4800,35,0,0,0
94,mixed,PACER-X-SQL-AST,9000,64,2084,1.0,1,none,8.73838700044871,2084,9000,9000,64,1,0,0
95,dnf,ExactSQL-AST,9000,64,356,1.0,1,none,0.752386999920418,356,9000,9000,0,1,0,0
95,dnf,PostFilter-SQL-AST,9000,64,356,1.0,1,none,0.3195039998900029,83,1340,1340,8,0,0,0
95,dnf,PACER-A-SQL-AST,9000,64,356,1.0,1,none,7.262995999553823,241,4800,4800,32,0,0,0
95,dnf,PACER-X-SQL-AST,9000,64,356,1.0,1,none,14.088657999309362,356,9000,9000,64,1,0,0
96,semijoin,ExactSQL-AST,9000,64,199,1.0,1,none,0.5530839998755255,199,9000,9000,0,1,0,0
96,semijoin,PostFilter-SQL-AST,9000,64,199,0.5,0,ranking_truncation,0.2618990001792554,25,1054,1054,8,0,0,0
96,semijoin,PACER-A-SQL-AST,9000,64,199,0.9,0,ranking_truncation,5.738487999224162,117,4800,4800,33,0,0,0
96,semijoin,PACER-X-SQL-AST,9000,64,199,1.0,1,none,10.518542000681919,199,9000,9000,64,1,0,0
97,antijoin,ExactSQL-AST,9000,64,2478,1.0,1,none,0.7332139994105091,2478,9000,9000,0,1,0,0
97,antijoin,PostFilter-SQL-AST,9000,64,2478,1.0,1,none,0.262886000200524,270,1041,1041,8,0,0,0
97,antijoin,PACER-A-SQL-AST,9000,64,2478,1.0,1,none,5.867053999281779,1369,4800,4800,37,0,0,0
97,antijoin,PACER-X-SQL-AST,9000,64,2478,1.0,1,none,10.065024999676098,2478,9000,9000,64,1,0,0
98,range,ExactSQL-AST,9000,64,764,1.0,1,none,0.33095500020863255,764,9000,9000,0,1,0,0
98,range,PostFilter-SQL-AST,9000,64,764,1.0,1,none,0.17449700044380734,71,1247,1247,8,0,0,0
98,range,PACER-A-SQL-AST,9000,64,764,1.0,1,none,3.832512999906612,296,4800,4800,33,0,0,0
98,range,PACER-X-SQL-AST,9000,64,764,1.0,1,none,7.044457999654696,764,9000,9000,64,1,0,0
99,mixed,ExactSQL-AST,9000,64,2264,1.0,1,none,0.49831300020741764,2264,9000,9000,0,1,0,0
99,mixed,PostFilter-SQL-AST,9000,64,2264,0.9,0,ranking_truncation,0.2127679999830434,286,1247,1247,8,0,0,0
99,mixed,PACER-A-SQL-AST,9000,64,2264,0.9,0,ranking_truncation,4.315631000281428,1085,4800,4800,33,0,0,0
99,mixed,PACER-X-SQL-AST,9000,64,2264,1.0,1,none,8.523757999682857,2264,9000,9000,64,1,0,0
100,dnf,ExactSQL-AST,9000,64,400,1.0,1,none,0.7076419997247285,400,9000,9000,0,1,0,0
100,dnf,PostFilter-SQL-AST,9000,64,400,0.6,0,ranking_truncation,0.31138699978328077,80,1099,1099,8,0,0,0
100,dnf,PACER-A-SQL-AST,9000,64,400,1.0,1,none,7.370647999778157,272,4800,4800,33,0,0,1
100,dnf,PACER-X-SQL-AST,9000,64,400,1.0,1,none,13.745770000241464,400,8960,8960,63,1,0,1
101,semijoin,ExactSQL-AST,9000,64,188,1.0,1,none,0.26529000024311244,188,9000,9000,0,1,0,0
101,semijoin,PostFilter-SQL-AST,9000,64,188,0.7,0,ranking_truncation,0.20479399972828105,28,1310,1310,8,0,0,0
101,semijoin,PACER-A-SQL-AST,9000,64,188,1.0,1,none,3.7353000006987713,78,4800,4800,34,0,0,0
101,semijoin,PACER-X-SQL-AST,9000,64,188,1.0,1,none,6.951723999918613,188,9000,9000,64,1,0,0
102,antijoin,ExactSQL-AST,9000,64,2061,1.0,1,none,0.8544960001017898,2061,9000,9000,0,1,0,0
102,antijoin,PostFilter-SQL-AST,9000,64,2061,0.8,0,ranking_truncation,0.4406020007081679,272,1255,1255,8,0,0,0
102,antijoin,PACER-A-SQL-AST,9000,64,2061,1.0,1,none,6.909024999913527,1126,4800,4800,32,0,0,0
102,antijoin,PACER-X-SQL-AST,9000,64,2061,1.0,1,none,11.05783699949825,2061,9000,9000,64,1,0,0
103,range,ExactSQL-AST,9000,64,498,1.0,1,none,0.36843799989583204,498,9000,9000,0,1,0,0
103,range,PostFilter-SQL-AST,9000,64,498,0.1,0,ranking_truncation,0.1722880006127525,47,1267,1267,8,0,0,0
103,range,PACER-A-SQL-AST,9000,64,498,0.9,0,ranking_truncation,4.085274999852118,280,4800,4800,34,0,0,0
103,range,PACER-X-SQL-AST,9000,64,498,1.0,1,none,7.417077000354766,498,9000,9000,64,1,0,0
104,mixed,ExactSQL-AST,9000,64,2385,1.0,1,none,0.5517350000445731,2385,9000,9000,0,1,0,0
104,mixed,PostFilter-SQL-AST,9000,64,2385,0.7,0,ranking_truncation,0.23733099988021422,399,1241,1241,8,0,0,0
104,mixed,PACER-A-SQL-AST,9000,64,2385,1.0,1,none,4.6978440004750155,1280,4800,4800,35,0,0,0
104,mixed,PACER-X-SQL-AST,9000,64,2385,1.0,1,none,8.122365999952308,2385,9000,9000,64,1,0,0
105,dnf,ExactSQL-AST,9000,64,446,1.0,1,none,0.7453569996869192,446,9000,9000,0,1,0,0
105,dnf,PostFilter-SQL-AST,9000,64,446,0.6,0,ranking_truncation,0.32371799989050487,45,1033,1033,8,0,0,0
105,dnf,PACER-A-SQL-AST,9000,64,446,0.9,0,ranking_truncation,7.346610999775294,205,4800,4800,34,0,0,0
105,dnf,PACER-X-SQL-AST,9000,64,446,1.0,1,none,13.256347999231366,446,9000,9000,64,1,0,0
106,semijoin,ExactSQL-AST,9000,64,172,1.0,1,none,0.34189799953310285,172,9000,9000,0,1,0,0
106,semijoin,PostFilter-SQL-AST,9000,64,172,0.5,0,ranking_truncation,0.1677879999988363,16,1092,1092,8,0,0,0
106,semijoin,PACER-A-SQL-AST,9000,64,172,1.0,1,none,3.469459000370989,88,4800,4800,32,0,0,0
106,semijoin,PACER-X-SQL-AST,9000,64,172,1.0,1,none,6.657065999206679,172,9000,9000,64,1,0,0
107,antijoin,ExactSQL-AST,9000,64,2237,1.0,1,none,0.6729130000167061,2237,9000,9000,0,1,0,0
107,antijoin,PostFilter-SQL-AST,9000,64,2237,0.8,0,ranking_truncation,0.23576300009153783,248,942,942,8,0,0,0
107,antijoin,PACER-A-SQL-AST,9000,64,2237,0.9,0,ranking_truncation,5.351279000024078,1185,4800,4800,36,0,0,0
107,antijoin,PACER-X-SQL-AST,9000,64,2237,1.0,1,none,9.559023000292655,2237,9000,9000,64,1,0,0
108,range,ExactSQL-AST,9000,64,823,1.0,1,none,0.3521650005495758,823,9000,9000,0,1,0,0
108,range,PostFilter-SQL-AST,9000,64,823,0.6,0,ranking_truncation,0.17522800044389442,105,1327,1327,8,0,0,0
108,range,PACER-A-SQL-AST,9000,64,823,1.0,1,none,5.391170999246242,532,4800,4800,34,0,0,0
108,range,PACER-X-SQL-AST,9000,64,823,1.0,1,none,10.192776999247144,823,9000,9000,64,1,0,0
109,mixed,ExactSQL-AST,9000,64,2902,1.0,1,none,0.5349919993022922,2902,9000,9000,0,1,0,0
109,mixed,PostFilter-SQL-AST,9000,64,2902,0.9,0,ranking_truncation,0.22349300070345635,319,994,994,8,0,0,0
109,mixed,PACER-A-SQL-AST,9000,64,2902,1.0,1,none,4.690896999818506,1571,4800,4800,35,0,0,0
109,mixed,PACER-X-SQL-AST,9000,64,2902,1.0,1,none,9.970525999960955,2902,9000,9000,64,1,0,0
110,dnf,ExactSQL-AST,9000,64,517,1.0,1,none,0.7112880002750899,517,9000,9000,0,1,0,0
110,dnf,PostFilter-SQL-AST,9000,64,517,0.6,0,ranking_truncation,0.30762999995204154,47,1134,1134,8,0,0,0
110,dnf,PACER-A-SQL-AST,9000,64,517,0.9,0,ranking_truncation,7.584551000036299,241,4800,4800,36,0,0,0
110,dnf,PACER-X-SQL-AST,9000,64,517,1.0,1,none,13.29652700042061,517,9000,9000,64,1,0,0
111,semijoin,ExactSQL-AST,9000,64,184,1.0,1,none,0.32079199991130736,184,9000,9000,0,1,0,0
111,semijoin,PostFilter-SQL-AST,9000,64,184,0.9,0,ranking_truncation,0.21962699975119904,40,1271,1271,8,0,0,0
111,semijoin,PACER-A-SQL-AST,9000,64,184,1.0,1,none,3.5357850001673796,98,4800,4800,33,0,0,0
111,semijoin,PACER-X-SQL-AST,9000,64,184,1.0,1,none,6.634957999267499,184,9000,9000,64,1,0,0
112,antijoin,ExactSQL-AST,9000,64,2581,1.0,1,none,0.7056399999783025,2581,9000,9000,0,1,0,0
112,antijoin,PostFilter-SQL-AST,9000,64,2581,0.9,0,ranking_truncation,0.2685630006453721,353,1210,1210,8,0,0,0
112,antijoin,PACER-A-SQL-AST,9000,64,2581,1.0,1,none,5.214364999119425,1303,4800,4800,34,0,0,0
112,antijoin,PACER-X-SQL-AST,9000,64,2581,1.0,1,none,10.181183999520727,2581,9000,9000,64,1,0,0
113,range,ExactSQL-AST,9000,64,702,1.0,1,none,0.3115210001851665,702,9000,9000,0,1,0,0
113,range,PostFilter-SQL-AST,9000,64,702,0.9,0,ranking_truncation,0.170964999597345,121,1087,1087,8,0,0,0
113,range,PACER-A-SQL-AST,9000,64,702,1.0,1,none,3.818410999883781,418,4800,4800,33,0,0,0
113,range,PACER-X-SQL-AST,9000,64,702,1.0,1,none,6.932238999979745,702,9000,9000,64,1,0,0
114,mixed,ExactSQL-AST,9000,64,3024,1.0,1,none,0.5384430005506147,3024,9000,9000,0,1,0,0
114,mixed,PostFilter-SQL-AST,9000,64,3024,0.7,0,ranking_truncation,0.21229300000413787,285,983,983,8,0,0,0
114,mixed,PACER-A-SQL-AST,9000,64,3024,0.9,0,ranking_truncation,4.416628000399214,1676,4800,4800,35,0,0,0
114,mixed,PACER-X-SQL-AST,9000,64,3024,1.0,1,none,10.56684699960897,3024,9000,9000,64,1,0,0
115,dnf,ExactSQL-AST,9000,64,347,1.0,1,none,0.8759100001043407,347,9000,9000,0,1,0,0
115,dnf,PostFilter-SQL-AST,9000,64,347,1.0,1,none,0.34366900035820436,52,998,998,8,0,0,0
115,dnf,PACER-A-SQL-AST,9000,64,347,1.0,1,none,7.657250999727694,167,4800,4800,33,0,0,0
115,dnf,PACER-X-SQL-AST,9000,64,347,1.0,1,none,14.90810099949158,347,9000,9000,64,1,0,0
116,semijoin,ExactSQL-AST,9000,64,173,1.0,1,none,0.3364650001458358,173,9000,9000,0,1,0,0
116,semijoin,PostFilter-SQL-AST,9000,64,173,0.2,0,ranking_truncation,0.16754599982959917,14,705,705,8,0,0,0
116,semijoin,PACER-A-SQL-AST,9000,64,173,0.7,0,ranking_truncation,4.291083999305556,78,4800,4800,38,0,0,0
116,semijoin,PACER-X-SQL-AST,9000,64,173,1.0,1,none,8.020348999707494,173,9000,9000,64,1,0,0
117,antijoin,ExactSQL-AST,9000,64,2290,1.0,1,none,0.6787370002712123,2290,9000,9000,0,1,0,0
117,antijoin,PostFilter-SQL-AST,9000,64,2290,0.6,0,ranking_truncation,0.24784500055829994,189,875,875,8,0,0,0
117,antijoin,PACER-A-SQL-AST,9000,64,2290,0.9,0,ranking_truncation,5.939225000474835,1267,4800,4800,35,0,0,0
117,antijoin,PACER-X-SQL-AST,9000,64,2290,1.0,1,none,10.567911000180175,2290,9000,9000,64,1,0,0
118,range,ExactSQL-AST,9000,64,882,1.0,1,none,0.34971300010511186,882,9000,9000,0,1,0,0
118,range,PostFilter-SQL-AST,9000,64,882,0.7,0,ranking_truncation,0.21888199989916757,99,1124,1124,8,0,0,0
118,range,PACER-A-SQL-AST,9000,64,882,1.0,1,none,4.260454000359459,490,4800,4800,34,0,0,0
118,range,PACER-X-SQL-AST,9000,64,882,1.0,1,none,7.686490999731177,882,9000,9000,64,1,0,0
119,mixed,ExactSQL-AST,9000,64,2167,1.0,1,none,0.5569750001086504,2167,9000,9000,0,1,0,0
119,mixed,PostFilter-SQL-AST,9000,64,2167,1.0,1,none,0.2600349998829188,406,1341,1341,8,0,0,0
119,mixed,PACER-A-SQL-AST,9000,64,2167,1.0,1,none,5.043514999670151,1199,4800,4800,36,0,0,0
119,mixed,PACER-X-SQL-AST,9000,64,2167,1.0,1,none,9.094674000152736,2167,9000,9000,64,1,0,0
120,dnf,ExactSQL-AST,9000,64,331,1.0,1,none,0.76516800072568,331,9000,9000,0,1,0,0
120,dnf,PostFilter-SQL-AST,9000,64,331,0.8,0,ranking_truncation,0.3619819999585161,46,1050,1050,8,0,0,0
120,dnf,PACER-A-SQL-AST,9000,64,331,1.0,1,none,7.875997000155621,207,4800,4800,33,0,0,0
120,dnf,PACER-X-SQL-AST,9000,64,331,1.0,1,none,14.955515000110609,331,9000,9000,64,1,0,0
121,semijoin,ExactSQL-AST,9000,64,165,1.0,1,none,0.42887800009339117,165,9000,9000,0,1,0,0
121,semijoin,PostFilter-SQL-AST,9000,64,165,0.4,0,ranking_truncation,0.18767500023386674,22,1239,1239,8,0,0,0
121,semijoin,PACER-A-SQL-AST,9000,64,165,0.8,0,ranking_truncation,4.02521500018338,79,4800,4800,33,0,0,0
121,semijoin,PACER-X-SQL-AST,9000,64,165,1.0,1,none,7.4239859995941515,165,9000,9000,64,1,0,0
122,antijoin,ExactSQL-AST,9000,64,2046,1.0,1,none,0.7244749995152233,2046,9000,9000,0,1,0,0
122,antijoin,PostFilter-SQL-AST,9000,64,2046,0.5,0,ranking_truncation,0.3177409998897929,219,961,961,8,0,0,0
122,antijoin,PACER-A-SQL-AST,9000,64,2046,1.0,1,none,5.968555999970704,1051,4800,4800,34,0,0,0
122,antijoin,PACER-X-SQL-AST,9000,64,2046,1.0,1,none,10.131504000128189,2046,9000,9000,64,1,0,0
123,range,ExactSQL-AST,9000,64,597,1.0,1,none,0.3885160003846977,597,9000,9000,0,1,0,0
123,range,PostFilter-SQL-AST,9000,64,597,0.7,0,ranking_truncation,0.1847200001066085,90,1274,1274,8,0,0,0
123,range,PACER-A-SQL-AST,9000,64,597,1.0,1,none,4.038871999910043,360,4800,4800,34,0,0,0
123,range,PACER-X-SQL-AST,9000,64,597,1.0,1,none,7.13723300032143,597,9000,9000,64,1,0,0
124,mixed,ExactSQL-AST,9000,64,2241,1.0,1,none,0.5110490001243306,2241,9000,9000,0,1,0,0
124,mixed,PostFilter-SQL-AST,9000,64,2241,1.0,1,none,0.22828500004834495,312,1352,1352,8,0,0,0
124,mixed,PACER-A-SQL-AST,9000,64,2241,1.0,1,none,4.647404000024835,1340,4800,4800,33,0,0,0
124,mixed,PACER-X-SQL-AST,9000,64,2241,1.0,1,none,8.338278999872273,2241,9000,9000,64,1,0,0
125,dnf,ExactSQL-AST,9000,64,385,1.0,1,none,0.6690999998681946,385,9000,9000,0,1,0,0
125,dnf,PostFilter-SQL-AST,9000,64,385,0.9,0,ranking_truncation,0.2905649998865556,47,941,941,8,0,0,0
125,dnf,PACER-A-SQL-AST,9000,64,385,1.0,1,none,7.583341000099608,214,4800,4800,35,0,0,0
125,dnf,PACER-X-SQL-AST,9000,64,385,1.0,1,none,15.051525000671973,385,9000,9000,64,1,0,0
126,semijoin,ExactSQL-AST,9000,64,186,1.0,1,none,0.5385290005506249,186,9000,9000,0,1,0,0
126,semijoin,PostFilter-SQL-AST,9000,64,186,0.8,0,ranking_truncation,0.2592629998616758,41,1072,1072,8,0,0,0
126,semijoin,PACER-A-SQL-AST,9000,64,186,0.9,0,ranking_truncation,4.6975400000519585,109,4800,4800,37,0,0,0
126,semijoin,PACER-X-SQL-AST,9000,64,186,1.0,1,none,7.08815300004062,186,9000,9000,64,1,0,0
127,antijoin,ExactSQL-AST,9000,64,1978,1.0,1,none,0.6718750000800355,1978,9000,9000,0,1,0,0
127,antijoin,PostFilter-SQL-AST,9000,64,1978,0.9,0,ranking_truncation,0.2740399995673215,206,1014,1014,8,0,0,0
127,antijoin,PACER-A-SQL-AST,9000,64,1978,0.9,0,ranking_truncation,6.203979000019899,1015,4800,4800,36,0,0,0
127,antijoin,PACER-X-SQL-AST,9000,64,1978,1.0,1,none,10.468520000358694,1978,9000,9000,64,1,0,0
128,range,ExactSQL-AST,9000,64,728,1.0,1,none,0.31720799961476587,728,9000,9000,0,1,0,0
128,range,PostFilter-SQL-AST,9000,64,728,1.0,1,none,0.1739429999361164,142,1160,1160,8,0,0,0
128,range,PACER-A-SQL-AST,9000,64,728,1.0,1,none,4.562344999612833,467,4800,4800,39,0,0,0
128,range,PACER-X-SQL-AST,9000,64,728,1.0,1,none,7.009202000517689,728,9000,9000,64,1,0,0
129,mixed,ExactSQL-AST,9000,64,2218,1.0,1,none,0.5508220001502195,2218,9000,9000,0,1,0,0
129,mixed,PostFilter-SQL-AST,9000,64,2218,0.8,0,ranking_truncation,0.2252890008094255,289,1038,1038,8,0,0,0
129,mixed,PACER-A-SQL-AST,9000,64,2218,1.0,1,none,4.526869999608607,1308,4800,4800,34,0,0,0
129,mixed,PACER-X-SQL-AST,9000,64,2218,1.0,1,none,7.97601699923689,2218,9000,9000,64,1,0,0
130,dnf,ExactSQL-AST,9000,64,317,1.0,1,none,0.7284269995579962,317,9000,9000,0,1,0,0
130,dnf,PostFilter-SQL-AST,9000,64,317,0.8,0,ranking_truncation,0.3149330004816875,65,1321,1321,8,0,0,0
130,dnf,PACER-A-SQL-AST,9000,64,317,1.0,1,none,7.481517999622156,202,4800,4800,32,0,0,0
130,dnf,PACER-X-SQL-AST,9000,64,317,1.0,1,none,17.9554480000661,317,9000,9000,64,1,0,0
131,semijoin,ExactSQL-AST,9000,64,166,1.0,1,none,0.2942500004792237,166,9000,9000,0,1,0,0
131,semijoin,PostFilter-SQL-AST,9000,64,166,0.6,0,ranking_truncation,0.16921099995670374,29,1335,1335,8,0,0,0
131,semijoin,PACER-A-SQL-AST,9000,64,166,1.0,1,none,3.8379100005840883,110,4800,4800,32,0,0,0
131,semijoin,PACER-X-SQL-AST,9000,64,166,1.0,1,none,9.224215000358527,166,9000,9000,64,1,0,0
132,antijoin,ExactSQL-AST,9000,64,2570,1.0,1,none,0.8393039997827145,2570,9000,9000,0,1,0,0
132,antijoin,PostFilter-SQL-AST,9000,64,2570,0.8,0,ranking_truncation,0.2980009994644206,274,978,978,8,0,0,0
132,antijoin,PACER-A-SQL-AST,9000,64,2570,0.9,0,ranking_truncation,7.448985000337416,1445,4800,4800,35,0,0,0
132,antijoin,PACER-X-SQL-AST,9000,64,2570,1.0,1,none,10.952005999570247,2570,9000,9000,64,1,0,0
133,range,ExactSQL-AST,9000,64,855,1.0,1,none,0.3905949997715652,855,9000,9000,0,1,0,0
133,range,PostFilter-SQL-AST,9000,64,855,0.6,0,ranking_truncation,0.17654400016908767,65,1002,1002,8,0,0,0
133,range,PACER-A-SQL-AST,9000,64,855,1.0,1,none,3.724477000105253,392,4800,4800,33,0,0,0
133,range,PACER-X-SQL-AST,9000,64,855,1.0,1,none,6.875260999549937,855,9000,9000,64,1,0,0
134,mixed,ExactSQL-AST,9000,64,1813,1.0,1,none,0.5221439996603294,1813,9000,9000,0,1,0,0
134,mixed,PostFilter-SQL-AST,9000,64,1813,1.0,1,none,0.20680200032074936,203,1028,1028,8,0,0,0
134,mixed,PACER-A-SQL-AST,9000,64,1813,1.0,1,none,4.340249999586376,877,4800,4800,34,0,0,0
134,mixed,PACER-X-SQL-AST,9000,64,1813,1.0,1,none,7.952736999868648,1813,9000,9000,64,1,0,0
135,dnf,ExactSQL-AST,9000,64,434,1.0,1,none,0.573512999835657,434,9000,9000,0,1,0,0
135,dnf,PostFilter-SQL-AST,9000,64,434,0.5,0,ranking_truncation,0.2836639996530721,60,1160,1160,8,0,0,0
135,dnf,PACER-A-SQL-AST,9000,64,434,0.9,0,ranking_truncation,7.113193999430223,188,4800,4800,32,0,0,0
135,dnf,PACER-X-SQL-AST,9000,64,434,1.0,1,none,13.131525000062538,434,9000,9000,64,1,0,0
136,semijoin,ExactSQL-AST,9000,64,247,1.0,1,none,0.3664480000225012,247,9000,9000,0,1,0,0
136,semijoin,PostFilter-SQL-AST,9000,64,247,0.8,0,ranking_truncation,0.22075000015320256,50,1541,1541,8,0,0,0
136,semijoin,PACER-A-SQL-AST,9000,64,247,1.0,1,none,5.405463999522908,144,4800,4800,28,0,0,0
136,semijoin,PACER-X-SQL-AST,9000,64,247,1.0,1,none,7.476267000129155,247,9000,9000,64,1,0,0
137,antijoin,ExactSQL-AST,9000,64,2212,1.0,1,none,0.6164930000522872,2212,9000,9000,0,1,0,0
137,antijoin,PostFilter-SQL-AST,9000,64,2212,1.0,1,none,0.2709760001380346,222,948,948,8,0,0,0
137,antijoin,PACER-A-SQL-AST,9000,64,2212,1.0,1,none,6.3229689994841465,1178,4800,4800,39,0,0,0
137,antijoin,PACER-X-SQL-AST,9000,64,2212,1.0,1,none,11.182858000211127,2212,9000,9000,64,1,0,0
138,range,ExactSQL-AST,9000,64,781,1.0,1,none,0.3716470000654226,781,9000,9000,0,1,0,0
138,range,PostFilter-SQL-AST,9000,64,781,0.4,0,ranking_truncation,0.18821400044544134,66,937,937,8,0,0,0
138,range,PACER-A-SQL-AST,9000,64,781,0.9,0,ranking_truncation,4.399886000101105,460,4800,4800,32,0,0,0
138,range,PACER-X-SQL-AST,9000,64,781,1.0,1,none,7.966884000779828,781,9000,9000,64,1,0,0
139,mixed,ExactSQL-AST,9000,64,2079,1.0,1,none,0.530254999830504,2079,9000,9000,0,1,0,0
139,mixed,PostFilter-SQL-AST,9000,64,2079,1.0,1,none,0.298975999612594,272,994,994,8,0,0,0
139,mixed,PACER-A-SQL-AST,9000,64,2079,1.0,1,none,5.26202800028841,1152,4800,4800,36,0,0,0
139,mixed,PACER-X-SQL-AST,9000,64,2079,1.0,1,none,8.69453599989356,2079,9000,9000,64,1,0,0
140,dnf,ExactSQL-AST,9000,64,253,1.0,1,none,0.7458089994543116,253,9000,9000,0,1,0,0
140,dnf,PostFilter-SQL-AST,9000,64,253,0.8,0,ranking_truncation,0.31039999976201216,44,1175,1175,8,0,0,0
140,dnf,PACER-A-SQL-AST,9000,64,253,1.0,1,none,7.589142000142601,136,4800,4800,34,0,0,0
140,dnf,PACER-X-SQL-AST,9000,64,253,1.0,1,none,14.178954999806592,253,9000,9000,64,1,0,0
141,semijoin,ExactSQL-AST,9000,64,182,1.0,1,none,0.32529600048292195,182,9000,9000,0,1,0,0
141,semijoin,PostFilter-SQL-AST,9000,64,182,1.0,1,none,0.1988849999179365,40,1328,1328,8,0,0,0
141,semijoin,PACER-A-SQL-AST,9000,64,182,1.0,1,none,3.860937999888847,99,4800,4800,32,0,0,0
141,semijoin,PACER-X-SQL-AST,9000,64,182,1.0,1,none,7.6003160002073855,182,9000,9000,64,1,0,0
142,antijoin,ExactSQL-AST,9000,64,1974,1.0,1,none,0.6659790005869581,1974,9000,9000,0,1,0,0
142,antijoin,PostFilter-SQL-AST,9000,64,1974,1.0,1,none,0.28798299990739906,217,1023,1023,8,0,0,0
142,antijoin,PACER-A-SQL-AST,9000,64,1974,1.0,1,none,6.296463000580843,1031,4800,4800,36,0,0,0
142,antijoin,PACER-X-SQL-AST,9000,64,1974,1.0,1,none,10.586632000013196,1974,9000,9000,64,1,0,0
143,range,ExactSQL-AST,9000,64,498,1.0,1,none,0.37823699949512957,498,9000,9000,0,1,0,0
143,range,PostFilter-SQL-AST,9000,64,498,0.7,0,ranking_truncation,0.1916900000651367,87,968,968,8,0,0,0
143,range,PACER-A-SQL-AST,9000,64,498,0.9,0,ranking_truncation,4.061322999405093,306,4800,4800,33,0,0,0
143,range,PACER-X-SQL-AST,9000,64,498,1.0,1,none,7.752554999569838,498,9000,9000,64,1,0,0
144,mixed,ExactSQL-AST,9000,64,2139,1.0,1,none,0.6318369996733963,2139,9000,9000,0,1,0,0
144,mixed,PostFilter-SQL-AST,9000,64,2139,1.0,1,none,0.25960899984056596,347,1113,1113,8,0,0,0
144,mixed,PACER-A-SQL-AST,9000,64,2139,1.0,1,none,4.954476000420982,1277,4800,4800,32,0,0,0
144,mixed,PACER-X-SQL-AST,9000,64,2139,1.0,1,none,11.180640000020503,2139,9000,9000,64,1,0,0
145,dnf,ExactSQL-AST,9000,64,614,1.0,1,none,0.7078179996824474,614,9000,9000,0,1,0,0
145,dnf,PostFilter-SQL-AST,9000,64,614,0.2,0,ranking_truncation,0.3704880000441335,70,1290,1290,8,0,0,0
145,dnf,PACER-A-SQL-AST,9000,64,614,0.7,0,ranking_truncation,9.618070000215084,249,4800,4800,35,0,0,0
145,dnf,PACER-X-SQL-AST,9000,64,614,1.0,1,none,13.4076290005396,614,9000,9000,64,1,0,0
146,semijoin,ExactSQL-AST,9000,64,204,1.0,1,none,0.2825699993991293,204,9000,9000,0,1,0,0
146,semijoin,PostFilter-SQL-AST,9000,64,204,0.9,0,ranking_truncation,0.16709000010450836,44,1107,1107,8,0,0,0
146,semijoin,PACER-A-SQL-AST,9000,64,204,0.9,0,ranking_truncation,3.9939680000316002,118,4800,4800,37,0,0,0
146,semijoin,PACER-X-SQL-AST,9000,64,204,1.0,1,none,6.650264999734645,204,9000,9000,64,1,0,0
147,antijoin,ExactSQL-AST,9000,64,2283,1.0,1,none,0.6626050007980666,2283,9000,9000,0,1,0,0
147,antijoin,PostFilter-SQL-AST,9000,64,2283,0.7,0,ranking_truncation,0.25976500000979286,314,1185,1185,8,0,0,0
147,antijoin,PACER-A-SQL-AST,9000,64,2283,1.0,1,none,5.504202999873087,1172,4800,4800,36,0,0,0
147,antijoin,PACER-X-SQL-AST,9000,64,2283,1.0,1,none,9.446530999412062,2283,9000,9000,64,1,0,0
148,range,ExactSQL-AST,9000,64,548,1.0,1,none,0.29478200031007873,548,9000,9000,0,1,0,0
148,range,PostFilter-SQL-AST,9000,64,548,1.0,1,none,0.15885799984971527,70,993,993,8,0,0,0
148,range,PACER-A-SQL-AST,9000,64,548,1.0,1,none,3.7952570000925334,315,4800,4800,34,0,0,0
148,range,PACER-X-SQL-AST,9000,64,548,1.0,1,none,6.940091000615212,548,9000,9000,64,1,0,0
149,mixed,ExactSQL-AST,9000,64,2327,1.0,1,none,0.5193189999772585,2327,9000,9000,0,1,0,0
149,mixed,PostFilter-SQL-AST,9000,64,2327,1.0,1,none,0.22481999985757284,318,1242,1242,8,0,0,0
149,mixed,PACER-A-SQL-AST,9000,64,2327,1.0,1,none,4.257716000211076,1350,4800,4800,33,0,0,0
149,mixed,PACER-X-SQL-AST,9000,64,2327,1.0,1,none,8.000843999980134,2327,9000,9000,64,1,0,0
150,dnf,ExactSQL-AST,9000,64,354,1.0,1,none,0.5977529999654507,354,9000,9000,0,1,0,0
150,dnf,PostFilter-SQL-AST,9000,64,354,0.7,0,ranking_truncation,0.3503359994283528,73,1299,1299,8,0,0,0
150,dnf,PACER-A-SQL-AST,9000,64,354,1.0,1,none,9.384650000356487,199,4800,4800,32,0,0,0
150,dnf,PACER-X-SQL-AST,9000,64,354,1.0,1,none,13.51987599991844,354,9000,9000,64,1,0,0
151,semijoin,ExactSQL-AST,9000,64,174,1.0,1,none,0.3436269998928765,174,9000,9000,0,1,0,0
151,semijoin,PostFilter-SQL-AST,9000,64,174,0.5,0,ranking_truncation,0.19817600059468532,28,1174,1174,8,0,0,0
151,semijoin,PACER-A-SQL-AST,9000,64,174,0.8,0,ranking_truncation,3.964954999901238,93,4800,4800,35,0,0,0
151,semijoin,PACER-X-SQL-AST,9000,64,174,1.0,1,none,6.563764999555133,174,9000,9000,64,1,0,0
152,antijoin,ExactSQL-AST,9000,64,2121,1.0,1,none,0.7094860002325731,2121,9000,9000,0,1,0,0
152,antijoin,PostFilter-SQL-AST,9000,64,2121,0.9,0,ranking_truncation,0.25046300015674205,257,1104,1104,8,0,0,0
152,antijoin,PACER-A-SQL-AST,9000,64,2121,1.0,1,none,5.343140999684692,1203,4800,4800,34,0,0,0
152,antijoin,PACER-X-SQL-AST,9000,64,2121,1.0,1,none,9.765171999788436,2121,9000,9000,64,1,0,0
153,range,ExactSQL-AST,9000,64,838,1.0,1,none,0.33039000027201837,838,9000,9000,0,1,0,0
153,range,PostFilter-SQL-AST,9000,64,838,0.6,0,ranking_truncation,0.1801449998311,169,1210,1210,8,0,0,0
153,range,PACER-A-SQL-AST,9000,64,838,0.9,0,ranking_truncation,4.002238999419205,492,4800,4800,36,0,0,0
153,range,PACER-X-SQL-AST,9000,64,838,1.0,1,none,7.0314109998435015,838,9000,9000,64,1,0,0
154,mixed,ExactSQL-AST,9000,64,3000,1.0,1,none,0.5282679994706996,3000,9000,9000,0,1,0,0
154,mixed,PostFilter-SQL-AST,9000,64,3000,0.9,0,ranking_truncation,0.22400000034394907,389,1167,1167,8,0,0,0
154,mixed,PACER-A-SQL-AST,9000,64,3000,1.0,1,none,4.323776000092039,1621,4800,4800,34,0,0,0
154,mixed,PACER-X-SQL-AST,9000,64,3000,1.0,1,none,7.94613899961405,3000,9000,9000,64,1,0,0
155,dnf,ExactSQL-AST,9000,64,323,1.0,1,none,0.7609459999002866,323,9000,9000,0,1,0,0
155,dnf,PostFilter-SQL-AST,9000,64,323,1.0,1,none,0.3384709998499602,69,1362,1362,8,0,0,0
155,dnf,PACER-A-SQL-AST,9000,64,323,1.0,1,none,6.755170999895199,159,4800,4800,32,0,0,0
155,dnf,PACER-X-SQL-AST,9000,64,323,1.0,1,none,13.075292000394256,323,9000,9000,64,1,0,0
156,semijoin,ExactSQL-AST,9000,64,230,1.0,1,none,0.2971519998027361,230,9000,9000,0,1,0,0
156,semijoin,PostFilter-SQL-AST,9000,64,230,0.8,0,ranking_truncation,0.16731300001993077,57,1323,1323,8,0,0,0
156,semijoin,PACER-A-SQL-AST,9000,64,230,1.0,1,none,3.572798999812221,147,4800,4800,31,0,0,0
156,semijoin,PACER-X-SQL-AST,9000,64,230,1.0,1,none,8.06206499964901,230,9000,9000,64,1,0,0
157,antijoin,ExactSQL-AST,9000,64,2288,1.0,1,none,0.8350589996553026,2288,9000,9000,0,1,0,0
157,antijoin,PostFilter-SQL-AST,9000,64,2288,0.7,0,ranking_truncation,0.3274850005254848,327,1115,1115,8,0,0,0
157,antijoin,PACER-A-SQL-AST,9000,64,2288,0.9,0,ranking_truncation,6.39664200025436,1061,4800,4800,35,0,0,0
157,antijoin,PACER-X-SQL-AST,9000,64,2288,1.0,1,none,10.074406000057934,2288,9000,9000,64,1,0,0
158,range,ExactSQL-AST,9000,64,721,1.0,1,none,0.3556790006769006,721,9000,9000,0,1,0,0
158,range,PostFilter-SQL-AST,9000,64,721,0.8,0,ranking_truncation,0.1725169995552278,90,1129,1129,8,0,0,0
158,range,PACER-A-SQL-AST,9000,64,721,1.0,1,none,4.185670999504509,395,4800,4800,36,0,0,0
158,range,PACER-X-SQL-AST,9000,64,721,1.0,1,none,7.291513999916788,721,9000,9000,64,1,0,0
159,mixed,ExactSQL-AST,9000,64,2186,1.0,1,none,0.48379999952885555,2186,9000,9000,0,1,0,0
159,mixed,PostFilter-SQL-AST,9000,64,2186,0.7,0,ranking_truncation,0.21880599979340332,325,1232,1232,8,0,0,0
159,mixed,PACER-A-SQL-AST,9000,64,2186,0.9,0,ranking_truncation,4.347023999798694,1057,4800,4800,33,0,0,0
159,mixed,PACER-X-SQL-AST,9000,64,2186,1.0,1,none,8.173852000254556,2186,9000,9000,64,1,0,0
