epoch,query_id,method,base_rows,delta_rows,visible_rows,inserted_since_compaction,tombstones_to_date,recall_at_k,secure_topk_exact,raw_checks,rebuild_ms,policy_violations,epoch_violations
1,0,BaseOnly-Stale,4132,1199,5289,1199,42,0.7,0,1729,0.0,0,0
1,0,DeltaPACER,4132,1199,5289,1199,42,1.0,1,2928,0.0,0,0
1,0,FreshSlice-Rebuild,4132,1199,5289,1199,42,1.0,1,2221,109.32820100015306,0,0
1,1,BaseOnly-Stale,4132,1199,5289,1199,42,0.6,0,99,0.0,0,0
1,1,DeltaPACER,4132,1199,5289,1199,42,1.0,1,1298,0.0,0,0
1,1,FreshSlice-Rebuild,4132,1199,5289,1199,42,1.0,1,135,109.32820100015306,0,0
1,2,BaseOnly-Stale,4132,1199,5289,1199,42,1.0,1,1,0.0,0,0
1,2,DeltaPACER,4132,1199,5289,1199,42,1.0,1,1200,0.0,0,0
1,2,FreshSlice-Rebuild,4132,1199,5289,1199,42,1.0,1,1,109.32820100015306,0,0
1,3,BaseOnly-Stale,4132,1199,5289,1199,42,0.5714285714285714,0,4,0.0,0,0
1,3,DeltaPACER,4132,1199,5289,1199,42,1.0,1,1203,0.0,0,0
1,3,FreshSlice-Rebuild,4132,1199,5289,1199,42,1.0,1,7,109.32820100015306,0,0
1,4,BaseOnly-Stale,4132,1199,5289,1199,42,0.9,0,1629,0.0,0,0
1,4,DeltaPACER,4132,1199,5289,1199,42,1.0,1,2828,0.0,0,0
1,4,FreshSlice-Rebuild,4132,1199,5289,1199,42,1.0,1,2130,109.32820100015306,0,0
1,5,BaseOnly-Stale,4132,1199,5289,1199,42,0.5,0,113,0.0,0,0
1,5,DeltaPACER,4132,1199,5289,1199,42,1.0,1,1312,0.0,0,0
1,5,FreshSlice-Rebuild,4132,1199,5289,1199,42,1.0,1,147,109.32820100015306,0,0
1,6,BaseOnly-Stale,4132,1199,5289,1199,42,0.5,0,1,0.0,0,0
1,6,DeltaPACER,4132,1199,5289,1199,42,1.0,1,1200,0.0,0,0
1,6,FreshSlice-Rebuild,4132,1199,5289,1199,42,1.0,1,2,109.32820100015306,0,0
1,7,BaseOnly-Stale,4132,1199,5289,1199,42,1.0,1,2,0.0,0,0
1,7,DeltaPACER,4132,1199,5289,1199,42,1.0,1,1201,0.0,0,0
1,7,FreshSlice-Rebuild,4132,1199,5289,1199,42,1.0,1,2,109.32820100015306,0,0
1,8,BaseOnly-Stale,4132,1199,5289,1199,42,0.9,0,1715,0.0,0,0
1,8,DeltaPACER,4132,1199,5289,1199,42,1.0,1,2914,0.0,0,0
1,8,FreshSlice-Rebuild,4132,1199,5289,1199,42,1.0,1,2223,109.32820100015306,0,0
1,9,BaseOnly-Stale,4132,1199,5289,1199,42,0.9,0,79,0.0,0,0
1,9,DeltaPACER,4132,1199,5289,1199,42,1.0,1,1278,0.0,0,0
1,9,FreshSlice-Rebuild,4132,1199,5289,1199,42,1.0,1,101,109.32820100015306,0,0
1,10,BaseOnly-Stale,4132,1199,5289,1199,42,1.0,1,1,0.0,0,0
1,10,DeltaPACER,4132,1199,5289,1199,42,1.0,1,1200,0.0,0,0
1,10,FreshSlice-Rebuild,4132,1199,5289,1199,42,1.0,1,1,109.32820100015306,0,0
1,11,BaseOnly-Stale,4132,1199,5289,1199,42,0.3333333333333333,0,1,0.0,0,0
1,11,DeltaPACER,4132,1199,5289,1199,42,1.0,1,1200,0.0,0,0
1,11,FreshSlice-Rebuild,4132,1199,5289,1199,42,1.0,1,3,109.32820100015306,0,0
1,12,BaseOnly-Stale,4132,1199,5289,1199,42,1.0,1,1642,0.0,0,0
1,12,DeltaPACER,4132,1199,5289,1199,42,1.0,1,2841,0.0,0,0
1,12,FreshSlice-Rebuild,4132,1199,5289,1199,42,1.0,1,2098,109.32820100015306,0,0
1,13,BaseOnly-Stale,4132,1199,5289,1199,42,0.6,0,114,0.0,0,0
1,13,DeltaPACER,4132,1199,5289,1199,42,1.0,1,1313,0.0,0,0
1,13,FreshSlice-Rebuild,4132,1199,5289,1199,42,1.0,1,146,109.32820100015306,0,0
1,14,BaseOnly-Stale,4132,1199,5289,1199,42,1.0,1,2,0.0,0,0
1,14,DeltaPACER,4132,1199,5289,1199,42,1.0,1,1201,0.0,0,0
1,14,FreshSlice-Rebuild,4132,1199,5289,1199,42,1.0,1,2,109.32820100015306,0,0
1,15,BaseOnly-Stale,4132,1199,5289,1199,42,1.0,1,1,0.0,0,0
1,15,DeltaPACER,4132,1199,5289,1199,42,1.0,1,1200,0.0,0,0
1,15,FreshSlice-Rebuild,4132,1199,5289,1199,42,1.0,1,1,109.32820100015306,0,0
1,16,BaseOnly-Stale,4132,1199,5289,1199,42,0.6,0,1805,0.0,0,0
1,16,DeltaPACER,4132,1199,5289,1199,42,1.0,1,3004,0.0,0,0
1,16,FreshSlice-Rebuild,4132,1199,5289,1199,42,1.0,1,2295,109.32820100015306,0,0
1,17,BaseOnly-Stale,4132,1199,5289,1199,42,0.8,0,122,0.0,0,0
1,17,DeltaPACER,4132,1199,5289,1199,42,1.0,1,1321,0.0,0,0
1,17,FreshSlice-Rebuild,4132,1199,5289,1199,42,1.0,1,149,109.32820100015306,0,0
1,18,BaseOnly-Stale,4132,1199,5289,1199,42,1.0,1,1,0.0,0,0
1,18,DeltaPACER,4132,1199,5289,1199,42,1.0,1,1200,0.0,0,0
1,18,FreshSlice-Rebuild,4132,1199,5289,1199,42,1.0,1,1,109.32820100015306,0,0
1,19,BaseOnly-Stale,4132,1199,5289,1199,42,0.75,0,3,0.0,0,0
1,19,DeltaPACER,4132,1199,5289,1199,42,1.0,1,1202,0.0,0,0
1,19,FreshSlice-Rebuild,4132,1199,5289,1199,42,1.0,1,4,109.32820100015306,0,0
2,0,BaseOnly-Stale,4132,2328,6329,2328,131,0.5,0,1628,0.0,0,0
2,0,DeltaPACER,4132,2328,6329,2328,131,1.0,1,3956,0.0,0,0
2,0,FreshSlice-Rebuild,4132,2328,6329,2328,131,1.0,1,2581,98.23645599999509,0,0
2,1,BaseOnly-Stale,4132,2328,6329,2328,131,0.4,0,132,0.0,0,0
2,1,DeltaPACER,4132,2328,6329,2328,131,1.0,1,2460,0.0,0,0
2,1,FreshSlice-Rebuild,4132,2328,6329,2328,131,1.0,1,216,98.23645599999509,0,0
2,2,BaseOnly-Stale,4132,2328,6329,2328,131,1.0,1,3,0.0,0,0
2,2,DeltaPACER,4132,2328,6329,2328,131,1.0,1,2331,0.0,0,0
2,2,FreshSlice-Rebuild,4132,2328,6329,2328,131,1.0,1,3,98.23645599999509,0,0
2,3,BaseOnly-Stale,4132,2328,6329,2328,131,0.5,0,1,0.0,0,0
2,3,DeltaPACER,4132,2328,6329,2328,131,1.0,1,2329,0.0,0,0
2,3,FreshSlice-Rebuild,4132,2328,6329,2328,131,1.0,1,2,98.23645599999509,0,0
2,4,BaseOnly-Stale,4132,2328,6329,2328,131,0.9,0,1643,0.0,0,0
2,4,DeltaPACER,4132,2328,6329,2328,131,1.0,1,3971,0.0,0,0
2,4,FreshSlice-Rebuild,4132,2328,6329,2328,131,1.0,1,2529,98.23645599999509,0,0
2,5,BaseOnly-Stale,4132,2328,6329,2328,131,1.0,1,130,0.0,0,0
2,5,DeltaPACER,4132,2328,6329,2328,131,1.0,1,2458,0.0,0,0
2,5,FreshSlice-Rebuild,4132,2328,6329,2328,131,1.0,1,199,98.23645599999509,0,0
2,6,BaseOnly-Stale,4132,2328,6329,2328,131,0.5,0,1,0.0,0,0
2,6,DeltaPACER,4132,2328,6329,2328,131,1.0,1,2329,0.0,0,0
2,6,FreshSlice-Rebuild,4132,2328,6329,2328,131,1.0,1,2,98.23645599999509,0,0
2,7,BaseOnly-Stale,4132,2328,6329,2328,131,0.5,0,1,0.0,0,0
2,7,DeltaPACER,4132,2328,6329,2328,131,1.0,1,2329,0.0,0,0
2,7,FreshSlice-Rebuild,4132,2328,6329,2328,131,1.0,1,2,98.23645599999509,0,0
2,8,BaseOnly-Stale,4132,2328,6329,2328,131,0.7,0,1933,0.0,0,0
2,8,DeltaPACER,4132,2328,6329,2328,131,1.0,1,4261,0.0,0,0
2,8,FreshSlice-Rebuild,4132,2328,6329,2328,131,1.0,1,3062,98.23645599999509,0,0
2,9,BaseOnly-Stale,4132,2328,6329,2328,131,0.7,0,182,0.0,0,0
2,9,DeltaPACER,4132,2328,6329,2328,131,1.0,1,2510,0.0,0,0
2,9,FreshSlice-Rebuild,4132,2328,6329,2328,131,1.0,1,294,98.23645599999509,0,0
2,10,BaseOnly-Stale,4132,2328,6329,2328,131,1.0,1,1,0.0,0,0
2,10,DeltaPACER,4132,2328,6329,2328,131,1.0,1,2329,0.0,0,0
2,10,FreshSlice-Rebuild,4132,2328,6329,2328,131,1.0,1,1,98.23645599999509,0,0
2,11,BaseOnly-Stale,4132,2328,6329,2328,131,1.0,1,1,0.0,0,0
2,11,DeltaPACER,4132,2328,6329,2328,131,1.0,1,2329,0.0,0,0
2,11,FreshSlice-Rebuild,4132,2328,6329,2328,131,1.0,1,1,98.23645599999509,0,0
2,12,BaseOnly-Stale,4132,2328,6329,2328,131,0.6,0,1689,0.0,0,0
2,12,DeltaPACER,4132,2328,6329,2328,131,1.0,1,4017,0.0,0,0
2,12,FreshSlice-Rebuild,4132,2328,6329,2328,131,1.0,1,2626,98.23645599999509,0,0
2,13,BaseOnly-Stale,4132,2328,6329,2328,131,0.8,0,130,0.0,0,0
2,13,DeltaPACER,4132,2328,6329,2328,131,1.0,1,2458,0.0,0,0
2,13,FreshSlice-Rebuild,4132,2328,6329,2328,131,1.0,1,207,98.23645599999509,0,0
2,14,BaseOnly-Stale,4132,2328,6329,2328,131,0.5,0,1,0.0,0,0
2,14,DeltaPACER,4132,2328,6329,2328,131,1.0,1,2329,0.0,0,0
2,14,FreshSlice-Rebuild,4132,2328,6329,2328,131,1.0,1,2,98.23645599999509,0,0
2,15,BaseOnly-Stale,4132,2328,6329,2328,131,1.0,1,1,0.0,0,0
2,15,DeltaPACER,4132,2328,6329,2328,131,1.0,1,2329,0.0,0,0
2,15,FreshSlice-Rebuild,4132,2328,6329,2328,131,1.0,1,1,98.23645599999509,0,0
2,16,BaseOnly-Stale,4132,2328,6329,2328,131,0.6,0,1853,0.0,0,0
2,16,DeltaPACER,4132,2328,6329,2328,131,1.0,1,4181,0.0,0,0
2,16,FreshSlice-Rebuild,4132,2328,6329,2328,131,1.0,1,2942,98.23645599999509,0,0
2,17,BaseOnly-Stale,4132,2328,6329,2328,131,0.5,0,101,0.0,0,0
2,17,DeltaPACER,4132,2328,6329,2328,131,1.0,1,2429,0.0,0,0
2,17,FreshSlice-Rebuild,4132,2328,6329,2328,131,1.0,1,150,98.23645599999509,0,0
2,18,BaseOnly-Stale,4132,2328,6329,2328,131,1.0,1,1,0.0,0,0
2,18,DeltaPACER,4132,2328,6329,2328,131,1.0,1,2329,0.0,0,0
2,18,FreshSlice-Rebuild,4132,2328,6329,2328,131,1.0,1,1,98.23645599999509,0,0
2,19,BaseOnly-Stale,4132,2328,6329,2328,131,1.0,1,3,0.0,0,0
2,19,DeltaPACER,4132,2328,6329,2328,131,1.0,1,2331,0.0,0,0
2,19,FreshSlice-Rebuild,4132,2328,6329,2328,131,1.0,1,3,98.23645599999509,0,0
3,0,BaseOnly-Stale,7444,0,7178,0,266,1.0,1,3134,0.0,0,0
3,0,DeltaPACER,7444,0,7178,0,266,1.0,1,3134,0.0,0,0
3,0,FreshSlice-Rebuild,7444,0,7178,0,266,1.0,1,3134,123.65837900006227,0,0
3,1,BaseOnly-Stale,7444,0,7178,0,266,1.0,1,224,0.0,0,0
3,1,DeltaPACER,7444,0,7178,0,266,1.0,1,224,0.0,0,0
3,1,FreshSlice-Rebuild,7444,0,7178,0,266,1.0,1,224,123.65837900006227,0,0
3,2,BaseOnly-Stale,7444,0,7178,0,266,1.0,1,2,0.0,0,0
3,2,DeltaPACER,7444,0,7178,0,266,1.0,1,2,0.0,0,0
3,2,FreshSlice-Rebuild,7444,0,7178,0,266,1.0,1,2,123.65837900006227,0,0
3,3,BaseOnly-Stale,7444,0,7178,0,266,1.0,1,2,0.0,0,0
3,3,DeltaPACER,7444,0,7178,0,266,1.0,1,2,0.0,0,0
3,3,FreshSlice-Rebuild,7444,0,7178,0,266,1.0,1,2,123.65837900006227,0,0
3,4,BaseOnly-Stale,7444,0,7178,0,266,1.0,1,3366,0.0,0,0
3,4,DeltaPACER,7444,0,7178,0,266,1.0,1,3366,0.0,0,0
3,4,FreshSlice-Rebuild,7444,0,7178,0,266,1.0,1,3366,123.65837900006227,0,0
3,5,BaseOnly-Stale,7444,0,7178,0,266,1.0,1,191,0.0,0,0
3,5,DeltaPACER,7444,0,7178,0,266,1.0,1,191,0.0,0,0
3,5,FreshSlice-Rebuild,7444,0,7178,0,266,1.0,1,191,123.65837900006227,0,0
3,6,BaseOnly-Stale,7444,0,7178,0,266,1.0,1,1,0.0,0,0
3,6,DeltaPACER,7444,0,7178,0,266,1.0,1,1,0.0,0,0
3,6,FreshSlice-Rebuild,7444,0,7178,0,266,1.0,1,1,123.65837900006227,0,0
3,7,BaseOnly-Stale,7444,0,7178,0,266,1.0,1,6,0.0,0,0
3,7,DeltaPACER,7444,0,7178,0,266,1.0,1,6,0.0,0,0
3,7,FreshSlice-Rebuild,7444,0,7178,0,266,1.0,1,6,123.65837900006227,0,0
3,8,BaseOnly-Stale,7444,0,7178,0,266,1.0,1,3053,0.0,0,0
3,8,DeltaPACER,7444,0,7178,0,266,1.0,1,3053,0.0,0,0
3,8,FreshSlice-Rebuild,7444,0,7178,0,266,1.0,1,3053,123.65837900006227,0,0
3,9,BaseOnly-Stale,7444,0,7178,0,266,1.0,1,229,0.0,0,0
3,9,DeltaPACER,7444,0,7178,0,266,1.0,1,229,0.0,0,0
3,9,FreshSlice-Rebuild,7444,0,7178,0,266,1.0,1,229,123.65837900006227,0,0
3,10,BaseOnly-Stale,7444,0,7178,0,266,1.0,1,4,0.0,0,0
3,10,DeltaPACER,7444,0,7178,0,266,1.0,1,4,0.0,0,0
3,10,FreshSlice-Rebuild,7444,0,7178,0,266,1.0,1,4,123.65837900006227,0,0
3,11,BaseOnly-Stale,7444,0,7178,0,266,1.0,1,3,0.0,0,0
3,11,DeltaPACER,7444,0,7178,0,266,1.0,1,3,0.0,0,0
3,11,FreshSlice-Rebuild,7444,0,7178,0,266,1.0,1,3,123.65837900006227,0,0
3,12,BaseOnly-Stale,7444,0,7178,0,266,1.0,1,3002,0.0,0,0
3,12,DeltaPACER,7444,0,7178,0,266,1.0,1,3002,0.0,0,0
3,12,FreshSlice-Rebuild,7444,0,7178,0,266,1.0,1,3002,123.65837900006227,0,0
3,13,BaseOnly-Stale,7444,0,7178,0,266,1.0,1,209,0.0,0,0
3,13,DeltaPACER,7444,0,7178,0,266,1.0,1,209,0.0,0,0
3,13,FreshSlice-Rebuild,7444,0,7178,0,266,1.0,1,209,123.65837900006227,0,0
3,14,BaseOnly-Stale,7444,0,7178,0,266,1.0,1,1,0.0,0,0
3,14,DeltaPACER,7444,0,7178,0,266,1.0,1,1,0.0,0,0
3,14,FreshSlice-Rebuild,7444,0,7178,0,266,1.0,1,1,123.65837900006227,0,0
3,15,BaseOnly-Stale,7444,0,7178,0,266,1.0,1,3,0.0,0,0
3,15,DeltaPACER,7444,0,7178,0,266,1.0,1,3,0.0,0,0
3,15,FreshSlice-Rebuild,7444,0,7178,0,266,1.0,1,3,123.65837900006227,0,0
3,16,BaseOnly-Stale,7444,0,7178,0,266,1.0,1,3124,0.0,0,0
3,16,DeltaPACER,7444,0,7178,0,266,1.0,1,3124,0.0,0,0
3,16,FreshSlice-Rebuild,7444,0,7178,0,266,1.0,1,3124,123.65837900006227,0,0
3,17,BaseOnly-Stale,7444,0,7178,0,266,1.0,1,219,0.0,0,0
3,17,DeltaPACER,7444,0,7178,0,266,1.0,1,219,0.0,0,0
3,17,FreshSlice-Rebuild,7444,0,7178,0,266,1.0,1,219,123.65837900006227,0,0
3,18,BaseOnly-Stale,7444,0,7178,0,266,1.0,1,2,0.0,0,0
3,18,DeltaPACER,7444,0,7178,0,266,1.0,1,2,0.0,0,0
3,18,FreshSlice-Rebuild,7444,0,7178,0,266,1.0,1,2,123.65837900006227,0,0
3,19,BaseOnly-Stale,7444,0,7178,0,266,1.0,1,5,0.0,0,0
3,19,DeltaPACER,7444,0,7178,0,266,1.0,1,5,0.0,0,0
3,19,FreshSlice-Rebuild,7444,0,7178,0,266,1.0,1,5,123.65837900006227,0,0
4,0,BaseOnly-Stale,7444,939,7940,939,443,0.8,0,3192,0.0,0,0
4,0,DeltaPACER,7444,939,7940,939,443,1.0,1,4131,0.0,0,0
4,0,FreshSlice-Rebuild,7444,939,7940,939,443,1.0,1,3620,141.9793740001296,0,0
4,1,BaseOnly-Stale,7444,939,7940,939,443,0.9,0,214,0.0,0,0
4,1,DeltaPACER,7444,939,7940,939,443,1.0,1,1153,0.0,0,0
4,1,FreshSlice-Rebuild,7444,939,7940,939,443,1.0,1,239,141.9793740001296,0,0
4,2,BaseOnly-Stale,7444,939,7940,939,443,0.75,0,8,0.0,0,0
4,2,DeltaPACER,7444,939,7940,939,443,1.0,1,947,0.0,0,0
4,2,FreshSlice-Rebuild,7444,939,7940,939,443,1.0,1,10,141.9793740001296,0,0
4,3,BaseOnly-Stale,7444,939,7940,939,443,1.0,1,2,0.0,0,0
4,3,DeltaPACER,7444,939,7940,939,443,1.0,1,941,0.0,0,0
4,3,FreshSlice-Rebuild,7444,939,7940,939,443,1.0,1,2,141.9793740001296,0,0
4,4,BaseOnly-Stale,7444,939,7940,939,443,1.0,1,3031,0.0,0,0
4,4,DeltaPACER,7444,939,7940,939,443,1.0,1,3970,0.0,0,0
4,4,FreshSlice-Rebuild,7444,939,7940,939,443,1.0,1,3417,141.9793740001296,0,0
4,5,BaseOnly-Stale,7444,939,7940,939,443,0.9,0,230,0.0,0,0
4,5,DeltaPACER,7444,939,7940,939,443,1.0,1,1169,0.0,0,0
4,5,FreshSlice-Rebuild,7444,939,7940,939,443,1.0,1,259,141.9793740001296,0,0
4,6,BaseOnly-Stale,7444,939,7940,939,443,0.6666666666666666,0,2,0.0,0,0
4,6,DeltaPACER,7444,939,7940,939,443,1.0,1,941,0.0,0,0
4,6,FreshSlice-Rebuild,7444,939,7940,939,443,1.0,1,3,141.9793740001296,0,0
4,7,BaseOnly-Stale,7444,939,7940,939,443,1.0,1,2,0.0,0,0
4,7,DeltaPACER,7444,939,7940,939,443,1.0,1,941,0.0,0,0
4,7,FreshSlice-Rebuild,7444,939,7940,939,443,1.0,1,2,141.9793740001296,0,0
4,8,BaseOnly-Stale,7444,939,7940,939,443,1.0,1,2826,0.0,0,0
4,8,DeltaPACER,7444,939,7940,939,443,1.0,1,3765,0.0,0,0
4,8,FreshSlice-Rebuild,7444,939,7940,939,443,1.0,1,3181,141.9793740001296,0,0
4,9,BaseOnly-Stale,7444,939,7940,939,443,0.9,0,229,0.0,0,0
4,9,DeltaPACER,7444,939,7940,939,443,1.0,1,1168,0.0,0,0
4,9,FreshSlice-Rebuild,7444,939,7940,939,443,1.0,1,256,141.9793740001296,0,0
4,10,BaseOnly-Stale,7444,939,7940,939,443,0.75,0,3,0.0,0,0
4,10,DeltaPACER,7444,939,7940,939,443,1.0,1,942,0.0,0,0
4,10,FreshSlice-Rebuild,7444,939,7940,939,443,1.0,1,4,141.9793740001296,0,0
4,11,BaseOnly-Stale,7444,939,7940,939,443,1.0,1,5,0.0,0,0
4,11,DeltaPACER,7444,939,7940,939,443,1.0,1,944,0.0,0,0
4,11,FreshSlice-Rebuild,7444,939,7940,939,443,1.0,1,5,141.9793740001296,0,0
4,12,BaseOnly-Stale,7444,939,7940,939,443,0.9,0,3172,0.0,0,0
4,12,DeltaPACER,7444,939,7940,939,443,1.0,1,4111,0.0,0,0
4,12,FreshSlice-Rebuild,7444,939,7940,939,443,1.0,1,3553,141.9793740001296,0,0
4,13,BaseOnly-Stale,7444,939,7940,939,443,0.7,0,191,0.0,0,0
4,13,DeltaPACER,7444,939,7940,939,443,1.0,1,1130,0.0,0,0
4,13,FreshSlice-Rebuild,7444,939,7940,939,443,1.0,1,219,141.9793740001296,0,0
4,14,BaseOnly-Stale,7444,939,7940,939,443,1.0,1,4,0.0,0,0
4,14,DeltaPACER,7444,939,7940,939,443,1.0,1,943,0.0,0,0
4,14,FreshSlice-Rebuild,7444,939,7940,939,443,1.0,1,4,141.9793740001296,0,0
4,15,BaseOnly-Stale,7444,939,7940,939,443,1.0,1,9,0.0,0,0
4,15,DeltaPACER,7444,939,7940,939,443,1.0,1,948,0.0,0,0
4,15,FreshSlice-Rebuild,7444,939,7940,939,443,1.0,1,9,141.9793740001296,0,0
4,16,BaseOnly-Stale,7444,939,7940,939,443,0.8,0,3182,0.0,0,0
4,16,DeltaPACER,7444,939,7940,939,443,1.0,1,4121,0.0,0,0
4,16,FreshSlice-Rebuild,7444,939,7940,939,443,1.0,1,3574,141.9793740001296,0,0
4,17,BaseOnly-Stale,7444,939,7940,939,443,0.8,0,165,0.0,0,0
4,17,DeltaPACER,7444,939,7940,939,443,1.0,1,1104,0.0,0,0
4,17,FreshSlice-Rebuild,7444,939,7940,939,443,1.0,1,191,141.9793740001296,0,0
4,18,BaseOnly-Stale,7444,939,7940,939,443,1.0,1,2,0.0,0,0
4,18,DeltaPACER,7444,939,7940,939,443,1.0,1,941,0.0,0,0
4,18,FreshSlice-Rebuild,7444,939,7940,939,443,1.0,1,2,141.9793740001296,0,0
4,19,BaseOnly-Stale,7444,939,7940,939,443,0.5,0,1,0.0,0,0
4,19,DeltaPACER,7444,939,7940,939,443,1.0,1,940,0.0,0,0
4,19,FreshSlice-Rebuild,7444,939,7940,939,443,1.0,1,2,141.9793740001296,0,0
5,0,BaseOnly-Stale,7444,1780,8551,1780,673,0.9,0,2805,0.0,0,0
5,0,DeltaPACER,7444,1780,8551,1780,673,1.0,1,4585,0.0,0,0
5,0,FreshSlice-Rebuild,7444,1780,8551,1780,673,1.0,1,3513,125.68965299988122,0,0
5,1,BaseOnly-Stale,7444,1780,8551,1780,673,0.8,0,221,0.0,0,0
5,1,DeltaPACER,7444,1780,8551,1780,673,1.0,1,2001,0.0,0,0
5,1,FreshSlice-Rebuild,7444,1780,8551,1780,673,1.0,1,278,125.68965299988122,0,0
5,2,BaseOnly-Stale,7444,1780,8551,1780,673,0.9,0,10,0.0,0,0
5,2,DeltaPACER,7444,1780,8551,1780,673,1.0,1,1790,0.0,0,0
5,2,FreshSlice-Rebuild,7444,1780,8551,1780,673,1.0,1,11,125.68965299988122,0,0
5,3,BaseOnly-Stale,7444,1780,8551,1780,673,0.6666666666666666,0,2,0.0,0,0
5,3,DeltaPACER,7444,1780,8551,1780,673,1.0,1,1782,0.0,0,0
5,3,FreshSlice-Rebuild,7444,1780,8551,1780,673,1.0,1,3,125.68965299988122,0,0
5,4,BaseOnly-Stale,7444,1780,8551,1780,673,0.8,0,3280,0.0,0,0
5,4,DeltaPACER,7444,1780,8551,1780,673,1.0,1,5060,0.0,0,0
5,4,FreshSlice-Rebuild,7444,1780,8551,1780,673,1.0,1,4095,125.68965299988122,0,0
5,5,BaseOnly-Stale,7444,1780,8551,1780,673,0.7,0,214,0.0,0,0
5,5,DeltaPACER,7444,1780,8551,1780,673,1.0,1,1994,0.0,0,0
5,5,FreshSlice-Rebuild,7444,1780,8551,1780,673,1.0,1,268,125.68965299988122,0,0
5,6,BaseOnly-Stale,7444,1780,8551,1780,673,1.0,1,5,0.0,0,0
5,6,DeltaPACER,7444,1780,8551,1780,673,1.0,1,1785,0.0,0,0
5,6,FreshSlice-Rebuild,7444,1780,8551,1780,673,1.0,1,5,125.68965299988122,0,0
5,7,BaseOnly-Stale,7444,1780,8551,1780,673,1.0,1,3,0.0,0,0
5,7,DeltaPACER,7444,1780,8551,1780,673,1.0,1,1783,0.0,0,0
5,7,FreshSlice-Rebuild,7444,1780,8551,1780,673,1.0,1,3,125.68965299988122,0,0
5,8,BaseOnly-Stale,7444,1780,8551,1780,673,0.7,0,3414,0.0,0,0
5,8,DeltaPACER,7444,1780,8551,1780,673,1.0,1,5194,0.0,0,0
5,8,FreshSlice-Rebuild,7444,1780,8551,1780,673,1.0,1,4266,125.68965299988122,0,0
5,9,BaseOnly-Stale,7444,1780,8551,1780,673,0.6,0,202,0.0,0,0
5,9,DeltaPACER,7444,1780,8551,1780,673,1.0,1,1982,0.0,0,0
5,9,FreshSlice-Rebuild,7444,1780,8551,1780,673,1.0,1,253,125.68965299988122,0,0
5,10,BaseOnly-Stale,7444,1780,8551,1780,673,0.5714285714285714,0,4,0.0,0,0
5,10,DeltaPACER,7444,1780,8551,1780,673,1.0,1,1784,0.0,0,0
5,10,FreshSlice-Rebuild,7444,1780,8551,1780,673,1.0,1,7,125.68965299988122,0,0
5,11,BaseOnly-Stale,7444,1780,8551,1780,673,1.0,1,7,0.0,0,0
5,11,DeltaPACER,7444,1780,8551,1780,673,1.0,1,1787,0.0,0,0
5,11,FreshSlice-Rebuild,7444,1780,8551,1780,673,1.0,1,7,125.68965299988122,0,0
5,12,BaseOnly-Stale,7444,1780,8551,1780,673,0.9,0,2948,0.0,0,0
5,12,DeltaPACER,7444,1780,8551,1780,673,1.0,1,4728,0.0,0,0
5,12,FreshSlice-Rebuild,7444,1780,8551,1780,673,1.0,1,3645,125.68965299988122,0,0
5,13,BaseOnly-Stale,7444,1780,8551,1780,673,0.8,0,152,0.0,0,0
5,13,DeltaPACER,7444,1780,8551,1780,673,1.0,1,1932,0.0,0,0
5,13,FreshSlice-Rebuild,7444,1780,8551,1780,673,1.0,1,198,125.68965299988122,0,0
5,14,BaseOnly-Stale,7444,1780,8551,1780,673,1.0,1,3,0.0,0,0
5,14,DeltaPACER,7444,1780,8551,1780,673,1.0,1,1783,0.0,0,0
5,14,FreshSlice-Rebuild,7444,1780,8551,1780,673,1.0,1,3,125.68965299988122,0,0
5,15,BaseOnly-Stale,7444,1780,8551,1780,673,0.5,0,2,0.0,0,0
5,15,DeltaPACER,7444,1780,8551,1780,673,1.0,1,1782,0.0,0,0
5,15,FreshSlice-Rebuild,7444,1780,8551,1780,673,1.0,1,4,125.68965299988122,0,0
5,16,BaseOnly-Stale,7444,1780,8551,1780,673,0.9,0,3207,0.0,0,0
5,16,DeltaPACER,7444,1780,8551,1780,673,1.0,1,4987,0.0,0,0
5,16,FreshSlice-Rebuild,7444,1780,8551,1780,673,1.0,1,3967,125.68965299988122,0,0
5,17,BaseOnly-Stale,7444,1780,8551,1780,673,0.8,0,163,0.0,0,0
5,17,DeltaPACER,7444,1780,8551,1780,673,1.0,1,1943,0.0,0,0
5,17,FreshSlice-Rebuild,7444,1780,8551,1780,673,1.0,1,205,125.68965299988122,0,0
5,18,BaseOnly-Stale,7444,1780,8551,1780,673,1.0,1,2,0.0,0,0
5,18,DeltaPACER,7444,1780,8551,1780,673,1.0,1,1782,0.0,0,0
5,18,FreshSlice-Rebuild,7444,1780,8551,1780,673,1.0,1,2,125.68965299988122,0,0
5,19,BaseOnly-Stale,7444,1780,8551,1780,673,0.5,0,1,0.0,0,0
5,19,DeltaPACER,7444,1780,8551,1780,673,1.0,1,1781,0.0,0,0
5,19,FreshSlice-Rebuild,7444,1780,8551,1780,673,1.0,1,2,125.68965299988122,0,0
6,0,BaseOnly-Stale,10053,0,9103,0,950,1.0,1,3924,0.0,0,0
6,0,DeltaPACER,10053,0,9103,0,950,1.0,1,3924,0.0,0,0
6,0,FreshSlice-Rebuild,10053,0,9103,0,950,1.0,1,3924,167.4662460000036,0,0
6,1,BaseOnly-Stale,10053,0,9103,0,950,1.0,1,263,0.0,0,0
6,1,DeltaPACER,10053,0,9103,0,950,1.0,1,263,0.0,0,0
6,1,FreshSlice-Rebuild,10053,0,9103,0,950,1.0,1,263,167.4662460000036,0,0
6,2,BaseOnly-Stale,10053,0,9103,0,950,1.0,1,6,0.0,0,0
6,2,DeltaPACER,10053,0,9103,0,950,1.0,1,6,0.0,0,0
6,2,FreshSlice-Rebuild,10053,0,9103,0,950,1.0,1,6,167.4662460000036,0,0
6,3,BaseOnly-Stale,10053,0,9103,0,950,1.0,1,5,0.0,0,0
6,3,DeltaPACER,10053,0,9103,0,950,1.0,1,5,0.0,0,0
6,3,FreshSlice-Rebuild,10053,0,9103,0,950,1.0,1,5,167.4662460000036,0,0
6,4,BaseOnly-Stale,10053,0,9103,0,950,1.0,1,4322,0.0,0,0
6,4,DeltaPACER,10053,0,9103,0,950,1.0,1,4322,0.0,0,0
6,4,FreshSlice-Rebuild,10053,0,9103,0,950,1.0,1,4322,167.4662460000036,0,0
6,5,BaseOnly-Stale,10053,0,9103,0,950,1.0,1,287,0.0,0,0
6,5,DeltaPACER,10053,0,9103,0,950,1.0,1,287,0.0,0,0
6,5,FreshSlice-Rebuild,10053,0,9103,0,950,1.0,1,287,167.4662460000036,0,0
6,6,BaseOnly-Stale,10053,0,9103,0,950,1.0,1,2,0.0,0,0
6,6,DeltaPACER,10053,0,9103,0,950,1.0,1,2,0.0,0,0
6,6,FreshSlice-Rebuild,10053,0,9103,0,950,1.0,1,2,167.4662460000036,0,0
6,7,BaseOnly-Stale,10053,0,9103,0,950,1.0,1,6,0.0,0,0
6,7,DeltaPACER,10053,0,9103,0,950,1.0,1,6,0.0,0,0
6,7,FreshSlice-Rebuild,10053,0,9103,0,950,1.0,1,6,167.4662460000036,0,0
6,8,BaseOnly-Stale,10053,0,9103,0,950,1.0,1,4577,0.0,0,0
6,8,DeltaPACER,10053,0,9103,0,950,1.0,1,4577,0.0,0,0
6,8,FreshSlice-Rebuild,10053,0,9103,0,950,1.0,1,4577,167.4662460000036,0,0
6,9,BaseOnly-Stale,10053,0,9103,0,950,1.0,1,227,0.0,0,0
6,9,DeltaPACER,10053,0,9103,0,950,1.0,1,227,0.0,0,0
6,9,FreshSlice-Rebuild,10053,0,9103,0,950,1.0,1,227,167.4662460000036,0,0
6,10,BaseOnly-Stale,10053,0,9103,0,950,1.0,1,2,0.0,0,0
6,10,DeltaPACER,10053,0,9103,0,950,1.0,1,2,0.0,0,0
6,10,FreshSlice-Rebuild,10053,0,9103,0,950,1.0,1,2,167.4662460000036,0,0
6,11,BaseOnly-Stale,10053,0,9103,0,950,1.0,1,3,0.0,0,0
6,11,DeltaPACER,10053,0,9103,0,950,1.0,1,3,0.0,0,0
6,11,FreshSlice-Rebuild,10053,0,9103,0,950,1.0,1,3,167.4662460000036,0,0
6,12,BaseOnly-Stale,10053,0,9103,0,950,1.0,1,3978,0.0,0,0
6,12,DeltaPACER,10053,0,9103,0,950,1.0,1,3978,0.0,0,0
6,12,FreshSlice-Rebuild,10053,0,9103,0,950,1.0,1,3978,167.4662460000036,0,0
6,13,BaseOnly-Stale,10053,0,9103,0,950,1.0,1,215,0.0,0,0
6,13,DeltaPACER,10053,0,9103,0,950,1.0,1,215,0.0,0,0
6,13,FreshSlice-Rebuild,10053,0,9103,0,950,1.0,1,215,167.4662460000036,0,0
6,14,BaseOnly-Stale,10053,0,9103,0,950,1.0,1,4,0.0,0,0
6,14,DeltaPACER,10053,0,9103,0,950,1.0,1,4,0.0,0,0
6,14,FreshSlice-Rebuild,10053,0,9103,0,950,1.0,1,4,167.4662460000036,0,0
6,15,BaseOnly-Stale,10053,0,9103,0,950,1.0,1,3,0.0,0,0
6,15,DeltaPACER,10053,0,9103,0,950,1.0,1,3,0.0,0,0
6,15,FreshSlice-Rebuild,10053,0,9103,0,950,1.0,1,3,167.4662460000036,0,0
6,16,BaseOnly-Stale,10053,0,9103,0,950,1.0,1,4582,0.0,0,0
6,16,DeltaPACER,10053,0,9103,0,950,1.0,1,4582,0.0,0,0
6,16,FreshSlice-Rebuild,10053,0,9103,0,950,1.0,1,4582,167.4662460000036,0,0
6,17,BaseOnly-Stale,10053,0,9103,0,950,1.0,1,273,0.0,0,0
6,17,DeltaPACER,10053,0,9103,0,950,1.0,1,273,0.0,0,0
6,17,FreshSlice-Rebuild,10053,0,9103,0,950,1.0,1,273,167.4662460000036,0,0
6,18,BaseOnly-Stale,10053,0,9103,0,950,1.0,1,4,0.0,0,0
6,18,DeltaPACER,10053,0,9103,0,950,1.0,1,4,0.0,0,0
6,18,FreshSlice-Rebuild,10053,0,9103,0,950,1.0,1,4,167.4662460000036,0,0
6,19,BaseOnly-Stale,10053,0,9103,0,950,1.0,1,3,0.0,0,0
6,19,DeltaPACER,10053,0,9103,0,950,1.0,1,3,0.0,0,0
6,19,FreshSlice-Rebuild,10053,0,9103,0,950,1.0,1,3,167.4662460000036,0,0
7,0,BaseOnly-Stale,10053,700,9496,700,1257,0.9,0,4596,0.0,0,0
7,0,DeltaPACER,10053,700,9496,700,1257,1.0,1,5296,0.0,0,0
7,0,FreshSlice-Rebuild,10053,700,9496,700,1257,1.0,1,4904,158.16496499974164,0,0
7,1,BaseOnly-Stale,10053,700,9496,700,1257,1.0,1,307,0.0,0,0
7,1,DeltaPACER,10053,700,9496,700,1257,1.0,1,1007,0.0,0,0
7,1,FreshSlice-Rebuild,10053,700,9496,700,1257,1.0,1,332,158.16496499974164,0,0
7,2,BaseOnly-Stale,10053,700,9496,700,1257,1.0,1,4,0.0,0,0
7,2,DeltaPACER,10053,700,9496,700,1257,1.0,1,704,0.0,0,0
7,2,FreshSlice-Rebuild,10053,700,9496,700,1257,1.0,1,4,158.16496499974164,0,0
7,3,BaseOnly-Stale,10053,700,9496,700,1257,1.0,1,3,0.0,0,0
7,3,DeltaPACER,10053,700,9496,700,1257,1.0,1,703,0.0,0,0
7,3,FreshSlice-Rebuild,10053,700,9496,700,1257,1.0,1,3,158.16496499974164,0,0
7,4,BaseOnly-Stale,10053,700,9496,700,1257,1.0,1,4484,0.0,0,0
7,4,DeltaPACER,10053,700,9496,700,1257,1.0,1,5184,0.0,0,0
7,4,FreshSlice-Rebuild,10053,700,9496,700,1257,1.0,1,4787,158.16496499974164,0,0
7,5,BaseOnly-Stale,10053,700,9496,700,1257,1.0,1,302,0.0,0,0
7,5,DeltaPACER,10053,700,9496,700,1257,1.0,1,1002,0.0,0,0
7,5,FreshSlice-Rebuild,10053,700,9496,700,1257,1.0,1,319,158.16496499974164,0,0
7,6,BaseOnly-Stale,10053,700,9496,700,1257,0.75,0,3,0.0,0,0
7,6,DeltaPACER,10053,700,9496,700,1257,1.0,1,703,0.0,0,0
7,6,FreshSlice-Rebuild,10053,700,9496,700,1257,1.0,1,4,158.16496499974164,0,0
7,7,BaseOnly-Stale,10053,700,9496,700,1257,1.0,1,2,0.0,0,0
7,7,DeltaPACER,10053,700,9496,700,1257,1.0,1,702,0.0,0,0
7,7,FreshSlice-Rebuild,10053,700,9496,700,1257,1.0,1,2,158.16496499974164,0,0
7,8,BaseOnly-Stale,10053,700,9496,700,1257,1.0,1,4332,0.0,0,0
7,8,DeltaPACER,10053,700,9496,700,1257,1.0,1,5032,0.0,0,0
7,8,FreshSlice-Rebuild,10053,700,9496,700,1257,1.0,1,4655,158.16496499974164,0,0
7,9,BaseOnly-Stale,10053,700,9496,700,1257,0.9,0,300,0.0,0,0
7,9,DeltaPACER,10053,700,9496,700,1257,1.0,1,1000,0.0,0,0
7,9,FreshSlice-Rebuild,10053,700,9496,700,1257,1.0,1,316,158.16496499974164,0,0
7,10,BaseOnly-Stale,10053,700,9496,700,1257,1.0,1,6,0.0,0,0
7,10,DeltaPACER,10053,700,9496,700,1257,1.0,1,706,0.0,0,0
7,10,FreshSlice-Rebuild,10053,700,9496,700,1257,1.0,1,6,158.16496499974164,0,0
7,11,BaseOnly-Stale,10053,700,9496,700,1257,1.0,1,3,0.0,0,0
7,11,DeltaPACER,10053,700,9496,700,1257,1.0,1,703,0.0,0,0
7,11,FreshSlice-Rebuild,10053,700,9496,700,1257,1.0,1,3,158.16496499974164,0,0
7,12,BaseOnly-Stale,10053,700,9496,700,1257,1.0,1,4291,0.0,0,0
7,12,DeltaPACER,10053,700,9496,700,1257,1.0,1,4991,0.0,0,0
7,12,FreshSlice-Rebuild,10053,700,9496,700,1257,1.0,1,4590,158.16496499974164,0,0
7,13,BaseOnly-Stale,10053,700,9496,700,1257,0.9,0,238,0.0,0,0
7,13,DeltaPACER,10053,700,9496,700,1257,1.0,1,938,0.0,0,0
7,13,FreshSlice-Rebuild,10053,700,9496,700,1257,1.0,1,256,158.16496499974164,0,0
7,14,BaseOnly-Stale,10053,700,9496,700,1257,1.0,1,1,0.0,0,0
7,14,DeltaPACER,10053,700,9496,700,1257,1.0,1,701,0.0,0,0
7,14,FreshSlice-Rebuild,10053,700,9496,700,1257,1.0,1,1,158.16496499974164,0,0
7,15,BaseOnly-Stale,10053,700,9496,700,1257,1.0,1,5,0.0,0,0
7,15,DeltaPACER,10053,700,9496,700,1257,1.0,1,705,0.0,0,0
7,15,FreshSlice-Rebuild,10053,700,9496,700,1257,1.0,1,5,158.16496499974164,0,0
7,16,BaseOnly-Stale,10053,700,9496,700,1257,0.9,0,4322,0.0,0,0
7,16,DeltaPACER,10053,700,9496,700,1257,1.0,1,5022,0.0,0,0
7,16,FreshSlice-Rebuild,10053,700,9496,700,1257,1.0,1,4629,158.16496499974164,0,0
7,17,BaseOnly-Stale,10053,700,9496,700,1257,0.9,0,217,0.0,0,0
7,17,DeltaPACER,10053,700,9496,700,1257,1.0,1,917,0.0,0,0
7,17,FreshSlice-Rebuild,10053,700,9496,700,1257,1.0,1,230,158.16496499974164,0,0
7,18,BaseOnly-Stale,10053,700,9496,700,1257,1.0,1,9,0.0,0,0
7,18,DeltaPACER,10053,700,9496,700,1257,1.0,1,709,0.0,0,0
7,18,FreshSlice-Rebuild,10053,700,9496,700,1257,1.0,1,9,158.16496499974164,0,0
7,19,BaseOnly-Stale,10053,700,9496,700,1257,1.0,1,4,0.0,0,0
7,19,DeltaPACER,10053,700,9496,700,1257,1.0,1,704,0.0,0,0
7,19,FreshSlice-Rebuild,10053,700,9496,700,1257,1.0,1,4,158.16496499974164,0,0
8,0,BaseOnly-Stale,10053,1368,9957,1368,1464,0.9,0,3897,0.0,0,0
8,0,DeltaPACER,10053,1368,9957,1368,1464,1.0,1,5265,0.0,0,0
8,0,FreshSlice-Rebuild,10053,1368,9957,1368,1464,1.0,1,4448,177.0879790001345,0,0
8,1,BaseOnly-Stale,10053,1368,9957,1368,1464,1.0,1,262,0.0,0,0
8,1,DeltaPACER,10053,1368,9957,1368,1464,1.0,1,1630,0.0,0,0
8,1,FreshSlice-Rebuild,10053,1368,9957,1368,1464,1.0,1,296,177.0879790001345,0,0
8,2,BaseOnly-Stale,10053,1368,9957,1368,1464,1.0,1,2,0.0,0,0
8,2,DeltaPACER,10053,1368,9957,1368,1464,1.0,1,1370,0.0,0,0
8,2,FreshSlice-Rebuild,10053,1368,9957,1368,1464,1.0,1,2,177.0879790001345,0,0
8,3,BaseOnly-Stale,10053,1368,9957,1368,1464,0.5,0,1,0.0,0,0
8,3,DeltaPACER,10053,1368,9957,1368,1464,1.0,1,1369,0.0,0,0
8,3,FreshSlice-Rebuild,10053,1368,9957,1368,1464,1.0,1,2,177.0879790001345,0,0
8,4,BaseOnly-Stale,10053,1368,9957,1368,1464,0.8,0,4129,0.0,0,0
8,4,DeltaPACER,10053,1368,9957,1368,1464,1.0,1,5497,0.0,0,0
8,4,FreshSlice-Rebuild,10053,1368,9957,1368,1464,1.0,1,4694,177.0879790001345,0,0
8,5,BaseOnly-Stale,10053,1368,9957,1368,1464,1.0,1,328,0.0,0,0
8,5,DeltaPACER,10053,1368,9957,1368,1464,1.0,1,1696,0.0,0,0
8,5,FreshSlice-Rebuild,10053,1368,9957,1368,1464,1.0,1,367,177.0879790001345,0,0
8,6,BaseOnly-Stale,10053,1368,9957,1368,1464,1.0,1,4,0.0,0,0
8,6,DeltaPACER,10053,1368,9957,1368,1464,1.0,1,1372,0.0,0,0
8,6,FreshSlice-Rebuild,10053,1368,9957,1368,1464,1.0,1,4,177.0879790001345,0,0
8,7,BaseOnly-Stale,10053,1368,9957,1368,1464,1.0,1,4,0.0,0,0
8,7,DeltaPACER,10053,1368,9957,1368,1464,1.0,1,1372,0.0,0,0
8,7,FreshSlice-Rebuild,10053,1368,9957,1368,1464,1.0,1,4,177.0879790001345,0,0
8,8,BaseOnly-Stale,10053,1368,9957,1368,1464,0.6,0,4247,0.0,0,0
8,8,DeltaPACER,10053,1368,9957,1368,1464,1.0,1,5615,0.0,0,0
8,8,FreshSlice-Rebuild,10053,1368,9957,1368,1464,1.0,1,4830,177.0879790001345,0,0
8,9,BaseOnly-Stale,10053,1368,9957,1368,1464,0.9,0,252,0.0,0,0
8,9,DeltaPACER,10053,1368,9957,1368,1464,1.0,1,1620,0.0,0,0
8,9,FreshSlice-Rebuild,10053,1368,9957,1368,1464,1.0,1,294,177.0879790001345,0,0
8,10,BaseOnly-Stale,10053,1368,9957,1368,1464,0.4,0,2,0.0,0,0
8,10,DeltaPACER,10053,1368,9957,1368,1464,1.0,1,1370,0.0,0,0
8,10,FreshSlice-Rebuild,10053,1368,9957,1368,1464,1.0,1,5,177.0879790001345,0,0
8,11,BaseOnly-Stale,10053,1368,9957,1368,1464,0.8571428571428571,0,6,0.0,0,0
8,11,DeltaPACER,10053,1368,9957,1368,1464,1.0,1,1374,0.0,0,0
8,11,FreshSlice-Rebuild,10053,1368,9957,1368,1464,1.0,1,7,177.0879790001345,0,0
8,12,BaseOnly-Stale,10053,1368,9957,1368,1464,0.7,0,3912,0.0,0,0
8,12,DeltaPACER,10053,1368,9957,1368,1464,1.0,1,5280,0.0,0,0
8,12,FreshSlice-Rebuild,10053,1368,9957,1368,1464,1.0,1,4456,177.0879790001345,0,0
8,13,BaseOnly-Stale,10053,1368,9957,1368,1464,1.0,1,296,0.0,0,0
8,13,DeltaPACER,10053,1368,9957,1368,1464,1.0,1,1664,0.0,0,0
8,13,FreshSlice-Rebuild,10053,1368,9957,1368,1464,1.0,1,336,177.0879790001345,0,0
8,14,BaseOnly-Stale,10053,1368,9957,1368,1464,0.0,0,0,0.0,0,0
8,14,DeltaPACER,10053,1368,9957,1368,1464,1.0,1,1368,0.0,0,0
8,14,FreshSlice-Rebuild,10053,1368,9957,1368,1464,1.0,1,2,177.0879790001345,0,0
8,15,BaseOnly-Stale,10053,1368,9957,1368,1464,0.6,0,4,0.0,0,0
8,15,DeltaPACER,10053,1368,9957,1368,1464,1.0,1,1372,0.0,0,0
8,15,FreshSlice-Rebuild,10053,1368,9957,1368,1464,1.0,1,6,177.0879790001345,0,0
8,16,BaseOnly-Stale,10053,1368,9957,1368,1464,0.8,0,4231,0.0,0,0
8,16,DeltaPACER,10053,1368,9957,1368,1464,1.0,1,5599,0.0,0,0
8,16,FreshSlice-Rebuild,10053,1368,9957,1368,1464,1.0,1,4815,177.0879790001345,0,0
8,17,BaseOnly-Stale,10053,1368,9957,1368,1464,0.7,0,224,0.0,0,0
8,17,DeltaPACER,10053,1368,9957,1368,1464,1.0,1,1592,0.0,0,0
8,17,FreshSlice-Rebuild,10053,1368,9957,1368,1464,1.0,1,257,177.0879790001345,0,0
8,18,BaseOnly-Stale,10053,1368,9957,1368,1464,1.0,1,7,0.0,0,0
8,18,DeltaPACER,10053,1368,9957,1368,1464,1.0,1,1375,0.0,0,0
8,18,FreshSlice-Rebuild,10053,1368,9957,1368,1464,1.0,1,7,177.0879790001345,0,0
8,19,BaseOnly-Stale,10053,1368,9957,1368,1464,1.0,1,5,0.0,0,0
8,19,DeltaPACER,10053,1368,9957,1368,1464,1.0,1,1373,0.0,0,0
8,19,FreshSlice-Rebuild,10053,1368,9957,1368,1464,1.0,1,5,177.0879790001345,0,0
9,0,BaseOnly-Stale,12000,0,10371,0,1629,1.0,1,4806,0.0,0,0
9,0,DeltaPACER,12000,0,10371,0,1629,1.0,1,4806,0.0,0,0
9,0,FreshSlice-Rebuild,12000,0,10371,0,1629,1.0,1,4806,169.34211199986748,0,0
9,1,BaseOnly-Stale,12000,0,10371,0,1629,1.0,1,306,0.0,0,0
9,1,DeltaPACER,12000,0,10371,0,1629,1.0,1,306,0.0,0,0
9,1,FreshSlice-Rebuild,12000,0,10371,0,1629,1.0,1,306,169.34211199986748,0,0
9,2,BaseOnly-Stale,12000,0,10371,0,1629,1.0,1,4,0.0,0,0
9,2,DeltaPACER,12000,0,10371,0,1629,1.0,1,4,0.0,0,0
9,2,FreshSlice-Rebuild,12000,0,10371,0,1629,1.0,1,4,169.34211199986748,0,0
9,3,BaseOnly-Stale,12000,0,10371,0,1629,1.0,1,5,0.0,0,0
9,3,DeltaPACER,12000,0,10371,0,1629,1.0,1,5,0.0,0,0
9,3,FreshSlice-Rebuild,12000,0,10371,0,1629,1.0,1,5,169.34211199986748,0,0
9,4,BaseOnly-Stale,12000,0,10371,0,1629,1.0,1,4972,0.0,0,0
9,4,DeltaPACER,12000,0,10371,0,1629,1.0,1,4972,0.0,0,0
9,4,FreshSlice-Rebuild,12000,0,10371,0,1629,1.0,1,4972,169.34211199986748,0,0
9,5,BaseOnly-Stale,12000,0,10371,0,1629,1.0,1,427,0.0,0,0
9,5,DeltaPACER,12000,0,10371,0,1629,1.0,1,427,0.0,0,0
9,5,FreshSlice-Rebuild,12000,0,10371,0,1629,1.0,1,427,169.34211199986748,0,0
9,6,BaseOnly-Stale,12000,0,10371,0,1629,1.0,1,5,0.0,0,0
9,6,DeltaPACER,12000,0,10371,0,1629,1.0,1,5,0.0,0,0
9,6,FreshSlice-Rebuild,12000,0,10371,0,1629,1.0,1,5,169.34211199986748,0,0
9,7,BaseOnly-Stale,12000,0,10371,0,1629,1.0,1,2,0.0,0,0
9,7,DeltaPACER,12000,0,10371,0,1629,1.0,1,2,0.0,0,0
9,7,FreshSlice-Rebuild,12000,0,10371,0,1629,1.0,1,2,169.34211199986748,0,0
9,8,BaseOnly-Stale,12000,0,10371,0,1629,1.0,1,5222,0.0,0,0
9,8,DeltaPACER,12000,0,10371,0,1629,1.0,1,5222,0.0,0,0
9,8,FreshSlice-Rebuild,12000,0,10371,0,1629,1.0,1,5222,169.34211199986748,0,0
9,9,BaseOnly-Stale,12000,0,10371,0,1629,1.0,1,320,0.0,0,0
9,9,DeltaPACER,12000,0,10371,0,1629,1.0,1,320,0.0,0,0
9,9,FreshSlice-Rebuild,12000,0,10371,0,1629,1.0,1,320,169.34211199986748,0,0
9,10,BaseOnly-Stale,12000,0,10371,0,1629,1.0,1,5,0.0,0,0
9,10,DeltaPACER,12000,0,10371,0,1629,1.0,1,5,0.0,0,0
9,10,FreshSlice-Rebuild,12000,0,10371,0,1629,1.0,1,5,169.34211199986748,0,0
9,11,BaseOnly-Stale,12000,0,10371,0,1629,1.0,1,6,0.0,0,0
9,11,DeltaPACER,12000,0,10371,0,1629,1.0,1,6,0.0,0,0
9,11,FreshSlice-Rebuild,12000,0,10371,0,1629,1.0,1,6,169.34211199986748,0,0
9,12,BaseOnly-Stale,12000,0,10371,0,1629,1.0,1,5117,0.0,0,0
9,12,DeltaPACER,12000,0,10371,0,1629,1.0,1,5117,0.0,0,0
9,12,FreshSlice-Rebuild,12000,0,10371,0,1629,1.0,1,5117,169.34211199986748,0,0
9,13,BaseOnly-Stale,12000,0,10371,0,1629,1.0,1,286,0.0,0,0
9,13,DeltaPACER,12000,0,10371,0,1629,1.0,1,286,0.0,0,0
9,13,FreshSlice-Rebuild,12000,0,10371,0,1629,1.0,1,286,169.34211199986748,0,0
9,14,BaseOnly-Stale,12000,0,10371,0,1629,1.0,1,6,0.0,0,0
9,14,DeltaPACER,12000,0,10371,0,1629,1.0,1,6,0.0,0,0
9,14,FreshSlice-Rebuild,12000,0,10371,0,1629,1.0,1,6,169.34211199986748,0,0
9,15,BaseOnly-Stale,12000,0,10371,0,1629,1.0,1,2,0.0,0,0
9,15,DeltaPACER,12000,0,10371,0,1629,1.0,1,2,0.0,0,0
9,15,FreshSlice-Rebuild,12000,0,10371,0,1629,1.0,1,2,169.34211199986748,0,0
9,16,BaseOnly-Stale,12000,0,10371,0,1629,1.0,1,4945,0.0,0,0
9,16,DeltaPACER,12000,0,10371,0,1629,1.0,1,4945,0.0,0,0
9,16,FreshSlice-Rebuild,12000,0,10371,0,1629,1.0,1,4945,169.34211199986748,0,0
9,17,BaseOnly-Stale,12000,0,10371,0,1629,1.0,1,278,0.0,0,0
9,17,DeltaPACER,12000,0,10371,0,1629,1.0,1,278,0.0,0,0
9,17,FreshSlice-Rebuild,12000,0,10371,0,1629,1.0,1,278,169.34211199986748,0,0
9,18,BaseOnly-Stale,12000,0,10371,0,1629,1.0,1,7,0.0,0,0
9,18,DeltaPACER,12000,0,10371,0,1629,1.0,1,7,0.0,0,0
9,18,FreshSlice-Rebuild,12000,0,10371,0,1629,1.0,1,7,169.34211199986748,0,0
9,19,BaseOnly-Stale,12000,0,10371,0,1629,1.0,1,3,0.0,0,0
9,19,DeltaPACER,12000,0,10371,0,1629,1.0,1,3,0.0,0,0
9,19,FreshSlice-Rebuild,12000,0,10371,0,1629,1.0,1,3,169.34211199986748,0,0
