dataset,query_id,regime,method,n,dim,k,allowed_count,selectivity,returned,recall_at_k,secure_topk_exact,failure_mode,policy_violations,deleted_violations,tenant_violations,latency_ms,raw_candidates,candidates,distance_evals,policy_checks,summary_checks,visited_cluster_count,certified,certificate_false_positive
wine,0,broad,ExactSecure,178,13,10,164,0.9213483146067416,10,1.0,1,none,0,0,0,0.12900000001536682,178,164,164,178,0,0,1,0
wine,0,broad,PostFilter-IVF,178,13,10,164,0.9213483146067416,10,1.0,1,none,0,0,0,0.14291499996943458,91,83,91,91,0,8,0,0
wine,0,broad,AdaptivePostFilter-IVF,178,13,10,164,0.9213483146067416,10,1.0,1,none,0,0,0,0.5302979998305091,178,164,178,178,0,12,0,0
wine,0,broad,TenantPartition-IVF,178,13,10,164,0.9213483146067416,10,1.0,1,none,0,0,0,0.1528579998648638,91,83,91,91,0,8,0,0
wine,0,broad,PreFilter-IVF,178,13,10,164,0.9213483146067416,10,1.0,1,none,0,0,0,1.4201449998836324,104,94,94,104,8,8,0,0
wine,0,broad,PACER-A,178,13,10,164,0.9213483146067416,10,1.0,1,none,0,0,0,0.720481000143991,104,94,104,104,8,8,1,0
wine,0,broad,PACER-C,178,13,10,164,0.9213483146067416,10,1.0,1,none,0,0,0,0.6291839999903459,104,94,104,104,8,8,1,0
wine,0,broad,PACER-X,178,13,10,164,0.9213483146067416,10,1.0,1,none,0,0,0,0.8552819999749772,104,94,104,104,8,8,1,0
wine,0,broad,StaleNoRecheck,178,13,10,164,0.9213483146067416,10,0.8,0,ranking_truncation,0,2,0,0.12557799982459983,91,91,91,91,0,8,0,0
wine,0,broad,NaiveNoPolicy,178,13,10,164,0.9213483146067416,10,0.8,0,ranking_truncation,0,2,0,0.08739400004742492,91,91,91,0,0,8,0,0
wine,1,medium,ExactSecure,178,13,10,50,0.2808988764044944,10,1.0,1,none,0,0,0,0.13135200015312876,178,50,50,178,0,0,1,0
wine,1,medium,PostFilter-IVF,178,13,10,50,0.2808988764044944,10,1.0,1,none,0,0,0,0.1398639999479201,110,32,110,110,0,8,0,0
wine,1,medium,AdaptivePostFilter-IVF,178,13,10,50,0.2808988764044944,10,1.0,1,none,0,0,0,0.5947689999175054,178,50,178,178,0,12,0,0
wine,1,medium,TenantPartition-IVF,178,13,10,50,0.2808988764044944,10,1.0,1,none,0,0,0,0.15191499983302492,110,32,110,110,0,8,0,0
wine,1,medium,PreFilter-IVF,178,13,10,50,0.2808988764044944,10,1.0,1,none,0,0,0,0.6526069998926687,119,42,42,119,11,8,0,0
wine,1,medium,PACER-A,178,13,10,50,0.2808988764044944,10,1.0,1,none,0,0,0,0.7585450000533456,45,41,45,45,10,7,1,0
wine,1,medium,PACER-C,178,13,10,50,0.2808988764044944,10,1.0,1,none,0,0,0,0.5790870000055293,45,41,45,45,10,7,1,0
wine,1,medium,PACER-X,178,13,10,50,0.2808988764044944,10,1.0,1,none,0,0,0,0.6055369999558025,45,41,45,45,10,7,1,0
wine,1,medium,StaleNoRecheck,178,13,10,50,0.2808988764044944,10,0.8,0,ranking_truncation,0,2,0,0.13909899985264929,110,36,110,110,0,8,0,0
wine,1,medium,NaiveNoPolicy,178,13,10,50,0.2808988764044944,10,0.4,0,ranking_truncation,5,1,0,0.042007000047306065,110,110,110,0,0,8,0,0
wine,2,narrow,ExactSecure,178,13,10,3,0.016853932584269662,3,1.0,1,none,0,0,0,0.10844300004464458,178,3,3,178,0,0,1,0
wine,2,narrow,PostFilter-IVF,178,13,10,3,0.016853932584269662,3,1.0,1,none,0,0,0,0.13644700015902345,134,3,134,134,0,8,0,0
wine,2,narrow,AdaptivePostFilter-IVF,178,13,10,3,0.016853932584269662,3,1.0,1,none,0,0,0,0.47667900003034447,178,3,178,178,0,12,0,0
wine,2,narrow,TenantPartition-IVF,178,13,10,3,0.016853932584269662,3,1.0,1,none,0,0,0,0.12986399997316767,134,3,134,134,0,8,0,0
wine,2,narrow,PreFilter-IVF,178,13,10,3,0.016853932584269662,3,1.0,1,none,0,0,0,0.12174299990874715,17,3,3,17,12,1,0,0
wine,2,narrow,PACER-A,178,13,10,3,0.016853932584269662,3,1.0,1,none,0,0,0,0.14707700006511004,3,3,3,3,1,1,1,0
wine,2,narrow,PACER-C,178,13,10,3,0.016853932584269662,3,1.0,1,none,0,0,0,0.09653000006437651,3,3,3,3,1,1,1,0
wine,2,narrow,PACER-X,178,13,10,3,0.016853932584269662,3,1.0,1,none,0,0,0,0.0891279998995742,3,3,3,3,1,1,1,0
wine,2,narrow,StaleNoRecheck,178,13,10,3,0.016853932584269662,3,1.0,1,none,0,0,0,0.14894600008119596,134,3,134,134,0,8,0,0
wine,2,narrow,NaiveNoPolicy,178,13,10,3,0.016853932584269662,10,0.6666666666666666,0,ranking_truncation,8,2,1,0.06480399997599307,134,134,134,0,0,8,0,0
wine,3,cold,ExactSecure,178,13,10,3,0.016853932584269662,3,1.0,1,none,0,0,0,0.16556300010961422,178,3,3,178,0,0,1,0
wine,3,cold,PostFilter-IVF,178,13,10,3,0.016853932584269662,3,1.0,1,none,0,0,0,0.1299479999943287,107,3,107,107,0,8,0,0
wine,3,cold,AdaptivePostFilter-IVF,178,13,10,3,0.016853932584269662,3,1.0,1,none,0,0,0,0.5446620000384428,178,3,178,178,0,12,0,0
wine,3,cold,TenantPartition-IVF,178,13,10,3,0.016853932584269662,3,1.0,1,none,0,0,0,0.13607200003207254,107,3,107,107,0,8,0,0
wine,3,cold,PreFilter-IVF,178,13,10,3,0.016853932584269662,3,1.0,1,none,0,0,0,0.1748170000155369,44,3,3,44,12,3,0,0
wine,3,cold,PACER-A,178,13,10,3,0.016853932584269662,3,1.0,1,none,0,0,0,0.21801899993079132,4,3,4,4,3,3,1,0
wine,3,cold,PACER-C,178,13,10,3,0.016853932584269662,3,1.0,1,none,0,0,0,0.2016500000081578,4,3,4,4,3,3,1,0
wine,3,cold,PACER-X,178,13,10,3,0.016853932584269662,3,1.0,1,none,0,0,0,0.2886740001031285,4,3,4,4,3,3,1,0
wine,3,cold,StaleNoRecheck,178,13,10,3,0.016853932584269662,4,1.0,0,ranking_truncation,0,1,0,0.12028799983454519,107,4,107,107,0,8,0,0
wine,3,cold,NaiveNoPolicy,178,13,10,3,0.016853932584269662,10,0.6666666666666666,0,ranking_truncation,8,0,0,0.05461000000650529,107,107,107,0,0,8,0,0
wine,4,broad,ExactSecure,178,13,10,164,0.9213483146067416,10,1.0,1,none,0,0,0,0.13935199990555702,178,164,164,178,0,0,1,0
wine,4,broad,PostFilter-IVF,178,13,10,164,0.9213483146067416,10,1.0,1,none,0,0,0,0.14679900004921365,126,118,126,126,0,8,0,0
wine,4,broad,AdaptivePostFilter-IVF,178,13,10,164,0.9213483146067416,10,1.0,1,none,0,0,0,0.6127300000571267,178,164,178,178,0,12,0,0
wine,4,broad,TenantPartition-IVF,178,13,10,164,0.9213483146067416,10,1.0,1,none,0,0,0,0.17370000000482833,126,118,126,126,0,8,0,0
wine,4,broad,PreFilter-IVF,178,13,10,164,0.9213483146067416,10,1.0,1,none,0,0,0,1.1936850000893173,128,116,116,128,8,8,0,0
wine,4,broad,PACER-A,178,13,10,164,0.9213483146067416,10,1.0,1,none,0,0,0,0.591652999901271,106,99,106,106,6,6,1,0
wine,4,broad,PACER-C,178,13,10,164,0.9213483146067416,10,1.0,1,none,0,0,0,0.5351229999632778,106,99,106,106,6,6,1,0
wine,4,broad,PACER-X,178,13,10,164,0.9213483146067416,10,1.0,1,none,0,0,0,0.4917070000374224,106,99,106,106,6,6,1,0
wine,4,broad,StaleNoRecheck,178,13,10,164,0.9213483146067416,10,0.9,0,ranking_truncation,0,1,0,0.20509299997684138,126,126,126,126,0,8,0,0
wine,4,broad,NaiveNoPolicy,178,13,10,164,0.9213483146067416,10,0.9,0,ranking_truncation,0,1,0,0.05749199999627308,126,126,126,0,0,8,0,0
wine,5,medium,ExactSecure,178,13,10,28,0.15730337078651685,10,1.0,1,none,0,0,0,0.14665200001218182,178,28,28,178,0,0,1,0
wine,5,medium,PostFilter-IVF,178,13,10,28,0.15730337078651685,8,0.8,0,candidate_starvation,0,0,0,0.11692700013554713,91,8,91,91,0,8,0,0
wine,5,medium,AdaptivePostFilter-IVF,178,13,10,28,0.15730337078651685,10,1.0,1,none,0,0,0,0.5217329999140929,178,28,178,178,0,12,0,0
wine,5,medium,TenantPartition-IVF,178,13,10,28,0.15730337078651685,8,0.8,0,candidate_starvation,0,0,0,0.13025599992033676,91,8,91,91,0,8,0,0
wine,5,medium,PreFilter-IVF,178,13,10,28,0.15730337078651685,10,1.0,1,none,0,0,0,0.4958249999162945,126,18,18,126,9,8,0,0
wine,5,medium,PACER-A,178,13,10,28,0.15730337078651685,10,1.0,1,none,0,0,0,0.6615709999095998,29,28,29,29,12,10,1,0
wine,5,medium,PACER-C,178,13,10,28,0.15730337078651685,10,1.0,1,none,0,0,0,0.7869809999192512,29,28,29,29,12,10,1,0
wine,5,medium,PACER-X,178,13,10,28,0.15730337078651685,10,1.0,1,none,0,0,0,0.6658410000000003,29,28,29,29,12,10,1,0
wine,5,medium,StaleNoRecheck,178,13,10,28,0.15730337078651685,9,0.8,0,candidate_starvation,0,1,0,0.11157599988109723,91,9,91,91,0,8,0,0
wine,5,medium,NaiveNoPolicy,178,13,10,28,0.15730337078651685,10,0.2,0,ranking_truncation,7,2,0,0.05049399987910874,91,91,91,0,0,8,0,0
wine,6,narrow,ExactSecure,178,13,10,7,0.03932584269662921,7,1.0,1,none,0,0,0,0.1205460000619496,178,7,7,178,0,0,1,0
wine,6,narrow,PostFilter-IVF,178,13,10,7,0.03932584269662921,7,1.0,1,none,0,0,0,0.12662999984058843,113,7,113,113,0,8,0,0
wine,6,narrow,AdaptivePostFilter-IVF,178,13,10,7,0.03932584269662921,7,1.0,1,none,0,0,0,0.5635530001200095,178,7,178,178,0,12,0,0
wine,6,narrow,TenantPartition-IVF,178,13,10,7,0.03932584269662921,7,1.0,1,none,0,0,0,0.12274000005163543,113,7,113,113,0,8,0,0
wine,6,narrow,PreFilter-IVF,178,13,10,7,0.03932584269662921,7,1.0,1,none,0,0,0,0.14271500003815163,46,7,7,46,12,2,0,0
wine,6,narrow,PACER-A,178,13,10,7,0.03932584269662921,7,1.0,1,none,0,0,0,0.18470199984221836,7,7,7,7,3,2,1,0
wine,6,narrow,PACER-C,178,13,10,7,0.03932584269662921,7,1.0,1,none,0,0,0,0.15254799996000656,7,7,7,7,3,2,1,0
wine,6,narrow,PACER-X,178,13,10,7,0.03932584269662921,7,1.0,1,none,0,0,0,0.1467709998905775,7,7,7,7,3,2,1,0
wine,6,narrow,StaleNoRecheck,178,13,10,7,0.03932584269662921,7,1.0,1,none,0,0,0,0.11811499985014962,113,7,113,113,0,8,0,0
wine,6,narrow,NaiveNoPolicy,178,13,10,7,0.03932584269662921,10,0.14285714285714285,0,ranking_truncation,9,1,0,0.061067999922670424,113,113,113,0,0,8,0,0
wine,7,cold,ExactSecure,178,13,10,5,0.028089887640449437,5,1.0,1,none,0,0,0,0.12411700004122395,178,5,5,178,0,0,1,0
wine,7,cold,PostFilter-IVF,178,13,10,5,0.028089887640449437,5,1.0,1,none,0,0,0,0.1387089998843294,101,5,101,101,0,8,0,0
wine,7,cold,AdaptivePostFilter-IVF,178,13,10,5,0.028089887640449437,5,1.0,1,none,0,0,0,0.46601099984400207,178,5,178,178,0,12,0,0
wine,7,cold,TenantPartition-IVF,178,13,10,5,0.028089887640449437,5,1.0,1,none,0,0,0,0.14332199998534634,101,5,101,101,0,8,0,0
wine,7,cold,PreFilter-IVF,178,13,10,5,0.028089887640449437,5,1.0,1,none,0,0,0,0.14870799986965721,42,5,5,42,12,2,0,0
wine,7,cold,PACER-A,178,13,10,5,0.028089887640449437,5,1.0,1,none,0,0,0,0.22600400006922428,5,5,5,5,3,2,1,0
wine,7,cold,PACER-C,178,13,10,5,0.028089887640449437,5,1.0,1,none,0,0,0,0.15043700000205718,5,5,5,5,3,2,1,0
wine,7,cold,PACER-X,178,13,10,5,0.028089887640449437,5,1.0,1,none,0,0,0,0.14723100002811407,5,5,5,5,3,2,1,0
wine,7,cold,StaleNoRecheck,178,13,10,5,0.028089887640449437,5,1.0,1,none,0,0,0,0.13652399979946495,101,5,101,101,0,8,0,0
wine,7,cold,NaiveNoPolicy,178,13,10,5,0.028089887640449437,10,0.4,0,ranking_truncation,8,0,0,0.052778000053876895,101,101,101,0,0,8,0,0
wine,8,broad,ExactSecure,178,13,10,163,0.9157303370786517,10,1.0,1,none,0,0,0,0.14320900004349824,178,163,163,178,0,0,1,0
wine,8,broad,PostFilter-IVF,178,13,10,163,0.9157303370786517,10,1.0,1,none,0,0,0,0.13325899999472313,107,98,107,107,0,8,0,0
wine,8,broad,AdaptivePostFilter-IVF,178,13,10,163,0.9157303370786517,10,1.0,1,none,0,0,0,0.5873349998637423,178,163,178,178,0,12,0,0
wine,8,broad,TenantPartition-IVF,178,13,10,163,0.9157303370786517,10,1.0,1,none,0,0,0,0.15158700011852488,107,98,107,107,0,8,0,0
wine,8,broad,PreFilter-IVF,178,13,10,163,0.9157303370786517,10,1.0,1,none,0,0,0,2.0700059999398945,107,98,98,107,8,8,0,0
wine,8,broad,PACER-A,178,13,10,163,0.9157303370786517,10,1.0,1,none,0,0,0,0.8120850000068458,103,94,103,103,7,7,1,0
wine,8,broad,PACER-C,178,13,10,163,0.9157303370786517,10,1.0,1,none,0,0,0,0.6779109999115462,103,94,103,103,7,7,1,0
wine,8,broad,PACER-X,178,13,10,163,0.9157303370786517,10,1.0,1,none,0,0,0,0.6375279999701888,103,94,103,103,7,7,1,0
wine,8,broad,StaleNoRecheck,178,13,10,163,0.9157303370786517,10,0.9,0,ranking_truncation,0,1,0,0.1326589999735006,107,107,107,107,0,8,0,0
wine,8,broad,NaiveNoPolicy,178,13,10,163,0.9157303370786517,10,0.9,0,ranking_truncation,0,1,0,0.07492899999306246,107,107,107,0,0,8,0,0
wine,9,medium,ExactSecure,178,13,10,41,0.2303370786516854,10,1.0,1,none,0,0,0,0.13032000015300582,178,41,41,178,0,0,1,0
wine,9,medium,PostFilter-IVF,178,13,10,41,0.2303370786516854,10,1.0,1,none,0,0,0,0.13059299999440555,107,40,107,107,0,8,0,0
wine,9,medium,AdaptivePostFilter-IVF,178,13,10,41,0.2303370786516854,10,1.0,1,none,0,0,0,0.7281690000127128,178,41,178,178,0,12,0,0
wine,9,medium,TenantPartition-IVF,178,13,10,41,0.2303370786516854,10,1.0,1,none,0,0,0,0.29547599979196093,107,40,107,107,0,8,0,0
wine,9,medium,PreFilter-IVF,178,13,10,41,0.2303370786516854,10,1.0,1,none,0,0,0,0.9517809999124438,113,41,41,113,10,8,0,0
wine,9,medium,PACER-A,178,13,10,41,0.2303370786516854,10,1.0,1,none,0,0,0,0.8740319999560597,40,37,40,40,8,6,1,0
wine,9,medium,PACER-C,178,13,10,41,0.2303370786516854,10,1.0,1,none,0,0,0,0.6270250000852684,40,37,40,40,8,6,1,0
wine,9,medium,PACER-X,178,13,10,41,0.2303370786516854,10,1.0,1,none,0,0,0,0.6593240000256628,40,37,40,40,8,6,1,0
wine,9,medium,StaleNoRecheck,178,13,10,41,0.2303370786516854,10,1.0,1,none,0,0,0,0.6154319999041036,107,43,107,107,0,8,0,0
wine,9,medium,NaiveNoPolicy,178,13,10,41,0.2303370786516854,10,0.7,0,ranking_truncation,3,1,0,0.06394000001819222,107,107,107,0,0,8,0,0
wine,10,narrow,ExactSecure,178,13,10,10,0.056179775280898875,10,1.0,1,none,0,0,0,0.24909299986575206,178,10,10,178,0,0,1,0
wine,10,narrow,PostFilter-IVF,178,13,10,10,0.056179775280898875,8,0.8,0,candidate_starvation,0,0,0,0.21617299989884486,118,8,118,118,0,8,0,0
wine,10,narrow,AdaptivePostFilter-IVF,178,13,10,10,0.056179775280898875,10,1.0,1,none,0,0,0,0.7285789999968983,178,10,178,178,0,12,0,0
wine,10,narrow,TenantPartition-IVF,178,13,10,10,0.056179775280898875,8,0.8,0,candidate_starvation,0,0,0,0.1967329999388312,118,8,118,118,0,8,0,0
wine,10,narrow,PreFilter-IVF,178,13,10,10,0.056179775280898875,10,1.0,1,none,0,0,0,0.3280739999809157,52,10,10,52,12,3,0,0
wine,10,narrow,PACER-A,178,13,10,10,0.056179775280898875,10,1.0,1,none,0,0,0,0.3087539998887223,10,10,10,10,8,3,1,0
wine,10,narrow,PACER-C,178,13,10,10,0.056179775280898875,10,1.0,1,none,0,0,0,0.29052700006104715,10,10,10,10,8,3,1,0
wine,10,narrow,PACER-X,178,13,10,10,0.056179775280898875,10,1.0,1,none,0,0,0,0.28797300001315307,10,10,10,10,8,3,1,0
wine,10,narrow,StaleNoRecheck,178,13,10,10,0.056179775280898875,8,0.8,0,candidate_starvation,0,0,0,0.24194299999180657,118,8,118,118,0,8,0,0
wine,10,narrow,NaiveNoPolicy,178,13,10,10,0.056179775280898875,10,0.3,0,ranking_truncation,7,0,0,0.07505299981858116,118,118,118,0,0,8,0,0
wine,11,cold,ExactSecure,178,13,10,2,0.011235955056179775,2,1.0,1,none,0,0,0,0.2111750000040047,178,2,2,178,0,0,1,0
wine,11,cold,PostFilter-IVF,178,13,10,2,0.011235955056179775,2,1.0,1,none,0,0,0,0.19062000001213164,116,2,116,116,0,8,0,0
wine,11,cold,AdaptivePostFilter-IVF,178,13,10,2,0.011235955056179775,2,1.0,1,none,0,0,0,0.7582619998629525,178,2,178,178,0,12,0,0
wine,11,cold,TenantPartition-IVF,178,13,10,2,0.011235955056179775,2,1.0,1,none,0,0,0,0.18669700011741952,116,2,116,116,0,8,0,0
wine,11,cold,PreFilter-IVF,178,13,10,2,0.011235955056179775,2,1.0,1,none,0,0,0,0.13372100011110888,15,2,2,15,12,1,0,0
wine,11,cold,PACER-A,178,13,10,2,0.011235955056179775,2,1.0,1,none,0,0,0,0.11861600000884209,2,2,2,2,1,1,1,0
wine,11,cold,PACER-C,178,13,10,2,0.011235955056179775,2,1.0,1,none,0,0,0,0.1130269999976008,2,2,2,2,1,1,1,0
wine,11,cold,PACER-X,178,13,10,2,0.011235955056179775,2,1.0,1,none,0,0,0,0.11057899996558263,2,2,2,2,1,1,1,0
wine,11,cold,StaleNoRecheck,178,13,10,2,0.011235955056179775,2,1.0,1,none,0,0,0,0.18249499999001273,116,2,116,116,0,8,0,0
wine,11,cold,NaiveNoPolicy,178,13,10,2,0.011235955056179775,10,1.0,0,ranking_truncation,8,1,7,0.11057899996558263,116,116,116,0,0,8,0,0
wine,12,broad,ExactSecure,178,13,10,163,0.9157303370786517,10,1.0,1,none,0,0,0,0.22801000000072236,178,163,163,178,0,0,1,0
wine,12,broad,PostFilter-IVF,178,13,10,163,0.9157303370786517,10,1.0,1,none,0,0,0,0.19356100006007182,107,98,107,107,0,8,0,0
wine,12,broad,AdaptivePostFilter-IVF,178,13,10,163,0.9157303370786517,10,1.0,1,none,0,0,0,0.713965000159078,178,163,178,178,0,12,0,0
wine,12,broad,TenantPartition-IVF,178,13,10,163,0.9157303370786517,10,1.0,1,none,0,0,0,0.24754499986556766,107,98,107,107,0,8,0,0
wine,12,broad,PreFilter-IVF,178,13,10,163,0.9157303370786517,10,1.0,1,none,0,0,0,2.279555000086475,107,98,98,107,8,8,0,0
wine,12,broad,PACER-A,178,13,10,163,0.9157303370786517,10,1.0,1,none,0,0,0,1.609665999922072,107,98,107,107,8,8,1,0
wine,12,broad,PACER-C,178,13,10,163,0.9157303370786517,10,1.0,1,none,0,0,0,0.6172180001158267,107,98,107,107,8,8,1,0
wine,12,broad,PACER-X,178,13,10,163,0.9157303370786517,10,1.0,1,none,0,0,0,0.6874410000818898,107,98,107,107,8,8,1,0
wine,12,broad,StaleNoRecheck,178,13,10,163,0.9157303370786517,10,0.8,0,ranking_truncation,0,2,0,0.128080999957092,107,107,107,107,0,8,0,0
wine,12,broad,NaiveNoPolicy,178,13,10,163,0.9157303370786517,10,0.8,0,ranking_truncation,0,2,0,0.0677689999974973,107,107,107,0,0,8,0,0
wine,13,medium,ExactSecure,178,13,10,32,0.1797752808988764,10,1.0,1,none,0,0,0,0.12985900002604467,178,32,32,178,0,0,1,0
wine,13,medium,PostFilter-IVF,178,13,10,32,0.1797752808988764,10,1.0,1,none,0,0,0,0.13053399993623316,101,20,101,101,0,8,0,0
wine,13,medium,AdaptivePostFilter-IVF,178,13,10,32,0.1797752808988764,10,1.0,1,none,0,0,0,0.5455939999592374,178,32,178,178,0,12,0,0
wine,13,medium,TenantPartition-IVF,178,13,10,32,0.1797752808988764,10,1.0,1,none,0,0,0,0.14300099996944482,101,20,101,101,0,8,0,0
wine,13,medium,PreFilter-IVF,178,13,10,32,0.1797752808988764,10,1.0,1,none,0,0,0,0.5053690001659561,114,26,26,114,8,8,0,0
wine,13,medium,PACER-A,178,13,10,32,0.1797752808988764,10,1.0,1,none,0,0,0,0.7098230000792682,35,32,35,35,10,10,1,0
wine,13,medium,PACER-C,178,13,10,32,0.1797752808988764,10,1.0,1,none,0,0,0,0.6383679999544256,35,32,35,35,10,10,1,0
wine,13,medium,PACER-X,178,13,10,32,0.1797752808988764,10,1.0,1,none,0,0,0,0.6657189999259572,35,32,35,35,10,10,1,0
wine,13,medium,StaleNoRecheck,178,13,10,32,0.1797752808988764,10,0.7,0,ranking_truncation,0,3,0,0.1265769999463373,101,23,101,101,0,8,0,0
wine,13,medium,NaiveNoPolicy,178,13,10,32,0.1797752808988764,10,0.1,0,ranking_truncation,9,1,0,0.061999000081414124,101,101,101,0,0,8,0,0
wine,14,narrow,ExactSecure,178,13,10,10,0.056179775280898875,10,1.0,1,none,0,0,0,0.2212890001374035,178,10,10,178,0,0,1,0
wine,14,narrow,PostFilter-IVF,178,13,10,10,0.056179775280898875,8,0.8,0,candidate_starvation,0,0,0,0.13267700001051708,113,8,113,113,0,8,0,0
wine,14,narrow,AdaptivePostFilter-IVF,178,13,10,10,0.056179775280898875,10,1.0,1,none,0,0,0,0.5333879998943303,178,10,178,178,0,12,0,0
wine,14,narrow,TenantPartition-IVF,178,13,10,10,0.056179775280898875,8,0.8,0,candidate_starvation,0,0,0,0.18974199997501273,113,8,113,113,0,8,0,0
wine,14,narrow,PreFilter-IVF,178,13,10,10,0.056179775280898875,10,1.0,1,none,0,0,0,0.26635799986252096,52,10,10,52,12,3,0,0
wine,14,narrow,PACER-A,178,13,10,10,0.056179775280898875,10,1.0,1,none,0,0,0,0.2415800001926982,10,10,10,10,10,3,1,0
wine,14,narrow,PACER-C,178,13,10,10,0.056179775280898875,10,1.0,1,none,0,0,0,0.2139260000149079,10,10,10,10,10,3,1,0
wine,14,narrow,PACER-X,178,13,10,10,0.056179775280898875,10,1.0,1,none,0,0,0,0.21801000002596993,10,10,10,10,10,3,1,0
wine,14,narrow,StaleNoRecheck,178,13,10,10,0.056179775280898875,8,0.8,0,candidate_starvation,0,0,0,0.11942600008296722,113,8,113,113,0,8,0,0
wine,14,narrow,NaiveNoPolicy,178,13,10,10,0.056179775280898875,10,0.2,0,ranking_truncation,8,0,1,0.06992599992372561,113,113,113,0,0,8,0,0
wine,15,cold,ExactSecure,178,13,10,9,0.05056179775280899,9,1.0,1,none,0,0,0,0.13298799990479893,178,9,9,178,0,0,1,0
wine,15,cold,PostFilter-IVF,178,13,10,9,0.05056179775280899,9,1.0,1,none,0,0,0,0.1369249998788291,125,9,125,125,0,8,0,0
wine,15,cold,AdaptivePostFilter-IVF,178,13,10,9,0.05056179775280899,9,1.0,1,none,0,0,0,0.46478700005536666,178,9,178,178,0,12,0,0
wine,15,cold,TenantPartition-IVF,178,13,10,9,0.05056179775280899,9,1.0,1,none,0,0,0,0.13902800014875538,125,9,125,125,0,8,0,0
wine,15,cold,PreFilter-IVF,178,13,10,9,0.05056179775280899,9,1.0,1,none,0,0,0,0.1754800000526302,46,9,9,46,12,2,0,0
wine,15,cold,PACER-A,178,13,10,9,0.05056179775280899,9,1.0,1,none,0,0,0,0.40461899993715633,9,9,9,9,3,2,1,0
wine,15,cold,PACER-C,178,13,10,9,0.05056179775280899,9,1.0,1,none,0,0,0,0.2073370001198782,9,9,9,9,3,2,1,0
wine,15,cold,PACER-X,178,13,10,9,0.05056179775280899,9,1.0,1,none,0,0,0,0.16960099992502364,9,9,9,9,3,2,1,0
wine,15,cold,StaleNoRecheck,178,13,10,9,0.05056179775280899,9,1.0,1,none,0,0,0,0.15455299990208005,125,9,125,125,0,8,0,0
wine,15,cold,NaiveNoPolicy,178,13,10,9,0.05056179775280899,10,0.1111111111111111,0,ranking_truncation,9,2,0,0.07190399992396124,125,125,125,0,0,8,0,0
wine,16,broad,ExactSecure,178,13,10,164,0.9213483146067416,10,1.0,1,none,0,0,0,0.17954700001610036,178,164,164,178,0,0,1,0
wine,16,broad,PostFilter-IVF,178,13,10,164,0.9213483146067416,10,1.0,1,none,0,0,0,0.15675600002396095,107,97,107,107,0,8,0,0
wine,16,broad,AdaptivePostFilter-IVF,178,13,10,164,0.9213483146067416,10,1.0,1,none,0,0,0,0.5119540001032874,178,164,178,178,0,12,0,0
wine,16,broad,TenantPartition-IVF,178,13,10,164,0.9213483146067416,10,1.0,1,none,0,0,0,0.14984099993853306,107,97,107,107,0,8,0,0
wine,16,broad,PreFilter-IVF,178,13,10,164,0.9213483146067416,10,1.0,1,none,0,0,0,1.5358880000349018,107,97,97,107,8,8,0,0
wine,16,broad,PACER-A,178,13,10,164,0.9213483146067416,10,1.0,1,none,0,0,0,0.6914900000083435,107,97,107,107,8,8,1,0
wine,16,broad,PACER-C,178,13,10,164,0.9213483146067416,10,1.0,1,none,0,0,0,0.6431609999708598,107,97,107,107,8,8,1,0
wine,16,broad,PACER-X,178,13,10,164,0.9213483146067416,10,1.0,1,none,0,0,0,0.6296640001437481,107,97,107,107,8,8,1,0
wine,16,broad,StaleNoRecheck,178,13,10,164,0.9213483146067416,10,0.9,0,ranking_truncation,0,1,0,0.1277989999834972,107,107,107,107,0,8,0,0
wine,16,broad,NaiveNoPolicy,178,13,10,164,0.9213483146067416,10,0.9,0,ranking_truncation,0,1,0,0.06409200000234705,107,107,107,0,0,8,0,0
wine,17,medium,ExactSecure,178,13,10,35,0.19662921348314608,10,1.0,1,none,0,0,0,0.13264400013213162,178,35,35,178,0,0,1,0
wine,17,medium,PostFilter-IVF,178,13,10,35,0.19662921348314608,10,1.0,1,none,0,0,0,0.13226999999460531,101,31,101,101,0,8,0,0
wine,17,medium,AdaptivePostFilter-IVF,178,13,10,35,0.19662921348314608,10,1.0,1,none,0,0,0,0.4856769999150856,178,35,178,178,0,12,0,0
wine,17,medium,TenantPartition-IVF,178,13,10,35,0.19662921348314608,10,1.0,1,none,0,0,0,0.16733500001464563,101,31,101,101,0,8,0,0
wine,17,medium,PreFilter-IVF,178,13,10,35,0.19662921348314608,10,1.0,1,none,0,0,0,0.5334060001587204,133,35,35,133,9,8,0,0
wine,17,medium,PACER-A,178,13,10,35,0.19662921348314608,10,1.0,1,none,0,0,0,0.545943999895826,36,34,36,36,8,7,1,0
wine,17,medium,PACER-C,178,13,10,35,0.19662921348314608,10,1.0,1,none,0,0,0,0.52848600012112,36,34,36,36,8,7,1,0
wine,17,medium,PACER-X,178,13,10,35,0.19662921348314608,10,1.0,1,none,0,0,0,0.5160199998499593,36,34,36,36,8,7,1,0
wine,17,medium,StaleNoRecheck,178,13,10,35,0.19662921348314608,10,1.0,1,none,0,0,0,0.12327900003583636,101,33,101,101,0,8,0,0
wine,17,medium,NaiveNoPolicy,178,13,10,35,0.19662921348314608,10,0.6,0,ranking_truncation,4,0,0,0.06051299988030223,101,101,101,0,0,8,0,0
wine,18,narrow,ExactSecure,178,13,10,14,0.07865168539325842,10,1.0,1,none,0,0,0,0.13095999997858598,178,14,14,178,0,0,1,0
wine,18,narrow,PostFilter-IVF,178,13,10,14,0.07865168539325842,10,1.0,1,none,0,0,0,0.1318869999522576,107,14,107,107,0,8,0,0
wine,18,narrow,AdaptivePostFilter-IVF,178,13,10,14,0.07865168539325842,10,1.0,1,none,0,0,0,0.4946310000377707,178,14,178,178,0,12,0,0
wine,18,narrow,TenantPartition-IVF,178,13,10,14,0.07865168539325842,10,1.0,1,none,0,0,0,0.12908500002595247,107,14,107,107,0,8,0,0
wine,18,narrow,PreFilter-IVF,178,13,10,14,0.07865168539325842,10,1.0,1,none,0,0,0,0.3017730000465235,65,14,14,65,12,4,0,0
wine,18,narrow,PACER-A,178,13,10,14,0.07865168539325842,10,1.0,1,none,0,0,0,0.3286789999492612,15,14,15,15,5,4,1,0
wine,18,narrow,PACER-C,178,13,10,14,0.07865168539325842,10,1.0,1,none,0,0,0,0.3019979999407951,15,14,15,15,5,4,1,0
wine,18,narrow,PACER-X,178,13,10,14,0.07865168539325842,10,1.0,1,none,0,0,0,0.3212139999959618,15,14,15,15,5,4,1,0
wine,18,narrow,StaleNoRecheck,178,13,10,14,0.07865168539325842,10,1.0,1,none,0,0,0,0.20624099988708622,107,15,107,107,0,8,0,0
wine,18,narrow,NaiveNoPolicy,178,13,10,14,0.07865168539325842,10,0.3,0,ranking_truncation,7,0,3,0.08477699998366006,107,107,107,0,0,8,0,0
wine,19,cold,ExactSecure,178,13,10,1,0.0056179775280898875,1,1.0,1,none,0,0,0,0.17836199981502432,178,1,1,178,0,0,1,0
wine,19,cold,PostFilter-IVF,178,13,10,1,0.0056179775280898875,1,1.0,1,none,0,0,0,0.15028899997560075,136,1,136,136,0,8,0,0
wine,19,cold,AdaptivePostFilter-IVF,178,13,10,1,0.0056179775280898875,1,1.0,1,none,0,0,0,0.47186500000862,178,1,178,178,0,12,0,0
wine,19,cold,TenantPartition-IVF,178,13,10,1,0.0056179775280898875,1,1.0,1,none,0,0,0,0.14920299986442842,136,1,136,136,0,8,0,0
wine,19,cold,PreFilter-IVF,178,13,10,1,0.0056179775280898875,1,1.0,1,none,0,0,0,0.1280690000839968,26,1,1,26,12,1,0,0
wine,19,cold,PACER-A,178,13,10,1,0.0056179775280898875,1,1.0,1,none,0,0,0,0.0917770000796736,1,1,1,1,1,1,1,0
wine,19,cold,PACER-C,178,13,10,1,0.0056179775280898875,1,1.0,1,none,0,0,0,0.08241699993050133,1,1,1,1,1,1,1,0
wine,19,cold,PACER-X,178,13,10,1,0.0056179775280898875,1,1.0,1,none,0,0,0,0.08152800000971183,1,1,1,1,1,1,1,0
wine,19,cold,StaleNoRecheck,178,13,10,1,0.0056179775280898875,1,1.0,1,none,0,0,0,0.12993099994673685,136,1,136,136,0,8,0,0
wine,19,cold,NaiveNoPolicy,178,13,10,1,0.0056179775280898875,10,1.0,0,ranking_truncation,9,1,1,0.06252499997572158,136,136,136,0,0,8,0,0
wine,20,broad,ExactSecure,178,13,10,166,0.9325842696629213,10,1.0,1,none,0,0,0,0.14370099984262197,178,166,166,178,0,0,1,0
wine,20,broad,PostFilter-IVF,178,13,10,166,0.9325842696629213,10,1.0,1,none,0,0,0,0.22758000000067113,115,108,115,115,0,8,0,0
wine,20,broad,AdaptivePostFilter-IVF,178,13,10,166,0.9325842696629213,10,1.0,1,none,0,0,0,0.5028939999647264,178,166,178,178,0,12,0,0
wine,20,broad,TenantPartition-IVF,178,13,10,166,0.9325842696629213,10,1.0,1,none,0,0,0,0.1536330000817543,115,108,115,115,0,8,0,0
wine,20,broad,PreFilter-IVF,178,13,10,166,0.9325842696629213,10,1.0,1,none,0,0,0,1.5298220000659057,128,118,118,128,8,8,0,0
wine,20,broad,PACER-A,178,13,10,166,0.9325842696629213,10,1.0,1,none,0,0,0,0.814812000044185,119,109,119,119,7,7,1,0
wine,20,broad,PACER-C,178,13,10,166,0.9325842696629213,10,1.0,1,none,0,0,0,0.6755750000593252,119,109,119,119,7,7,1,0
wine,20,broad,PACER-X,178,13,10,166,0.9325842696629213,10,1.0,1,none,0,0,0,0.5797320000056061,119,109,119,119,7,7,1,0
wine,20,broad,StaleNoRecheck,178,13,10,166,0.9325842696629213,10,0.8,0,ranking_truncation,0,2,0,0.13944700003776234,115,115,115,115,0,8,0,0
wine,20,broad,NaiveNoPolicy,178,13,10,166,0.9325842696629213,10,0.8,0,ranking_truncation,0,2,0,0.05841600000167091,115,115,115,0,0,8,0,0
wine,21,medium,ExactSecure,178,13,10,54,0.30337078651685395,10,1.0,1,none,0,0,0,0.14687999987472722,178,54,54,178,0,0,1,0
wine,21,medium,PostFilter-IVF,178,13,10,54,0.30337078651685395,10,1.0,1,none,0,0,0,0.13844299996890186,111,40,111,111,0,8,0,0
wine,21,medium,AdaptivePostFilter-IVF,178,13,10,54,0.30337078651685395,10,1.0,1,none,0,0,0,0.48660499987818184,178,54,178,178,0,12,0,0
wine,21,medium,TenantPartition-IVF,178,13,10,54,0.30337078651685395,10,1.0,1,none,0,0,0,0.16831499988256837,111,40,111,111,0,8,0,0
wine,21,medium,PreFilter-IVF,178,13,10,54,0.30337078651685395,10,1.0,1,none,0,0,0,0.5465650001497124,101,46,46,101,10,8,0,0
wine,21,medium,PACER-A,178,13,10,54,0.30337078651685395,10,1.0,1,none,0,0,0,0.5993439999656403,45,41,45,45,8,7,1,0
wine,21,medium,PACER-C,178,13,10,54,0.30337078651685395,10,1.0,1,none,0,0,0,0.522499999988213,45,41,45,45,8,7,1,0
wine,21,medium,PACER-X,178,13,10,54,0.30337078651685395,10,1.0,1,none,0,0,0,0.5096859999866865,45,41,45,45,8,7,1,0
wine,21,medium,StaleNoRecheck,178,13,10,54,0.30337078651685395,10,1.0,1,none,0,0,0,0.12986499996259226,111,44,111,111,0,8,0,0
wine,21,medium,NaiveNoPolicy,178,13,10,54,0.30337078651685395,10,0.9,0,ranking_truncation,1,0,0,0.05441200005407154,111,111,111,0,0,8,0,0
wine,22,narrow,ExactSecure,178,13,10,9,0.05056179775280899,9,1.0,1,none,0,0,0,0.12986999990971526,178,9,9,178,0,0,1,0
wine,22,narrow,PostFilter-IVF,178,13,10,9,0.05056179775280899,9,1.0,1,none,0,0,0,0.1477219998378132,136,9,136,136,0,8,0,0
wine,22,narrow,AdaptivePostFilter-IVF,178,13,10,9,0.05056179775280899,9,1.0,1,none,0,0,0,0.5347790001906105,178,9,178,178,0,12,0,0
wine,22,narrow,TenantPartition-IVF,178,13,10,9,0.05056179775280899,9,1.0,1,none,0,0,0,0.13491599997905723,136,9,136,136,0,8,0,0
wine,22,narrow,PreFilter-IVF,178,13,10,9,0.05056179775280899,9,1.0,1,none,0,0,0,0.1824430000851862,52,9,9,52,12,3,0,0
wine,22,narrow,PACER-A,178,13,10,9,0.05056179775280899,9,1.0,1,none,0,0,0,0.2617539998936991,10,9,10,10,4,3,1,0
wine,22,narrow,PACER-C,178,13,10,9,0.05056179775280899,9,1.0,1,none,0,0,0,0.21303999983501853,10,9,10,10,4,3,1,0
wine,22,narrow,PACER-X,178,13,10,9,0.05056179775280899,9,1.0,1,none,0,0,0,0.20532400003503426,10,9,10,10,4,3,1,0
wine,22,narrow,StaleNoRecheck,178,13,10,9,0.05056179775280899,10,1.0,0,ranking_truncation,0,1,0,0.14221499986888375,136,10,136,136,0,8,0,0
wine,22,narrow,NaiveNoPolicy,178,13,10,9,0.05056179775280899,10,0.2222222222222222,0,ranking_truncation,8,1,0,0.07934999985081959,136,136,136,0,0,8,0,0
wine,23,cold,ExactSecure,178,13,10,4,0.02247191011235955,4,1.0,1,none,0,0,0,0.1229879999300465,178,4,4,178,0,0,1,0
wine,23,cold,PostFilter-IVF,178,13,10,4,0.02247191011235955,4,1.0,1,none,0,0,0,0.13396800000009534,118,4,118,118,0,8,0,0
wine,23,cold,AdaptivePostFilter-IVF,178,13,10,4,0.02247191011235955,4,1.0,1,none,0,0,0,0.46595100002377876,178,4,178,178,0,12,0,0
wine,23,cold,TenantPartition-IVF,178,13,10,4,0.02247191011235955,4,1.0,1,none,0,0,0,0.2487260001089453,118,4,118,118,0,8,0,0
wine,23,cold,PreFilter-IVF,178,13,10,4,0.02247191011235955,4,1.0,1,none,0,0,0,0.1762639999469684,16,4,4,16,12,1,0,0
wine,23,cold,PACER-A,178,13,10,4,0.02247191011235955,4,1.0,1,none,0,0,0,0.1434480000170879,4,4,4,4,1,1,1,0
wine,23,cold,PACER-C,178,13,10,4,0.02247191011235955,4,1.0,1,none,0,0,0,0.15046099997562123,4,4,4,4,1,1,1,0
wine,23,cold,PACER-X,178,13,10,4,0.02247191011235955,4,1.0,1,none,0,0,0,0.13662599985764246,4,4,4,4,1,1,1,0
wine,23,cold,StaleNoRecheck,178,13,10,4,0.02247191011235955,4,1.0,1,none,0,0,0,0.21983300007377693,118,4,118,118,0,8,0,0
wine,23,cold,NaiveNoPolicy,178,13,10,4,0.02247191011235955,10,0.5,0,ranking_truncation,8,1,0,0.0876349999998638,118,118,118,0,0,8,0,0
wine,24,broad,ExactSecure,178,13,10,163,0.9157303370786517,10,1.0,1,none,0,0,0,0.28527099993880256,178,163,163,178,0,0,1,0
wine,24,broad,PostFilter-IVF,178,13,10,163,0.9157303370786517,10,1.0,1,none,0,0,0,0.20939800015185028,109,102,109,109,0,8,0,0
wine,24,broad,AdaptivePostFilter-IVF,178,13,10,163,0.9157303370786517,10,1.0,1,none,0,0,0,0.7319240000924765,178,163,178,178,0,12,0,0
wine,24,broad,TenantPartition-IVF,178,13,10,163,0.9157303370786517,10,1.0,1,none,0,0,0,0.2256219997889275,109,102,109,109,0,8,0,0
wine,24,broad,PreFilter-IVF,178,13,10,163,0.9157303370786517,10,1.0,1,none,0,0,0,2.0832050001899916,113,104,104,113,8,8,0,0
wine,24,broad,PACER-A,178,13,10,163,0.9157303370786517,10,1.0,1,none,0,0,0,1.1269050000919378,159,144,159,159,10,10,1,0
wine,24,broad,PACER-C,178,13,10,163,0.9157303370786517,10,1.0,1,none,0,0,0,1.09305899991341,159,144,159,159,10,10,1,0
wine,24,broad,PACER-X,178,13,10,163,0.9157303370786517,10,1.0,1,none,0,0,0,1.0769390000859858,159,144,159,159,10,10,1,0
wine,24,broad,StaleNoRecheck,178,13,10,163,0.9157303370786517,10,1.0,1,none,0,0,0,0.18740900009106554,109,109,109,109,0,8,0,0
wine,24,broad,NaiveNoPolicy,178,13,10,163,0.9157303370786517,10,1.0,1,none,0,0,0,0.07636599980287428,109,109,109,0,0,8,0,0
wine,25,medium,ExactSecure,178,13,10,45,0.25280898876404495,10,1.0,1,none,0,0,0,0.20760500001415494,178,45,45,178,0,0,1,0
wine,25,medium,PostFilter-IVF,178,13,10,45,0.25280898876404495,10,1.0,1,none,0,0,0,0.20714799984489218,110,34,110,110,0,8,0,0
wine,25,medium,AdaptivePostFilter-IVF,178,13,10,45,0.25280898876404495,10,1.0,1,none,0,0,0,0.7111740001164435,178,45,178,178,0,12,0,0
wine,25,medium,TenantPartition-IVF,178,13,10,45,0.25280898876404495,10,1.0,1,none,0,0,0,0.22407100004784297,110,34,110,110,0,8,0,0
wine,25,medium,PreFilter-IVF,178,13,10,45,0.25280898876404495,10,1.0,1,none,0,0,0,0.8082470001227193,110,34,34,110,8,8,0,0
wine,25,medium,PACER-A,178,13,10,45,0.25280898876404495,10,1.0,1,none,0,0,0,0.46215399993343453,31,29,31,31,6,6,1,0
wine,25,medium,PACER-C,178,13,10,45,0.25280898876404495,10,1.0,1,none,0,0,0,0.44693099994219665,31,29,31,31,6,6,1,0
wine,25,medium,PACER-X,178,13,10,45,0.25280898876404495,10,1.0,1,none,0,0,0,0.4253260001405579,31,29,31,31,6,6,1,0
wine,25,medium,StaleNoRecheck,178,13,10,45,0.25280898876404495,10,0.8,0,ranking_truncation,0,2,0,0.1270849998036283,110,37,110,110,0,8,0,0
wine,25,medium,NaiveNoPolicy,178,13,10,45,0.25280898876404495,10,0.6,0,ranking_truncation,2,2,0,0.05295500000102038,110,110,110,0,0,8,0,0
wine,26,narrow,ExactSecure,178,13,10,4,0.02247191011235955,4,1.0,1,none,0,0,0,0.11951500005125126,178,4,4,178,0,0,1,0
wine,26,narrow,PostFilter-IVF,178,13,10,4,0.02247191011235955,4,1.0,1,none,0,0,0,0.1456640000014886,131,4,131,131,0,8,0,0
wine,26,narrow,AdaptivePostFilter-IVF,178,13,10,4,0.02247191011235955,4,1.0,1,none,0,0,0,0.46461900001304457,178,4,178,178,0,12,0,0
wine,26,narrow,TenantPartition-IVF,178,13,10,4,0.02247191011235955,4,1.0,1,none,0,0,0,0.16365000010409858,131,4,131,131,0,8,0,0
wine,26,narrow,PreFilter-IVF,178,13,10,4,0.02247191011235955,4,1.0,1,none,0,0,0,0.20118699990234745,46,4,4,46,12,2,0,0
wine,26,narrow,PACER-A,178,13,10,4,0.02247191011235955,4,1.0,1,none,0,0,0,0.16971099989859795,5,4,5,5,2,2,1,0
wine,26,narrow,PACER-C,178,13,10,4,0.02247191011235955,4,1.0,1,none,0,0,0,0.1517410000815289,5,4,5,5,2,2,1,0
wine,26,narrow,PACER-X,178,13,10,4,0.02247191011235955,4,1.0,1,none,0,0,0,0.14846199997009535,5,4,5,5,2,2,1,0
wine,26,narrow,StaleNoRecheck,178,13,10,4,0.02247191011235955,5,1.0,0,ranking_truncation,0,1,0,0.13903700005357678,131,5,131,131,0,8,0,0
wine,26,narrow,NaiveNoPolicy,178,13,10,4,0.02247191011235955,10,0.5,0,ranking_truncation,8,0,0,0.06146500004433619,131,131,131,0,0,8,0,0
wine,27,cold,ExactSecure,178,13,10,17,0.09550561797752809,10,1.0,1,none,0,0,0,0.12822000007872703,178,17,17,178,0,0,1,0
wine,27,cold,PostFilter-IVF,178,13,10,17,0.09550561797752809,10,1.0,1,none,0,0,0,0.13136999996277154,108,17,108,108,0,8,0,0
wine,27,cold,AdaptivePostFilter-IVF,178,13,10,17,0.09550561797752809,10,1.0,1,none,0,0,0,0.4718640000191954,178,17,178,178,0,12,0,0
wine,27,cold,TenantPartition-IVF,178,13,10,17,0.09550561797752809,10,1.0,1,none,0,0,0,0.12360000005173788,108,17,108,108,0,8,0,0
wine,27,cold,PreFilter-IVF,178,13,10,17,0.09550561797752809,10,1.0,1,none,0,0,0,0.14265799995882844,46,17,17,46,12,2,0,0
wine,27,cold,PACER-A,178,13,10,17,0.09550561797752809,10,1.0,1,none,0,0,0,0.16971500008367002,17,17,17,17,2,2,1,0
wine,27,cold,PACER-C,178,13,10,17,0.09550561797752809,10,1.0,1,none,0,0,0,0.17203100014739903,17,17,17,17,2,2,1,0
wine,27,cold,PACER-X,178,13,10,17,0.09550561797752809,10,1.0,1,none,0,0,0,0.16319099995598663,17,17,17,17,2,2,1,0
wine,27,cold,StaleNoRecheck,178,13,10,17,0.09550561797752809,10,1.0,1,none,0,0,0,0.11996199987152067,108,17,108,108,0,8,0,0
wine,27,cold,NaiveNoPolicy,178,13,10,17,0.09550561797752809,10,0.7,0,ranking_truncation,3,0,0,0.0834850000046572,108,108,108,0,0,8,0,0
wine,28,broad,ExactSecure,178,13,10,166,0.9325842696629213,10,1.0,1,none,0,0,0,0.15428500000780332,178,166,166,178,0,0,1,0
wine,28,broad,PostFilter-IVF,178,13,10,166,0.9325842696629213,10,1.0,1,none,0,0,0,0.14213800000106858,118,111,118,118,0,8,0,0
wine,28,broad,AdaptivePostFilter-IVF,178,13,10,166,0.9325842696629213,10,1.0,1,none,0,0,0,0.5120690000239847,178,166,178,178,0,12,0,0
wine,28,broad,TenantPartition-IVF,178,13,10,166,0.9325842696629213,10,1.0,1,none,0,0,0,0.154458999986673,118,111,118,118,0,8,0,0
wine,28,broad,PreFilter-IVF,178,13,10,166,0.9325842696629213,10,1.0,1,none,0,0,0,1.0703949999424367,128,118,118,128,8,8,0,0
wine,28,broad,PACER-A,178,13,10,166,0.9325842696629213,10,1.0,1,none,0,0,0,0.7548819999101397,142,131,142,142,9,9,1,0
wine,28,broad,PACER-C,178,13,10,166,0.9325842696629213,10,1.0,1,none,0,0,0,0.7198089999747026,142,131,142,142,9,9,1,0
wine,28,broad,PACER-X,178,13,10,166,0.9325842696629213,10,1.0,1,none,0,0,0,0.7192670000222279,142,131,142,142,9,9,1,0
wine,28,broad,StaleNoRecheck,178,13,10,166,0.9325842696629213,10,0.8,0,ranking_truncation,0,2,0,0.1290650000100868,118,118,118,118,0,8,0,0
wine,28,broad,NaiveNoPolicy,178,13,10,166,0.9325842696629213,10,0.8,0,ranking_truncation,0,2,0,0.0532319998001185,118,118,118,0,0,8,0,0
wine,29,medium,ExactSecure,178,13,10,36,0.20224719101123595,10,1.0,1,none,0,0,0,0.12914700005239865,178,36,36,178,0,0,1,0
wine,29,medium,PostFilter-IVF,178,13,10,36,0.20224719101123595,10,0.9,0,ranking_truncation,0,0,0,0.1446560002023034,107,27,107,107,0,8,0,0
wine,29,medium,AdaptivePostFilter-IVF,178,13,10,36,0.20224719101123595,10,1.0,1,none,0,0,0,0.481791000083831,178,36,178,178,0,12,0,0
wine,29,medium,TenantPartition-IVF,178,13,10,36,0.20224719101123595,10,0.9,0,ranking_truncation,0,0,0,0.14626600000156031,107,27,107,107,0,8,0,0
wine,29,medium,PreFilter-IVF,178,13,10,36,0.20224719101123595,10,1.0,1,none,0,0,0,0.45532600006481516,126,30,30,126,10,8,0,0
wine,29,medium,PACER-A,178,13,10,36,0.20224719101123595,10,1.0,1,none,0,0,0,0.6882269999550772,41,36,41,41,12,10,1,0
wine,29,medium,PACER-C,178,13,10,36,0.20224719101123595,10,1.0,1,none,0,0,0,0.6693600000744482,41,36,41,41,12,10,1,0
wine,29,medium,PACER-X,178,13,10,36,0.20224719101123595,10,1.0,1,none,0,0,0,0.6897759999446862,41,36,41,41,12,10,1,0
wine,29,medium,StaleNoRecheck,178,13,10,36,0.20224719101123595,10,0.8,0,ranking_truncation,0,2,0,0.12298900014684477,107,31,107,107,0,8,0,0
wine,29,medium,NaiveNoPolicy,178,13,10,36,0.20224719101123595,10,0.3,0,ranking_truncation,6,1,0,0.05192100002204825,107,107,107,0,0,8,0,0
wine,30,narrow,ExactSecure,178,13,10,7,0.03932584269662921,7,1.0,1,none,0,0,0,0.11955899981330731,178,7,7,178,0,0,1,0
wine,30,narrow,PostFilter-IVF,178,13,10,7,0.03932584269662921,7,1.0,1,none,0,0,0,0.12324600015745091,108,7,108,108,0,8,0,0
wine,30,narrow,AdaptivePostFilter-IVF,178,13,10,7,0.03932584269662921,7,1.0,1,none,0,0,0,0.4679660000874719,178,7,178,178,0,12,0,0
wine,30,narrow,TenantPartition-IVF,178,13,10,7,0.03932584269662921,7,1.0,1,none,0,0,0,0.11627200001385063,108,7,108,108,0,8,0,0
wine,30,narrow,PreFilter-IVF,178,13,10,7,0.03932584269662921,7,1.0,1,none,0,0,0,0.13959900002191716,46,7,7,46,12,2,0,0
wine,30,narrow,PACER-A,178,13,10,7,0.03932584269662921,7,1.0,1,none,0,0,0,0.15553899993392406,7,7,7,7,2,2,1,0
wine,30,narrow,PACER-C,178,13,10,7,0.03932584269662921,7,1.0,1,none,0,0,0,0.14953099980630213,7,7,7,7,2,2,1,0
wine,30,narrow,PACER-X,178,13,10,7,0.03932584269662921,7,1.0,1,none,0,0,0,0.15361100008703943,7,7,7,7,2,2,1,0
wine,30,narrow,StaleNoRecheck,178,13,10,7,0.03932584269662921,7,1.0,1,none,0,0,0,0.1137940000717208,108,7,108,108,0,8,0,0
wine,30,narrow,NaiveNoPolicy,178,13,10,7,0.03932584269662921,10,0.2857142857142857,0,ranking_truncation,8,0,0,0.05885899986424192,108,108,108,0,0,8,0,0
wine,31,cold,ExactSecure,178,13,10,3,0.016853932584269662,3,1.0,1,none,0,0,0,0.11958499999309424,178,3,3,178,0,0,1,0
wine,31,cold,PostFilter-IVF,178,13,10,3,0.016853932584269662,3,1.0,1,none,0,0,0,0.1253689999884955,112,3,112,112,0,8,0,0
wine,31,cold,AdaptivePostFilter-IVF,178,13,10,3,0.016853932584269662,3,1.0,1,none,0,0,0,0.6241129999580153,178,3,178,178,0,12,0,0
wine,31,cold,TenantPartition-IVF,178,13,10,3,0.016853932584269662,3,1.0,1,none,0,0,0,0.18757299994831556,112,3,112,112,0,8,0,0
wine,31,cold,PreFilter-IVF,178,13,10,3,0.016853932584269662,3,1.0,1,none,0,0,0,0.14323900018098357,16,3,3,16,12,1,0,0
wine,31,cold,PACER-A,178,13,10,3,0.016853932584269662,3,1.0,1,none,0,0,0,0.12057999992975965,3,3,3,3,2,1,1,0
wine,31,cold,PACER-C,178,13,10,3,0.016853932584269662,3,1.0,1,none,0,0,0,0.11309800015624205,3,3,3,3,2,1,1,0
wine,31,cold,PACER-X,178,13,10,3,0.016853932584269662,3,1.0,1,none,0,0,0,0.12278000008336676,3,3,3,3,2,1,1,0
wine,31,cold,StaleNoRecheck,178,13,10,3,0.016853932584269662,3,1.0,1,none,0,0,0,0.17195700002048397,112,3,112,112,0,8,0,0
wine,31,cold,NaiveNoPolicy,178,13,10,3,0.016853932584269662,10,1.0,0,ranking_truncation,7,1,0,0.06908099999236583,112,112,112,0,0,8,0,0
wine,32,broad,ExactSecure,178,13,10,164,0.9213483146067416,10,1.0,1,none,0,0,0,0.23023499988994445,178,164,164,178,0,0,1,0
wine,32,broad,PostFilter-IVF,178,13,10,164,0.9213483146067416,10,1.0,1,none,0,0,0,0.2178570000523905,126,118,126,126,0,8,0,0
wine,32,broad,AdaptivePostFilter-IVF,178,13,10,164,0.9213483146067416,10,1.0,1,none,0,0,0,0.730431999954817,178,164,178,178,0,12,0,0
wine,32,broad,TenantPartition-IVF,178,13,10,164,0.9213483146067416,10,1.0,1,none,0,0,0,0.24573799987592793,126,118,126,126,0,8,0,0
wine,32,broad,PreFilter-IVF,178,13,10,164,0.9213483146067416,10,1.0,1,none,0,0,0,1.856804999988526,136,126,126,136,8,8,0,0
wine,32,broad,PACER-A,178,13,10,164,0.9213483146067416,10,1.0,1,none,0,0,0,0.7798609999554174,106,99,106,106,6,6,1,0
wine,32,broad,PACER-C,178,13,10,164,0.9213483146067416,10,1.0,1,none,0,0,0,0.8333989999300684,106,99,106,106,6,6,1,0
wine,32,broad,PACER-X,178,13,10,164,0.9213483146067416,10,1.0,1,none,0,0,0,0.7211820000065927,106,99,106,106,6,6,1,0
wine,32,broad,StaleNoRecheck,178,13,10,164,0.9213483146067416,10,1.0,1,none,0,0,0,0.2043580000190559,126,126,126,126,0,8,0,0
wine,32,broad,NaiveNoPolicy,178,13,10,164,0.9213483146067416,10,1.0,1,none,0,0,0,0.06916300003467768,126,126,126,0,0,8,0,0
wine,33,medium,ExactSecure,178,13,10,27,0.15168539325842698,10,1.0,1,none,0,0,0,0.21508599979824794,178,27,27,178,0,0,1,0
wine,33,medium,PostFilter-IVF,178,13,10,27,0.15168539325842698,10,1.0,1,none,0,0,0,0.20914399988214427,122,25,122,122,0,8,0,0
wine,33,medium,AdaptivePostFilter-IVF,178,13,10,27,0.15168539325842698,10,1.0,1,none,0,0,0,0.73024199991778,178,27,178,178,0,12,0,0
wine,33,medium,TenantPartition-IVF,178,13,10,27,0.15168539325842698,10,1.0,1,none,0,0,0,0.25156700007755717,122,25,122,122,0,8,0,0
wine,33,medium,PreFilter-IVF,178,13,10,27,0.15168539325842698,10,1.0,1,none,0,0,0,0.6623070000841835,125,22,22,125,8,8,0,0
wine,33,medium,PACER-A,178,13,10,27,0.15168539325842698,10,1.0,1,none,0,0,0,0.8849260000260983,31,27,31,31,10,10,1,0
wine,33,medium,PACER-C,178,13,10,27,0.15168539325842698,10,1.0,1,none,0,0,0,0.8757749999404041,31,27,31,31,10,10,1,0
wine,33,medium,PACER-X,178,13,10,27,0.15168539325842698,10,1.0,1,none,0,0,0,0.8659709999392362,31,27,31,31,10,10,1,0
wine,33,medium,StaleNoRecheck,178,13,10,27,0.15168539325842698,10,0.9,0,ranking_truncation,0,1,0,0.20622099987122056,122,27,122,122,0,8,0,0
wine,33,medium,NaiveNoPolicy,178,13,10,27,0.15168539325842698,10,0.3,0,ranking_truncation,6,1,0,0.07251800002450182,122,122,122,0,0,8,0,0
wine,34,narrow,ExactSecure,178,13,10,14,0.07865168539325842,10,1.0,1,none,0,0,0,0.2027629998337943,178,14,14,178,0,0,1,0
wine,34,narrow,PostFilter-IVF,178,13,10,14,0.07865168539325842,10,1.0,1,none,0,0,0,0.21792500001538428,118,14,118,118,0,8,0,0
wine,34,narrow,AdaptivePostFilter-IVF,178,13,10,14,0.07865168539325842,10,1.0,1,none,0,0,0,0.7028180000361317,178,14,178,178,0,12,0,0
wine,34,narrow,TenantPartition-IVF,178,13,10,14,0.07865168539325842,10,1.0,1,none,0,0,0,0.20815500010940013,118,14,118,118,0,8,0,0
wine,34,narrow,PreFilter-IVF,178,13,10,14,0.07865168539325842,10,1.0,1,none,0,0,0,0.3440049999881012,65,14,14,65,12,4,0,0
wine,34,narrow,PACER-A,178,13,10,14,0.07865168539325842,10,1.0,1,none,0,0,0,0.4126719998112094,15,14,15,15,4,4,1,0
wine,34,narrow,PACER-C,178,13,10,14,0.07865168539325842,10,1.0,1,none,0,0,0,0.3884210000251187,15,14,15,15,4,4,1,0
wine,34,narrow,PACER-X,178,13,10,14,0.07865168539325842,10,1.0,1,none,0,0,0,0.38357400012500875,15,14,15,15,4,4,1,0
wine,34,narrow,StaleNoRecheck,178,13,10,14,0.07865168539325842,10,0.9,0,ranking_truncation,0,1,0,0.20118000020374893,118,15,118,118,0,8,0,0
wine,34,narrow,NaiveNoPolicy,178,13,10,14,0.07865168539325842,10,0.5,0,ranking_truncation,4,1,0,0.07095699993442395,118,118,118,0,0,8,0,0
wine,35,cold,ExactSecure,178,13,10,2,0.011235955056179775,2,1.0,1,none,0,0,0,0.2103330000409187,178,2,2,178,0,0,1,0
wine,35,cold,PostFilter-IVF,178,13,10,2,0.011235955056179775,2,1.0,1,none,0,0,0,0.18161899993174302,107,2,107,107,0,8,0,0
wine,35,cold,AdaptivePostFilter-IVF,178,13,10,2,0.011235955056179775,2,1.0,1,none,0,0,0,0.6886920000397367,178,2,178,178,0,12,0,0
wine,35,cold,TenantPartition-IVF,178,13,10,2,0.011235955056179775,2,1.0,1,none,0,0,0,0.17297400017923792,107,2,107,107,0,8,0,0
wine,35,cold,PreFilter-IVF,178,13,10,2,0.011235955056179775,2,1.0,1,none,0,0,0,0.1729440000417526,28,2,2,28,12,2,0,0
wine,35,cold,PACER-A,178,13,10,2,0.011235955056179775,2,1.0,1,none,0,0,0,0.19685899997057277,2,2,2,2,2,2,1,0
wine,35,cold,PACER-C,178,13,10,2,0.011235955056179775,2,1.0,1,none,0,0,0,0.18940500012831762,2,2,2,2,2,2,1,0
wine,35,cold,PACER-X,178,13,10,2,0.011235955056179775,2,1.0,1,none,0,0,0,0.18642100008037232,2,2,2,2,2,2,1,0
wine,35,cold,StaleNoRecheck,178,13,10,2,0.011235955056179775,2,1.0,1,none,0,0,0,0.8133490000545862,107,2,107,107,0,8,0,0
wine,35,cold,NaiveNoPolicy,178,13,10,2,0.011235955056179775,10,0.5,0,ranking_truncation,9,2,1,0.08347099992533913,107,107,107,0,0,8,0,0
wine,36,broad,ExactSecure,178,13,10,167,0.9382022471910112,10,1.0,1,none,0,0,0,0.323904999959268,178,167,167,178,0,0,1,0
wine,36,broad,PostFilter-IVF,178,13,10,167,0.9382022471910112,10,1.0,1,none,0,0,0,0.19696000003932568,130,122,130,130,0,8,0,0
wine,36,broad,AdaptivePostFilter-IVF,178,13,10,167,0.9382022471910112,10,1.0,1,none,0,0,0,0.6692989998100529,178,167,178,178,0,12,0,0
wine,36,broad,TenantPartition-IVF,178,13,10,167,0.9382022471910112,10,1.0,1,none,0,0,0,0.22801199997957156,130,122,130,130,0,8,0,0
wine,36,broad,PreFilter-IVF,178,13,10,167,0.9382022471910112,10,1.0,1,none,0,0,0,1.4723120000326162,136,130,130,136,8,8,0,0
wine,36,broad,PACER-A,178,13,10,167,0.9382022471910112,10,1.0,1,none,0,0,0,0.855535000027885,106,101,106,106,6,6,1,0
wine,36,broad,PACER-C,178,13,10,167,0.9382022471910112,10,1.0,1,none,0,0,0,0.7639699999799632,106,101,106,106,6,6,1,0
wine,36,broad,PACER-X,178,13,10,167,0.9382022471910112,10,1.0,1,none,0,0,0,0.7073219999256253,106,101,106,106,6,6,1,0
wine,36,broad,StaleNoRecheck,178,13,10,167,0.9382022471910112,10,1.0,1,none,0,0,0,0.23370999997496256,130,130,130,130,0,8,0,0
wine,36,broad,NaiveNoPolicy,178,13,10,167,0.9382022471910112,10,1.0,1,none,0,0,0,0.07701799995629699,130,130,130,0,0,8,0,0
wine,37,medium,ExactSecure,178,13,10,26,0.14606741573033707,10,1.0,1,none,0,0,0,0.1652360001571651,178,26,26,178,0,0,1,0
wine,37,medium,PostFilter-IVF,178,13,10,26,0.14606741573033707,10,1.0,1,none,0,0,0,0.20726399998238776,126,24,126,126,0,8,0,0
wine,37,medium,AdaptivePostFilter-IVF,178,13,10,26,0.14606741573033707,10,1.0,1,none,0,0,0,0.6300319998899795,178,26,178,178,0,12,0,0
wine,37,medium,TenantPartition-IVF,178,13,10,26,0.14606741573033707,10,1.0,1,none,0,0,0,0.2575650000835594,126,24,126,126,0,8,0,0
wine,37,medium,PreFilter-IVF,178,13,10,26,0.14606741573033707,10,1.0,1,none,0,0,0,0.5846010001278046,102,26,26,102,12,7,0,0
wine,37,medium,PACER-A,178,13,10,26,0.14606741573033707,10,1.0,1,none,0,0,0,0.4692380000506091,28,24,28,28,6,5,1,0
wine,37,medium,PACER-C,178,13,10,26,0.14606741573033707,10,1.0,1,none,0,0,0,0.39420799998879374,28,24,28,28,6,5,1,0
wine,37,medium,PACER-X,178,13,10,26,0.14606741573033707,10,1.0,1,none,0,0,0,0.40005899995776417,28,24,28,28,6,5,1,0
wine,37,medium,StaleNoRecheck,178,13,10,26,0.14606741573033707,10,0.8,0,ranking_truncation,0,2,0,0.14818299996477435,126,28,126,126,0,8,0,0
wine,37,medium,NaiveNoPolicy,178,13,10,26,0.14606741573033707,10,0.6,0,ranking_truncation,3,1,0,0.054505000207427656,126,126,126,0,0,8,0,0
wine,38,narrow,ExactSecure,178,13,10,14,0.07865168539325842,10,1.0,1,none,0,0,0,0.12915899992549384,178,14,14,178,0,0,1,0
wine,38,narrow,PostFilter-IVF,178,13,10,14,0.07865168539325842,10,1.0,1,none,0,0,0,0.14050499999029853,118,14,118,118,0,8,0,0
wine,38,narrow,AdaptivePostFilter-IVF,178,13,10,14,0.07865168539325842,10,1.0,1,none,0,0,0,0.5417840000063734,178,14,178,178,0,12,0,0
wine,38,narrow,TenantPartition-IVF,178,13,10,14,0.07865168539325842,10,1.0,1,none,0,0,0,0.22640199995294097,118,14,118,118,0,8,0,0
wine,38,narrow,PreFilter-IVF,178,13,10,14,0.07865168539325842,10,1.0,1,none,0,0,0,0.23701200007053558,65,14,14,65,12,4,0,0
wine,38,narrow,PACER-A,178,13,10,14,0.07865168539325842,10,1.0,1,none,0,0,0,0.31930399995871994,15,14,15,15,5,4,1,0
wine,38,narrow,PACER-C,178,13,10,14,0.07865168539325842,10,1.0,1,none,0,0,0,0.33462800001871074,15,14,15,15,5,4,1,0
wine,38,narrow,PACER-X,178,13,10,14,0.07865168539325842,10,1.0,1,none,0,0,0,0.3423470000143425,15,14,15,15,5,4,1,0
wine,38,narrow,StaleNoRecheck,178,13,10,14,0.07865168539325842,10,0.9,0,ranking_truncation,0,1,0,0.13243099988358153,118,15,118,118,0,8,0,0
wine,38,narrow,NaiveNoPolicy,178,13,10,14,0.07865168539325842,10,0.3,0,ranking_truncation,6,2,0,0.06955300000299758,118,118,118,0,0,8,0,0
wine,39,cold,ExactSecure,178,13,10,3,0.016853932584269662,3,1.0,1,none,0,0,0,0.12620500001503387,178,3,3,178,0,0,1,0
wine,39,cold,PostFilter-IVF,178,13,10,3,0.016853932584269662,3,1.0,1,none,0,0,0,0.15067100002852385,109,3,109,109,0,8,0,0
wine,39,cold,AdaptivePostFilter-IVF,178,13,10,3,0.016853932584269662,3,1.0,1,none,0,0,0,0.46916700011934154,178,3,178,178,0,12,0,0
wine,39,cold,TenantPartition-IVF,178,13,10,3,0.016853932584269662,3,1.0,1,none,0,0,0,0.15426100003423926,109,3,109,109,0,8,0,0
wine,39,cold,PreFilter-IVF,178,13,10,3,0.016853932584269662,3,1.0,1,none,0,0,0,0.12316900006226206,16,3,3,16,12,1,0,0
wine,39,cold,PACER-A,178,13,10,3,0.016853932584269662,3,1.0,1,none,0,0,0,0.14028300006430072,3,3,3,3,1,1,1,0
wine,39,cold,PACER-C,178,13,10,3,0.016853932584269662,3,1.0,1,none,0,0,0,0.13527800001611467,3,3,3,3,1,1,1,0
wine,39,cold,PACER-X,178,13,10,3,0.016853932584269662,3,1.0,1,none,0,0,0,0.09589000001142267,3,3,3,3,1,1,1,0
wine,39,cold,StaleNoRecheck,178,13,10,3,0.016853932584269662,3,1.0,1,none,0,0,0,0.15009599997029,109,3,109,109,0,8,0,0
wine,39,cold,NaiveNoPolicy,178,13,10,3,0.016853932584269662,10,1.0,0,ranking_truncation,7,2,0,0.06713399989166646,109,109,109,0,0,8,0,0
wine,40,broad,ExactSecure,178,13,10,161,0.9044943820224719,10,1.0,1,none,0,0,0,0.16026000002966612,178,161,161,178,0,0,1,0
wine,40,broad,PostFilter-IVF,178,13,10,161,0.9044943820224719,10,1.0,1,none,0,0,0,0.13391499987847055,101,91,101,101,0,8,0,0
wine,40,broad,AdaptivePostFilter-IVF,178,13,10,161,0.9044943820224719,10,1.0,1,none,0,0,0,0.5553010000767244,178,161,178,178,0,12,0,0
wine,40,broad,TenantPartition-IVF,178,13,10,161,0.9044943820224719,10,1.0,1,none,0,0,0,0.16753699992477777,101,91,101,101,0,8,0,0
wine,40,broad,PreFilter-IVF,178,13,10,161,0.9044943820224719,10,1.0,1,none,0,0,0,1.3183189998926537,126,110,110,126,8,8,0,0
wine,40,broad,PACER-A,178,13,10,161,0.9044943820224719,10,1.0,1,none,0,0,0,1.2324079998506932,158,141,158,158,10,10,1,0
wine,40,broad,PACER-C,178,13,10,161,0.9044943820224719,10,1.0,1,none,0,0,0,1.2867169998571626,158,141,158,158,10,10,1,0
wine,40,broad,PACER-X,178,13,10,161,0.9044943820224719,10,1.0,1,none,0,0,0,1.1045690000628383,158,141,158,158,10,10,1,0
wine,40,broad,StaleNoRecheck,178,13,10,161,0.9044943820224719,10,0.9,0,ranking_truncation,0,1,0,0.1682909999090043,101,101,101,101,0,8,0,0
wine,40,broad,NaiveNoPolicy,178,13,10,161,0.9044943820224719,10,0.9,0,ranking_truncation,0,1,0,0.09142900012193422,101,101,101,0,0,8,0,0
wine,41,medium,ExactSecure,178,13,10,31,0.17415730337078653,10,1.0,1,none,0,0,0,0.3268079999543261,178,31,31,178,0,0,1,0
wine,41,medium,PostFilter-IVF,178,13,10,31,0.17415730337078653,10,0.7,0,ranking_truncation,0,0,0,0.1905479998640658,107,10,107,107,0,8,0,0
wine,41,medium,AdaptivePostFilter-IVF,178,13,10,31,0.17415730337078653,10,1.0,1,none,0,0,0,0.6210339997778647,178,31,178,178,0,12,0,0
wine,41,medium,TenantPartition-IVF,178,13,10,31,0.17415730337078653,10,0.7,0,ranking_truncation,0,0,0,0.19004599994332239,107,10,107,107,0,8,0,0
wine,41,medium,PreFilter-IVF,178,13,10,31,0.17415730337078653,10,1.0,1,none,0,0,0,0.7524050001848082,99,31,31,99,12,6,0,0
wine,41,medium,PACER-A,178,13,10,31,0.17415730337078653,10,1.0,1,none,0,0,0,0.7493349999094789,32,31,32,32,11,6,1,0
wine,41,medium,PACER-C,178,13,10,31,0.17415730337078653,10,1.0,1,none,0,0,0,0.7698140000229614,32,31,32,32,11,6,1,0
wine,41,medium,PACER-X,178,13,10,31,0.17415730337078653,10,1.0,1,none,0,0,0,0.7554320000053849,32,31,32,32,11,6,1,0
wine,41,medium,StaleNoRecheck,178,13,10,31,0.17415730337078653,10,0.7,0,ranking_truncation,0,1,0,0.22180500013746496,107,11,107,107,0,8,0,0
wine,41,medium,NaiveNoPolicy,178,13,10,31,0.17415730337078653,10,0.0,0,ranking_truncation,9,1,0,0.08919699985199259,107,107,107,0,0,8,0,0
wine,42,narrow,ExactSecure,178,13,10,4,0.02247191011235955,4,1.0,1,none,0,0,0,0.1354409998839401,178,4,4,178,0,0,1,0
wine,42,narrow,PostFilter-IVF,178,13,10,4,0.02247191011235955,4,1.0,1,none,0,0,0,0.12385300010464562,101,4,101,101,0,8,0,0
wine,42,narrow,AdaptivePostFilter-IVF,178,13,10,4,0.02247191011235955,4,1.0,1,none,0,0,0,0.5083980001927557,178,4,178,178,0,12,0,0
wine,42,narrow,TenantPartition-IVF,178,13,10,4,0.02247191011235955,4,1.0,1,none,0,0,0,0.12139899990870617,101,4,101,101,0,8,0,0
wine,42,narrow,PreFilter-IVF,178,13,10,4,0.02247191011235955,4,1.0,1,none,0,0,0,0.2526069999930769,39,4,4,39,12,3,0,0
wine,42,narrow,PACER-A,178,13,10,4,0.02247191011235955,4,1.0,1,none,0,0,0,0.23737300011816842,4,4,4,4,4,3,1,0
wine,42,narrow,PACER-C,178,13,10,4,0.02247191011235955,4,1.0,1,none,0,0,0,0.22381999997378443,4,4,4,4,4,3,1,0
wine,42,narrow,PACER-X,178,13,10,4,0.02247191011235955,4,1.0,1,none,0,0,0,0.19780200000241166,4,4,4,4,4,3,1,0
wine,42,narrow,StaleNoRecheck,178,13,10,4,0.02247191011235955,4,1.0,1,none,0,0,0,0.11504300005071855,101,4,101,101,0,8,0,0
wine,42,narrow,NaiveNoPolicy,178,13,10,4,0.02247191011235955,10,0.25,0,ranking_truncation,9,0,0,0.0541629999588622,101,101,101,0,0,8,0,0
wine,43,cold,ExactSecure,178,13,10,7,0.03932584269662921,7,1.0,1,none,0,0,0,0.12620699999388307,178,7,7,178,0,0,1,0
wine,43,cold,PostFilter-IVF,178,13,10,7,0.03932584269662921,7,1.0,1,none,0,0,0,0.1471570001285727,138,7,138,138,0,8,0,0
wine,43,cold,AdaptivePostFilter-IVF,178,13,10,7,0.03932584269662921,7,1.0,1,none,0,0,0,0.48250999998344923,178,7,178,178,0,12,0,0
wine,43,cold,TenantPartition-IVF,178,13,10,7,0.03932584269662921,7,1.0,1,none,0,0,0,0.12648300003093027,138,7,138,138,0,8,0,0
wine,43,cold,PreFilter-IVF,178,13,10,7,0.03932584269662921,7,1.0,1,none,0,0,0,0.14225000018086575,46,7,7,46,12,2,0,0
wine,43,cold,PACER-A,178,13,10,7,0.03932584269662921,7,1.0,1,none,0,0,0,0.16129499999806285,8,7,8,8,3,2,1,0
wine,43,cold,PACER-C,178,13,10,7,0.03932584269662921,7,1.0,1,none,0,0,0,0.1663149998876179,8,7,8,8,3,2,1,0
wine,43,cold,PACER-X,178,13,10,7,0.03932584269662921,7,1.0,1,none,0,0,0,0.15399500011881173,8,7,8,8,3,2,1,0
wine,43,cold,StaleNoRecheck,178,13,10,7,0.03932584269662921,8,1.0,0,ranking_truncation,0,1,0,0.13909900008002296,138,8,138,138,0,8,0,0
wine,43,cold,NaiveNoPolicy,178,13,10,7,0.03932584269662921,10,0.2857142857142857,0,ranking_truncation,8,1,0,0.06325399999695946,138,138,138,0,0,8,0,0
wine,44,broad,ExactSecure,178,13,10,164,0.9213483146067416,10,1.0,1,none,0,0,0,0.1995479999550298,178,164,164,178,0,0,1,0
wine,44,broad,PostFilter-IVF,178,13,10,164,0.9213483146067416,10,1.0,1,none,0,0,0,0.19626700009212072,129,119,129,129,0,8,0,0
wine,44,broad,AdaptivePostFilter-IVF,178,13,10,164,0.9213483146067416,10,1.0,1,none,0,0,0,0.5403889999797684,178,164,178,178,0,12,0,0
wine,44,broad,TenantPartition-IVF,178,13,10,164,0.9213483146067416,10,1.0,1,none,0,0,0,0.17346399999951245,129,119,129,129,0,8,0,0
wine,44,broad,PreFilter-IVF,178,13,10,164,0.9213483146067416,10,1.0,1,none,0,0,0,1.1480139999093808,136,128,128,136,8,8,0,0
wine,44,broad,PACER-A,178,13,10,164,0.9213483146067416,10,1.0,1,none,0,0,0,0.8176629999070428,158,145,158,158,10,10,1,0
wine,44,broad,PACER-C,178,13,10,164,0.9213483146067416,10,1.0,1,none,0,0,0,0.8135749999382824,158,145,158,158,10,10,1,0
wine,44,broad,PACER-X,178,13,10,164,0.9213483146067416,10,1.0,1,none,0,0,0,0.8252669999819773,158,145,158,158,10,10,1,0
wine,44,broad,StaleNoRecheck,178,13,10,164,0.9213483146067416,10,0.9,0,ranking_truncation,0,1,0,0.143849999858503,129,129,129,129,0,8,0,0
wine,44,broad,NaiveNoPolicy,178,13,10,164,0.9213483146067416,10,0.9,0,ranking_truncation,0,1,0,0.056163999943237286,129,129,129,0,0,8,0,0
wine,45,medium,ExactSecure,178,13,10,35,0.19662921348314608,10,1.0,1,none,0,0,0,0.1332740000634658,178,35,35,178,0,0,1,0
wine,45,medium,PostFilter-IVF,178,13,10,35,0.19662921348314608,10,0.9,0,ranking_truncation,0,0,0,0.1453390000278887,101,19,101,101,0,8,0,0
wine,45,medium,AdaptivePostFilter-IVF,178,13,10,35,0.19662921348314608,10,1.0,1,none,0,0,0,0.5037769999489683,178,35,178,178,0,12,0,0
wine,45,medium,TenantPartition-IVF,178,13,10,35,0.19662921348314608,10,0.9,0,ranking_truncation,0,0,0,0.14177499997458654,101,19,101,101,0,8,0,0
wine,45,medium,PreFilter-IVF,178,13,10,35,0.19662921348314608,10,1.0,1,none,0,0,0,0.525984999967477,125,35,35,125,12,7,0,0
wine,45,medium,PACER-A,178,13,10,35,0.19662921348314608,10,1.0,1,none,0,0,0,0.5542330000025686,37,35,37,37,10,7,1,0
wine,45,medium,PACER-C,178,13,10,35,0.19662921348314608,10,1.0,1,none,0,0,0,0.5865750001703418,37,35,37,37,10,7,1,0
wine,45,medium,PACER-X,178,13,10,35,0.19662921348314608,10,1.0,1,none,0,0,0,0.5122270001720608,37,35,37,37,10,7,1,0
wine,45,medium,StaleNoRecheck,178,13,10,35,0.19662921348314608,10,0.9,0,ranking_truncation,0,1,0,0.12322499992478697,101,20,101,101,0,8,0,0
wine,45,medium,NaiveNoPolicy,178,13,10,35,0.19662921348314608,10,0.2,0,ranking_truncation,8,0,0,0.06249500006560993,101,101,101,0,0,8,0,0
wine,46,narrow,ExactSecure,178,13,10,3,0.016853932584269662,3,1.0,1,none,0,0,0,0.12420299981386052,178,3,3,178,0,0,1,0
wine,46,narrow,PostFilter-IVF,178,13,10,3,0.016853932584269662,3,1.0,1,none,0,0,0,0.13237799998933042,118,3,118,118,0,8,0,0
wine,46,narrow,AdaptivePostFilter-IVF,178,13,10,3,0.016853932584269662,3,1.0,1,none,0,0,0,0.46850400008224824,178,3,178,178,0,12,0,0
wine,46,narrow,TenantPartition-IVF,178,13,10,3,0.016853932584269662,3,1.0,1,none,0,0,0,0.16478099996675155,118,3,118,118,0,8,0,0
wine,46,narrow,PreFilter-IVF,178,13,10,3,0.016853932584269662,3,1.0,1,none,0,0,0,0.3039790001366782,61,3,3,61,12,3,0,0
wine,46,narrow,PACER-A,178,13,10,3,0.016853932584269662,3,1.0,1,none,0,0,0,0.371930000028442,3,3,3,3,4,3,1,0
wine,46,narrow,PACER-C,178,13,10,3,0.016853932584269662,3,1.0,1,none,0,0,0,0.21279799989315507,3,3,3,3,4,3,1,0
wine,46,narrow,PACER-X,178,13,10,3,0.016853932584269662,3,1.0,1,none,0,0,0,0.2122230000622949,3,3,3,3,4,3,1,0
wine,46,narrow,StaleNoRecheck,178,13,10,3,0.016853932584269662,3,1.0,1,none,0,0,0,0.12457899993023602,118,3,118,118,0,8,0,0
wine,46,narrow,NaiveNoPolicy,178,13,10,3,0.016853932584269662,10,0.3333333333333333,0,ranking_truncation,9,0,0,0.056312999959118315,118,118,118,0,0,8,0,0
wine,47,cold,ExactSecure,178,13,10,1,0.0056179775280898875,1,1.0,1,none,0,0,0,0.11963599990849616,178,1,1,178,0,0,1,0
wine,47,cold,PostFilter-IVF,178,13,10,1,0.0056179775280898875,1,1.0,1,none,0,0,0,0.1752630000737554,107,1,107,107,0,8,0,0
wine,47,cold,AdaptivePostFilter-IVF,178,13,10,1,0.0056179775280898875,1,1.0,1,none,0,0,0,0.47360299981846765,178,1,178,178,0,12,0,0
wine,47,cold,TenantPartition-IVF,178,13,10,1,0.0056179775280898875,1,1.0,1,none,0,0,0,0.2425380000659061,107,1,107,107,0,8,0,0
wine,47,cold,PreFilter-IVF,178,13,10,1,0.0056179775280898875,1,1.0,1,none,0,0,0,0.13612600014312193,14,1,1,14,12,1,0,0
wine,47,cold,PACER-A,178,13,10,1,0.0056179775280898875,1,1.0,1,none,0,0,0,0.12938200006828993,1,1,1,1,3,1,1,0
wine,47,cold,PACER-C,178,13,10,1,0.0056179775280898875,1,1.0,1,none,0,0,0,0.08847000003697758,1,1,1,1,3,1,1,0
wine,47,cold,PACER-X,178,13,10,1,0.0056179775280898875,1,1.0,1,none,0,0,0,0.08353299995178531,1,1,1,1,3,1,1,0
wine,47,cold,StaleNoRecheck,178,13,10,1,0.0056179775280898875,1,1.0,1,none,0,0,0,0.12703100014732627,107,1,107,107,0,8,0,0
wine,47,cold,NaiveNoPolicy,178,13,10,1,0.0056179775280898875,10,1.0,0,ranking_truncation,9,1,2,0.06057499990674842,107,107,107,0,0,8,0,0
wine,48,broad,ExactSecure,178,13,10,164,0.9213483146067416,10,1.0,1,none,0,0,0,0.17156000012619188,178,164,164,178,0,0,1,0
wine,48,broad,PostFilter-IVF,178,13,10,164,0.9213483146067416,10,0.9,0,ranking_truncation,0,0,0,0.13540300005843164,107,97,107,107,0,8,0,0
wine,48,broad,AdaptivePostFilter-IVF,178,13,10,164,0.9213483146067416,10,1.0,1,none,0,0,0,0.7713649999914196,178,164,178,178,0,12,0,0
wine,48,broad,TenantPartition-IVF,178,13,10,164,0.9213483146067416,10,0.9,0,ranking_truncation,0,0,0,0.1541819999602012,107,97,107,107,0,8,0,0
wine,48,broad,PreFilter-IVF,178,13,10,164,0.9213483146067416,10,1.0,1,none,0,0,0,1.3465029999224498,118,107,107,118,8,8,0,0
wine,48,broad,PACER-A,178,13,10,164,0.9213483146067416,10,1.0,1,none,0,0,0,1.138457000024573,178,164,178,178,12,12,1,0
wine,48,broad,PACER-C,178,13,10,164,0.9213483146067416,10,1.0,1,none,0,0,0,1.1094809999576682,178,164,178,178,12,12,1,0
wine,48,broad,PACER-X,178,13,10,164,0.9213483146067416,10,1.0,1,none,0,0,0,0.965713999903528,178,164,178,178,12,12,1,0
wine,48,broad,StaleNoRecheck,178,13,10,164,0.9213483146067416,10,0.8,0,ranking_truncation,0,2,0,0.12936699999954726,107,107,107,107,0,8,0,0
wine,48,broad,NaiveNoPolicy,178,13,10,164,0.9213483146067416,10,0.8,0,ranking_truncation,0,2,0,0.07625900002494745,107,107,107,0,0,8,0,0
wine,49,medium,ExactSecure,178,13,10,34,0.19101123595505617,10,1.0,1,none,0,0,0,0.1476649999858637,178,34,34,178,0,0,1,0
wine,49,medium,PostFilter-IVF,178,13,10,34,0.19101123595505617,10,1.0,1,none,0,0,0,0.174715999946784,110,25,110,110,0,8,0,0
wine,49,medium,AdaptivePostFilter-IVF,178,13,10,34,0.19101123595505617,10,1.0,1,none,0,0,0,0.564372000098956,178,34,178,178,0,12,0,0
wine,49,medium,TenantPartition-IVF,178,13,10,34,0.19101123595505617,10,1.0,1,none,0,0,0,0.1687870001205738,110,25,110,110,0,8,0,0
wine,49,medium,PreFilter-IVF,178,13,10,34,0.19101123595505617,10,1.0,1,none,0,0,0,0.6988079999246111,104,27,27,104,8,8,0,0
wine,49,medium,PACER-A,178,13,10,34,0.19101123595505617,10,1.0,1,none,0,0,0,0.9835930000008375,38,33,38,38,11,10,1,0
wine,49,medium,PACER-C,178,13,10,34,0.19101123595505617,10,1.0,1,none,0,0,0,0.7770750000872795,38,33,38,38,11,10,1,0
wine,49,medium,PACER-X,178,13,10,34,0.19101123595505617,10,1.0,1,none,0,0,0,0.7421499999509251,38,33,38,38,11,10,1,0
wine,49,medium,StaleNoRecheck,178,13,10,34,0.19101123595505617,10,0.9,0,ranking_truncation,0,1,0,0.13007799998376868,110,29,110,110,0,8,0,0
wine,49,medium,NaiveNoPolicy,178,13,10,34,0.19101123595505617,10,0.5,0,ranking_truncation,5,0,0,0.058647000059863785,110,110,110,0,0,8,0,0
wine,50,narrow,ExactSecure,178,13,10,10,0.056179775280898875,10,1.0,1,none,0,0,0,0.12294300017856585,178,10,10,178,0,0,1,0
wine,50,narrow,PostFilter-IVF,178,13,10,10,0.056179775280898875,8,0.8,0,candidate_starvation,0,0,0,0.19077799993283406,118,8,118,118,0,8,0,0
wine,50,narrow,AdaptivePostFilter-IVF,178,13,10,10,0.056179775280898875,10,1.0,1,none,0,0,0,0.6768200000806246,178,10,178,178,0,12,0,0
wine,50,narrow,TenantPartition-IVF,178,13,10,10,0.056179775280898875,8,0.8,0,candidate_starvation,0,0,0,0.12953099985679728,118,8,118,118,0,8,0,0
wine,50,narrow,PreFilter-IVF,178,13,10,10,0.056179775280898875,10,1.0,1,none,0,0,0,0.187172999858376,52,10,10,52,12,3,0,0
wine,50,narrow,PACER-A,178,13,10,10,0.056179775280898875,10,1.0,1,none,0,0,0,0.2543819998663821,10,10,10,10,7,3,1,0
wine,50,narrow,PACER-C,178,13,10,10,0.056179775280898875,10,1.0,1,none,0,0,0,0.21535600012612122,10,10,10,10,7,3,1,0
wine,50,narrow,PACER-X,178,13,10,10,0.056179775280898875,10,1.0,1,none,0,0,0,0.23964899992279243,10,10,10,10,7,3,1,0
wine,50,narrow,StaleNoRecheck,178,13,10,10,0.056179775280898875,8,0.8,0,candidate_starvation,0,0,0,0.12388699997245567,118,8,118,118,0,8,0,0
wine,50,narrow,NaiveNoPolicy,178,13,10,10,0.056179775280898875,10,0.2,0,ranking_truncation,8,1,0,0.06885099992359756,118,118,118,0,0,8,0,0
wine,51,cold,ExactSecure,178,13,10,4,0.02247191011235955,4,1.0,1,none,0,0,0,0.12075399990862934,178,4,4,178,0,0,1,0
wine,51,cold,PostFilter-IVF,178,13,10,4,0.02247191011235955,4,1.0,1,none,0,0,0,0.12467800002013973,112,4,112,112,0,8,0,0
wine,51,cold,AdaptivePostFilter-IVF,178,13,10,4,0.02247191011235955,4,1.0,1,none,0,0,0,0.5264849999093713,178,4,178,178,0,12,0,0
wine,51,cold,TenantPartition-IVF,178,13,10,4,0.02247191011235955,4,1.0,1,none,0,0,0,0.12704100004157226,112,4,112,112,0,8,0,0
wine,51,cold,PreFilter-IVF,178,13,10,4,0.02247191011235955,4,1.0,1,none,0,0,0,0.20416600000316976,56,4,4,56,12,3,0,0
wine,51,cold,PACER-A,178,13,10,4,0.02247191011235955,4,1.0,1,none,0,0,0,0.23960400017131178,5,4,5,5,6,3,1,0
wine,51,cold,PACER-C,178,13,10,4,0.02247191011235955,4,1.0,1,none,0,0,0,0.23173199997472693,5,4,5,5,6,3,1,0
wine,51,cold,PACER-X,178,13,10,4,0.02247191011235955,4,1.0,1,none,0,0,0,0.2020479998918745,5,4,5,5,6,3,1,0
wine,51,cold,StaleNoRecheck,178,13,10,4,0.02247191011235955,5,1.0,0,ranking_truncation,0,1,0,0.1337050000529416,112,5,112,112,0,8,0,0
wine,51,cold,NaiveNoPolicy,178,13,10,4,0.02247191011235955,10,0.25,0,ranking_truncation,8,3,0,0.056346000064877444,112,112,112,0,0,8,0,0
wine,52,broad,ExactSecure,178,13,10,161,0.9044943820224719,10,1.0,1,none,0,0,0,0.14518700004373386,178,161,161,178,0,0,1,0
wine,52,broad,PostFilter-IVF,178,13,10,161,0.9044943820224719,10,1.0,1,none,0,0,0,0.15615299980709096,107,97,107,107,0,8,0,0
wine,52,broad,AdaptivePostFilter-IVF,178,13,10,161,0.9044943820224719,10,1.0,1,none,0,0,0,0.9132239999871672,178,161,178,178,0,12,0,0
wine,52,broad,TenantPartition-IVF,178,13,10,161,0.9044943820224719,10,1.0,1,none,0,0,0,0.22544800003743148,107,97,107,107,0,8,0,0
wine,52,broad,PreFilter-IVF,178,13,10,161,0.9044943820224719,10,1.0,1,none,0,0,0,1.9035390000681218,107,97,97,107,8,8,0,0
wine,52,broad,PACER-A,178,13,10,161,0.9044943820224719,10,1.0,1,none,0,0,0,0.7983850000528037,81,73,81,81,7,7,1,0
wine,52,broad,PACER-C,178,13,10,161,0.9044943820224719,10,1.0,1,none,0,0,0,0.6485870001142757,81,73,81,81,7,7,1,0
wine,52,broad,PACER-X,178,13,10,161,0.9044943820224719,10,1.0,1,none,0,0,0,0.7045610000204761,81,73,81,81,7,7,1,0
wine,52,broad,StaleNoRecheck,178,13,10,161,0.9044943820224719,10,0.8,0,ranking_truncation,0,2,0,0.13627499993162928,107,107,107,107,0,8,0,0
wine,52,broad,NaiveNoPolicy,178,13,10,161,0.9044943820224719,10,0.8,0,ranking_truncation,0,2,0,0.05349900015971798,107,107,107,0,0,8,0,0
wine,53,medium,ExactSecure,178,13,10,26,0.14606741573033707,10,1.0,1,none,0,0,0,0.15382100013994204,178,26,26,178,0,0,1,0
wine,53,medium,PostFilter-IVF,178,13,10,26,0.14606741573033707,10,1.0,1,none,0,0,0,0.15810099989721493,118,25,118,118,0,8,0,0
wine,53,medium,AdaptivePostFilter-IVF,178,13,10,26,0.14606741573033707,10,1.0,1,none,0,0,0,0.5435870000383147,178,26,178,178,0,12,0,0
wine,53,medium,TenantPartition-IVF,178,13,10,26,0.14606741573033707,10,1.0,1,none,0,0,0,0.16105500003504858,118,25,118,118,0,8,0,0
wine,53,medium,PreFilter-IVF,178,13,10,26,0.14606741573033707,10,1.0,1,none,0,0,0,0.5829010001434654,120,26,26,120,12,7,0,0
wine,53,medium,PACER-A,178,13,10,26,0.14606741573033707,10,1.0,1,none,0,0,0,0.550376999854052,27,25,27,27,6,6,1,0
wine,53,medium,PACER-C,178,13,10,26,0.14606741573033707,10,1.0,1,none,0,0,0,0.5764210000052117,27,25,27,27,6,6,1,0
wine,53,medium,PACER-X,178,13,10,26,0.14606741573033707,10,1.0,1,none,0,0,0,0.5472459999964485,27,25,27,27,6,6,1,0
wine,53,medium,StaleNoRecheck,178,13,10,26,0.14606741573033707,10,1.0,1,none,0,0,0,0.15355799996541464,118,27,118,118,0,8,0,0
wine,53,medium,NaiveNoPolicy,178,13,10,26,0.14606741573033707,10,0.5,0,ranking_truncation,5,0,0,0.08299099999931059,118,118,118,0,0,8,0,0
wine,54,narrow,ExactSecure,178,13,10,7,0.03932584269662921,7,1.0,1,none,0,0,0,0.12554600016301265,178,7,7,178,0,0,1,0
wine,54,narrow,PostFilter-IVF,178,13,10,7,0.03932584269662921,7,1.0,1,none,0,0,0,0.18552100004853855,136,7,136,136,0,8,0,0
wine,54,narrow,AdaptivePostFilter-IVF,178,13,10,7,0.03932584269662921,7,1.0,1,none,0,0,0,0.5302740000843187,178,7,178,178,0,12,0,0
wine,54,narrow,TenantPartition-IVF,178,13,10,7,0.03932584269662921,7,1.0,1,none,0,0,0,0.14396799997484777,136,7,136,136,0,8,0,0
wine,54,narrow,PreFilter-IVF,178,13,10,7,0.03932584269662921,7,1.0,1,none,0,0,0,0.2142020000519551,51,7,7,51,12,3,0,0
wine,54,narrow,PACER-A,178,13,10,7,0.03932584269662921,7,1.0,1,none,0,0,0,0.23154899986366217,8,7,8,8,3,3,1,0
wine,54,narrow,PACER-C,178,13,10,7,0.03932584269662921,7,1.0,1,none,0,0,0,0.21606099994642136,8,7,8,8,3,3,1,0
wine,54,narrow,PACER-X,178,13,10,7,0.03932584269662921,7,1.0,1,none,0,0,0,0.2251610001167137,8,7,8,8,3,3,1,0
wine,54,narrow,StaleNoRecheck,178,13,10,7,0.03932584269662921,8,1.0,0,ranking_truncation,0,1,0,0.1380459998472361,136,8,136,136,0,8,0,0
wine,54,narrow,NaiveNoPolicy,178,13,10,7,0.03932584269662921,10,0.42857142857142855,0,ranking_truncation,6,1,0,0.0735819999135856,136,136,136,0,0,8,0,0
wine,55,cold,ExactSecure,178,13,10,4,0.02247191011235955,4,1.0,1,none,0,0,0,0.12757499985127652,178,4,4,178,0,0,1,0
wine,55,cold,PostFilter-IVF,178,13,10,4,0.02247191011235955,4,1.0,1,none,0,0,0,0.13875400009055738,126,4,126,126,0,8,0,0
wine,55,cold,AdaptivePostFilter-IVF,178,13,10,4,0.02247191011235955,4,1.0,1,none,0,0,0,0.5400469999585766,178,4,178,178,0,12,0,0
wine,55,cold,TenantPartition-IVF,178,13,10,4,0.02247191011235955,4,1.0,1,none,0,0,0,0.128787999983615,126,4,126,126,0,8,0,0
wine,55,cold,PreFilter-IVF,178,13,10,4,0.02247191011235955,4,1.0,1,none,0,0,0,0.143332000106966,46,4,4,46,12,2,0,0
wine,55,cold,PACER-A,178,13,10,4,0.02247191011235955,4,1.0,1,none,0,0,0,0.24932200017246942,5,4,5,5,2,2,1,0
wine,55,cold,PACER-C,178,13,10,4,0.02247191011235955,4,1.0,1,none,0,0,0,0.22660900003756979,5,4,5,5,2,2,1,0
wine,55,cold,PACER-X,178,13,10,4,0.02247191011235955,4,1.0,1,none,0,0,0,0.15626499998688814,5,4,5,5,2,2,1,0
wine,55,cold,StaleNoRecheck,178,13,10,4,0.02247191011235955,5,1.0,0,ranking_truncation,0,1,0,0.1564619999498973,126,5,126,126,0,8,0,0
wine,55,cold,NaiveNoPolicy,178,13,10,4,0.02247191011235955,10,0.5,0,ranking_truncation,8,1,0,0.06030300005477329,126,126,126,0,0,8,0,0
wine,56,broad,ExactSecure,178,13,10,163,0.9157303370786517,10,1.0,1,none,0,0,0,0.17486100000496663,178,163,163,178,0,0,1,0
wine,56,broad,PostFilter-IVF,178,13,10,163,0.9157303370786517,10,1.0,1,none,0,0,0,0.16319399992426042,116,104,116,116,0,8,0,0
wine,56,broad,AdaptivePostFilter-IVF,178,13,10,163,0.9157303370786517,10,1.0,1,none,0,0,0,0.5328370000370342,178,163,178,178,0,12,0,0
wine,56,broad,TenantPartition-IVF,178,13,10,163,0.9157303370786517,10,1.0,1,none,0,0,0,0.1596510001036222,116,104,116,116,0,8,0,0
wine,56,broad,PreFilter-IVF,178,13,10,163,0.9157303370786517,10,1.0,1,none,0,0,0,1.2472229998365947,123,111,111,123,8,8,0,0
wine,56,broad,PACER-A,178,13,10,163,0.9157303370786517,10,1.0,1,none,0,0,0,1.0752829998637026,178,163,178,178,12,12,1,0
wine,56,broad,PACER-C,178,13,10,163,0.9157303370786517,10,1.0,1,none,0,0,0,1.1726440000074945,178,163,178,178,12,12,1,0
wine,56,broad,PACER-X,178,13,10,163,0.9157303370786517,10,1.0,1,none,0,0,0,0.9956850001344719,178,163,178,178,12,12,1,0
wine,56,broad,StaleNoRecheck,178,13,10,163,0.9157303370786517,10,0.9,0,ranking_truncation,0,1,0,0.13356199997360818,116,116,116,116,0,8,0,0
wine,56,broad,NaiveNoPolicy,178,13,10,163,0.9157303370786517,10,0.9,0,ranking_truncation,0,1,0,0.09075699995264586,116,116,116,0,0,8,0,0
wine,57,medium,ExactSecure,178,13,10,32,0.1797752808988764,10,1.0,1,none,0,0,0,0.1888700001018151,178,32,32,178,0,0,1,0
wine,57,medium,PostFilter-IVF,178,13,10,32,0.1797752808988764,10,1.0,1,none,0,0,0,0.13552499990510114,107,24,107,107,0,8,0,0
wine,57,medium,AdaptivePostFilter-IVF,178,13,10,32,0.1797752808988764,10,1.0,1,none,0,0,0,0.4823100000521663,178,32,178,178,0,12,0,0
wine,57,medium,TenantPartition-IVF,178,13,10,32,0.1797752808988764,10,1.0,1,none,0,0,0,0.193135000017719,107,24,107,107,0,8,0,0
wine,57,medium,PreFilter-IVF,178,13,10,32,0.1797752808988764,10,1.0,1,none,0,0,0,0.5900680000650027,140,32,32,140,12,8,0,0
wine,57,medium,PACER-A,178,13,10,32,0.1797752808988764,10,1.0,1,none,0,0,0,0.47394099988196103,25,24,25,25,8,5,1,0
wine,57,medium,PACER-C,178,13,10,32,0.1797752808988764,10,1.0,1,none,0,0,0,0.42096700008187327,25,24,25,25,8,5,1,0
wine,57,medium,PACER-X,178,13,10,32,0.1797752808988764,10,1.0,1,none,0,0,0,0.41101300007539976,25,24,25,25,8,5,1,0
wine,57,medium,StaleNoRecheck,178,13,10,32,0.1797752808988764,10,1.0,1,none,0,0,0,0.12504100004662178,107,25,107,107,0,8,0,0
wine,57,medium,NaiveNoPolicy,178,13,10,32,0.1797752808988764,10,0.4,0,ranking_truncation,6,1,0,0.10393899992777733,107,107,107,0,0,8,0,0
wine,58,narrow,ExactSecure,178,13,10,10,0.056179775280898875,10,1.0,1,none,0,0,0,0.12484600006246183,178,10,10,178,0,0,1,0
wine,58,narrow,PostFilter-IVF,178,13,10,10,0.056179775280898875,10,1.0,1,none,0,0,0,0.170566999941002,125,10,125,125,0,8,0,0
wine,58,narrow,AdaptivePostFilter-IVF,178,13,10,10,0.056179775280898875,10,1.0,1,none,0,0,0,0.485586999957377,178,10,178,178,0,12,0,0
wine,58,narrow,TenantPartition-IVF,178,13,10,10,0.056179775280898875,10,1.0,1,none,0,0,0,0.12423600014699332,125,10,125,125,0,8,0,0
wine,58,narrow,PreFilter-IVF,178,13,10,10,0.056179775280898875,10,1.0,1,none,0,0,0,0.20925500007251685,52,10,10,52,12,3,0,0
wine,58,narrow,PACER-A,178,13,10,10,0.056179775280898875,10,1.0,1,none,0,0,0,0.25704500012579956,10,10,10,10,9,3,1,0
wine,58,narrow,PACER-C,178,13,10,10,0.056179775280898875,10,1.0,1,none,0,0,0,0.24523599995518452,10,10,10,10,9,3,1,0
wine,58,narrow,PACER-X,178,13,10,10,0.056179775280898875,10,1.0,1,none,0,0,0,0.21403000005193462,10,10,10,10,9,3,1,0
wine,58,narrow,StaleNoRecheck,178,13,10,10,0.056179775280898875,10,1.0,1,none,0,0,0,0.15776500003994443,125,10,125,125,0,8,0,0
wine,58,narrow,NaiveNoPolicy,178,13,10,10,0.056179775280898875,10,0.2,0,ranking_truncation,8,1,1,0.06830200004515063,125,125,125,0,0,8,0,0
wine,59,cold,ExactSecure,178,13,10,4,0.02247191011235955,4,1.0,1,none,0,0,0,0.12353299985079502,178,4,4,178,0,0,1,0
wine,59,cold,PostFilter-IVF,178,13,10,4,0.02247191011235955,4,1.0,1,none,0,0,0,0.1284169998143625,112,4,112,112,0,8,0,0
wine,59,cold,AdaptivePostFilter-IVF,178,13,10,4,0.02247191011235955,4,1.0,1,none,0,0,0,0.5028609998589673,178,4,178,178,0,12,0,0
wine,59,cold,TenantPartition-IVF,178,13,10,4,0.02247191011235955,4,1.0,1,none,0,0,0,0.13776800005871337,112,4,112,112,0,8,0,0
wine,59,cold,PreFilter-IVF,178,13,10,4,0.02247191011235955,4,1.0,1,none,0,0,0,0.1518130000022211,42,4,4,42,12,2,0,0
wine,59,cold,PACER-A,178,13,10,4,0.02247191011235955,4,1.0,1,none,0,0,0,0.1715500000045722,4,4,4,4,2,2,1,0
wine,59,cold,PACER-C,178,13,10,4,0.02247191011235955,4,1.0,1,none,0,0,0,0.19293100012873765,4,4,4,4,2,2,1,0
wine,59,cold,PACER-X,178,13,10,4,0.02247191011235955,4,1.0,1,none,0,0,0,0.14581099981114676,4,4,4,4,2,2,1,0
wine,59,cold,StaleNoRecheck,178,13,10,4,0.02247191011235955,4,1.0,1,none,0,0,0,0.11950700013585447,112,4,112,112,0,8,0,0
wine,59,cold,NaiveNoPolicy,178,13,10,4,0.02247191011235955,10,0.5,0,ranking_truncation,8,0,0,0.05512700022336503,112,112,112,0,0,8,0,0
wine,60,broad,ExactSecure,178,13,10,166,0.9325842696629213,10,1.0,1,none,0,0,0,0.1526999999441614,178,166,166,178,0,0,1,0
wine,60,broad,PostFilter-IVF,178,13,10,166,0.9325842696629213,10,1.0,1,none,0,0,0,0.15854499997658422,136,129,136,136,0,8,0,0
wine,60,broad,AdaptivePostFilter-IVF,178,13,10,166,0.9325842696629213,10,1.0,1,none,0,0,0,0.5483759998696769,178,166,178,178,0,12,0,0
wine,60,broad,TenantPartition-IVF,178,13,10,166,0.9325842696629213,10,1.0,1,none,0,0,0,0.22977899993747997,136,129,136,136,0,8,0,0
wine,60,broad,PreFilter-IVF,178,13,10,166,0.9325842696629213,10,1.0,1,none,0,0,0,1.1954340000102093,136,127,127,136,8,8,0,0
wine,60,broad,PACER-A,178,13,10,166,0.9325842696629213,10,1.0,1,none,0,0,0,0.6663710000793799,122,116,122,122,7,7,1,0
wine,60,broad,PACER-C,178,13,10,166,0.9325842696629213,10,1.0,1,none,0,0,0,0.6547010000303999,122,116,122,122,7,7,1,0
wine,60,broad,PACER-X,178,13,10,166,0.9325842696629213,10,1.0,1,none,0,0,0,0.6437939998704678,122,116,122,122,7,7,1,0
wine,60,broad,StaleNoRecheck,178,13,10,166,0.9325842696629213,10,0.9,0,ranking_truncation,0,1,0,0.17154299985122634,136,136,136,136,0,8,0,0
wine,60,broad,NaiveNoPolicy,178,13,10,166,0.9325842696629213,10,0.9,0,ranking_truncation,0,1,0,0.0609090000125434,136,136,136,0,0,8,0,0
wine,61,medium,ExactSecure,178,13,10,31,0.17415730337078653,10,1.0,1,none,0,0,0,0.12992099982511718,178,31,31,178,0,0,1,0
wine,61,medium,PostFilter-IVF,178,13,10,31,0.17415730337078653,10,1.0,1,none,0,0,0,0.20941699995091767,124,31,124,124,0,8,0,0
wine,61,medium,AdaptivePostFilter-IVF,178,13,10,31,0.17415730337078653,10,1.0,1,none,0,0,0,0.9010310000121535,178,31,178,178,0,12,0,0
wine,61,medium,TenantPartition-IVF,178,13,10,31,0.17415730337078653,10,1.0,1,none,0,0,0,0.31430500007445517,124,31,124,124,0,8,0,0
wine,61,medium,PreFilter-IVF,178,13,10,31,0.17415730337078653,10,1.0,1,none,0,0,0,0.5855659999269847,97,31,31,97,12,5,0,0
wine,61,medium,PACER-A,178,13,10,31,0.17415730337078653,10,1.0,1,none,0,0,0,0.48288900006809854,32,31,32,32,6,5,1,0
wine,61,medium,PACER-C,178,13,10,31,0.17415730337078653,10,1.0,1,none,0,0,0,0.38220900000851543,32,31,32,32,6,5,1,0
wine,61,medium,PACER-X,178,13,10,31,0.17415730337078653,10,1.0,1,none,0,0,0,0.36550000004353933,32,31,32,32,6,5,1,0
wine,61,medium,StaleNoRecheck,178,13,10,31,0.17415730337078653,10,0.9,0,ranking_truncation,0,1,0,0.18125699989468558,124,32,124,124,0,8,0,0
wine,61,medium,NaiveNoPolicy,178,13,10,31,0.17415730337078653,10,0.5,0,ranking_truncation,5,0,0,0.06725000002916204,124,124,124,0,0,8,0,0
wine,62,narrow,ExactSecure,178,13,10,3,0.016853932584269662,3,1.0,1,none,0,0,0,0.12174199991932255,178,3,3,178,0,0,1,0
wine,62,narrow,PostFilter-IVF,178,13,10,3,0.016853932584269662,3,1.0,1,none,0,0,0,0.13248400000520633,125,3,125,125,0,8,0,0
wine,62,narrow,AdaptivePostFilter-IVF,178,13,10,3,0.016853932584269662,3,1.0,1,none,0,0,0,0.5206490000091435,178,3,178,178,0,12,0,0
wine,62,narrow,TenantPartition-IVF,178,13,10,3,0.016853932584269662,3,1.0,1,none,0,0,0,0.12494600014179014,125,3,125,125,0,8,0,0
wine,62,narrow,PreFilter-IVF,178,13,10,3,0.016853932584269662,3,1.0,1,none,0,0,0,0.14452599998548976,46,3,3,46,12,2,0,0
wine,62,narrow,PACER-A,178,13,10,3,0.016853932584269662,3,1.0,1,none,0,0,0,0.171663000173794,3,3,3,3,3,2,1,0
wine,62,narrow,PACER-C,178,13,10,3,0.016853932584269662,3,1.0,1,none,0,0,0,0.1770349999787868,3,3,3,3,3,2,1,0
wine,62,narrow,PACER-X,178,13,10,3,0.016853932584269662,3,1.0,1,none,0,0,0,0.15022200000203156,3,3,3,3,3,2,1,0
wine,62,narrow,StaleNoRecheck,178,13,10,3,0.016853932584269662,3,1.0,1,none,0,0,0,0.12546799985102552,125,3,125,125,0,8,0,0
wine,62,narrow,NaiveNoPolicy,178,13,10,3,0.016853932584269662,10,0.6666666666666666,0,ranking_truncation,8,0,0,0.05560500017054437,125,125,125,0,0,8,0,0
wine,63,cold,ExactSecure,178,13,10,4,0.02247191011235955,4,1.0,1,none,0,0,0,0.12062600012541225,178,4,4,178,0,0,1,0
wine,63,cold,PostFilter-IVF,178,13,10,4,0.02247191011235955,4,1.0,1,none,0,0,0,0.15694099988650123,112,4,112,112,0,8,0,0
wine,63,cold,AdaptivePostFilter-IVF,178,13,10,4,0.02247191011235955,4,1.0,1,none,0,0,0,0.47250099987650174,178,4,178,178,0,12,0,0
wine,63,cold,TenantPartition-IVF,178,13,10,4,0.02247191011235955,4,1.0,1,none,0,0,0,0.12748200015266775,112,4,112,112,0,8,0,0
wine,63,cold,PreFilter-IVF,178,13,10,4,0.02247191011235955,4,1.0,1,none,0,0,0,0.15084100004969514,42,4,4,42,12,2,0,0
wine,63,cold,PACER-A,178,13,10,4,0.02247191011235955,4,1.0,1,none,0,0,0,0.19790300007116457,4,4,4,4,3,2,1,0
wine,63,cold,PACER-C,178,13,10,4,0.02247191011235955,4,1.0,1,none,0,0,0,0.17889600007947593,4,4,4,4,3,2,1,0
wine,63,cold,PACER-X,178,13,10,4,0.02247191011235955,4,1.0,1,none,0,0,0,0.14666400011265068,4,4,4,4,3,2,1,0
wine,63,cold,StaleNoRecheck,178,13,10,4,0.02247191011235955,4,1.0,1,none,0,0,0,0.11634099996626901,112,4,112,112,0,8,0,0
wine,63,cold,NaiveNoPolicy,178,13,10,4,0.02247191011235955,10,0.25,0,ranking_truncation,9,2,0,0.05432499983726302,112,112,112,0,0,8,0,0
wine,64,broad,ExactSecure,178,13,10,164,0.9213483146067416,10,1.0,1,none,0,0,0,0.15697899993938336,178,164,164,178,0,0,1,0
wine,64,broad,PostFilter-IVF,178,13,10,164,0.9213483146067416,10,1.0,1,none,0,0,0,0.16184100013560965,118,108,118,118,0,8,0,0
wine,64,broad,AdaptivePostFilter-IVF,178,13,10,164,0.9213483146067416,10,1.0,1,none,0,0,0,0.49665699998513446,178,164,178,178,0,12,0,0
wine,64,broad,TenantPartition-IVF,178,13,10,164,0.9213483146067416,10,1.0,1,none,0,0,0,0.19486099995447148,118,108,118,118,0,8,0,0
wine,64,broad,PreFilter-IVF,178,13,10,164,0.9213483146067416,10,1.0,1,none,0,0,0,1.182167999786543,128,116,116,128,8,8,0,0
wine,64,broad,PACER-A,178,13,10,164,0.9213483146067416,10,1.0,1,none,0,0,0,0.5920219998643006,97,91,97,97,5,5,1,0
wine,64,broad,PACER-C,178,13,10,164,0.9213483146067416,10,1.0,1,none,0,0,0,0.4821569998512132,97,91,97,97,5,5,1,0
wine,64,broad,PACER-X,178,13,10,164,0.9213483146067416,10,1.0,1,none,0,0,0,0.5496969999967405,97,91,97,97,5,5,1,0
wine,64,broad,StaleNoRecheck,178,13,10,164,0.9213483146067416,10,1.0,1,none,0,0,0,0.15969099990797986,118,118,118,118,0,8,0,0
wine,64,broad,NaiveNoPolicy,178,13,10,164,0.9213483146067416,10,1.0,1,none,0,0,0,0.06714599999213533,118,118,118,0,0,8,0,0
wine,65,medium,ExactSecure,178,13,10,34,0.19101123595505617,10,1.0,1,none,0,0,0,0.12938700001541292,178,34,34,178,0,0,1,0
wine,65,medium,PostFilter-IVF,178,13,10,34,0.19101123595505617,10,1.0,1,none,0,0,0,0.20014599999740312,106,33,106,106,0,8,0,0
wine,65,medium,AdaptivePostFilter-IVF,178,13,10,34,0.19101123595505617,10,1.0,1,none,0,0,0,0.4868790001637535,178,34,178,178,0,12,0,0
wine,65,medium,TenantPartition-IVF,178,13,10,34,0.19101123595505617,10,1.0,1,none,0,0,0,0.147705000017595,106,33,106,106,0,8,0,0
wine,65,medium,PreFilter-IVF,178,13,10,34,0.19101123595505617,10,1.0,1,none,0,0,0,0.49108600001090963,97,34,34,97,12,7,0,0
wine,65,medium,PACER-A,178,13,10,34,0.19101123595505617,10,1.0,1,none,0,0,0,0.5177799998818955,36,34,36,36,8,7,1,0
wine,65,medium,PACER-C,178,13,10,34,0.19101123595505617,10,1.0,1,none,0,0,0,0.5830679999689892,36,34,36,36,8,7,1,0
wine,65,medium,PACER-X,178,13,10,34,0.19101123595505617,10,1.0,1,none,0,0,0,0.5461850000756385,36,34,36,36,8,7,1,0
wine,65,medium,StaleNoRecheck,178,13,10,34,0.19101123595505617,10,0.9,0,ranking_truncation,0,1,0,0.15738000001874752,106,35,106,106,0,8,0,0
wine,65,medium,NaiveNoPolicy,178,13,10,34,0.19101123595505617,10,0.3,0,ranking_truncation,7,0,0,0.05236299989519466,106,106,106,0,0,8,0,0
wine,66,narrow,ExactSecure,178,13,10,14,0.07865168539325842,10,1.0,1,none,0,0,0,0.1333929999418615,178,14,14,178,0,0,1,0
wine,66,narrow,PostFilter-IVF,178,13,10,14,0.07865168539325842,10,1.0,1,none,0,0,0,0.13616299997920578,118,14,118,118,0,8,0,0
wine,66,narrow,AdaptivePostFilter-IVF,178,13,10,14,0.07865168539325842,10,1.0,1,none,0,0,0,0.5973739998808014,178,14,178,178,0,12,0,0
wine,66,narrow,TenantPartition-IVF,178,13,10,14,0.07865168539325842,10,1.0,1,none,0,0,0,0.13942500004304748,118,14,118,118,0,8,0,0
wine,66,narrow,PreFilter-IVF,178,13,10,14,0.07865168539325842,10,1.0,1,none,0,0,0,0.42795699982889346,65,14,14,65,12,4,0,0
wine,66,narrow,PACER-A,178,13,10,14,0.07865168539325842,10,1.0,1,none,0,0,0,0.4233910001403274,15,14,15,15,6,4,1,0
wine,66,narrow,PACER-C,178,13,10,14,0.07865168539325842,10,1.0,1,none,0,0,0,0.32599399992250255,15,14,15,15,6,4,1,0
wine,66,narrow,PACER-X,178,13,10,14,0.07865168539325842,10,1.0,1,none,0,0,0,0.2881959999285755,15,14,15,15,6,4,1,0
wine,66,narrow,StaleNoRecheck,178,13,10,14,0.07865168539325842,10,0.9,0,ranking_truncation,0,1,0,0.13253399993118364,118,15,118,118,0,8,0,0
wine,66,narrow,NaiveNoPolicy,178,13,10,14,0.07865168539325842,10,0.5,0,ranking_truncation,4,1,1,0.05452899995361804,118,118,118,0,0,8,0,0
wine,67,cold,ExactSecure,178,13,10,1,0.0056179775280898875,1,1.0,1,none,0,0,0,0.1375929998630454,178,1,1,178,0,0,1,0
wine,67,cold,PostFilter-IVF,178,13,10,1,0.0056179775280898875,1,1.0,1,none,0,0,0,0.15447800001311407,136,1,136,136,0,8,0,0
wine,67,cold,AdaptivePostFilter-IVF,178,13,10,1,0.0056179775280898875,1,1.0,1,none,0,0,0,0.5029579999700218,178,1,178,178,0,12,0,0
wine,67,cold,TenantPartition-IVF,178,13,10,1,0.0056179775280898875,1,1.0,1,none,0,0,0,0.16995199985103682,136,1,136,136,0,8,0,0
wine,67,cold,PreFilter-IVF,178,13,10,1,0.0056179775280898875,1,1.0,1,none,0,0,0,0.11257799997110851,26,1,1,26,12,1,0,0
wine,67,cold,PACER-A,178,13,10,1,0.0056179775280898875,1,1.0,1,none,0,0,0,0.09677599996393838,1,1,1,1,1,1,1,0
wine,67,cold,PACER-C,178,13,10,1,0.0056179775280898875,1,1.0,1,none,0,0,0,0.08489499987263116,1,1,1,1,1,1,1,0
wine,67,cold,PACER-X,178,13,10,1,0.0056179775280898875,1,1.0,1,none,0,0,0,0.08385199998883763,1,1,1,1,1,1,1,0
wine,67,cold,StaleNoRecheck,178,13,10,1,0.0056179775280898875,1,1.0,1,none,0,0,0,0.14742300004400022,136,1,136,136,0,8,0,0
wine,67,cold,NaiveNoPolicy,178,13,10,1,0.0056179775280898875,10,1.0,0,ranking_truncation,9,1,3,0.07333200005632534,136,136,136,0,0,8,0,0
wine,68,broad,ExactSecure,178,13,10,164,0.9213483146067416,10,1.0,1,none,0,0,0,0.14065200002733036,178,164,164,178,0,0,1,0
wine,68,broad,PostFilter-IVF,178,13,10,164,0.9213483146067416,10,1.0,1,none,0,0,0,0.1493080001182534,136,128,136,136,0,8,0,0
wine,68,broad,AdaptivePostFilter-IVF,178,13,10,164,0.9213483146067416,10,1.0,1,none,0,0,0,0.5452560001231177,178,164,178,178,0,12,0,0
wine,68,broad,TenantPartition-IVF,178,13,10,164,0.9213483146067416,10,1.0,1,none,0,0,0,0.1697710001735686,136,128,136,136,0,8,0,0
wine,68,broad,PreFilter-IVF,178,13,10,164,0.9213483146067416,10,1.0,1,none,0,0,0,1.1565199999949982,136,126,126,136,8,8,0,0
wine,68,broad,PACER-A,178,13,10,164,0.9213483146067416,10,1.0,1,none,0,0,0,0.7176980000167532,122,114,122,122,7,7,1,0
wine,68,broad,PACER-C,178,13,10,164,0.9213483146067416,10,1.0,1,none,0,0,0,0.6423799998174218,122,114,122,122,7,7,1,0
wine,68,broad,PACER-X,178,13,10,164,0.9213483146067416,10,1.0,1,none,0,0,0,0.7265939998433169,122,114,122,122,7,7,1,0
wine,68,broad,StaleNoRecheck,178,13,10,164,0.9213483146067416,10,1.0,1,none,0,0,0,0.16270599985546141,136,136,136,136,0,8,0,0
wine,68,broad,NaiveNoPolicy,178,13,10,164,0.9213483146067416,10,1.0,1,none,0,0,0,0.056756000049063005,136,136,136,0,0,8,0,0
wine,69,medium,ExactSecure,178,13,10,47,0.2640449438202247,10,1.0,1,none,0,0,0,0.133211000047595,178,47,47,178,0,0,1,0
wine,69,medium,PostFilter-IVF,178,13,10,47,0.2640449438202247,10,1.0,1,none,0,0,0,0.1497020000442717,107,24,107,107,0,8,0,0
wine,69,medium,AdaptivePostFilter-IVF,178,13,10,47,0.2640449438202247,10,1.0,1,none,0,0,0,0.4996989998744539,178,47,178,178,0,12,0,0
wine,69,medium,TenantPartition-IVF,178,13,10,47,0.2640449438202247,10,1.0,1,none,0,0,0,0.15896200011411565,107,24,107,107,0,8,0,0
wine,69,medium,PreFilter-IVF,178,13,10,47,0.2640449438202247,10,1.0,1,none,0,0,0,0.5293960000471998,136,47,47,136,11,8,0,0
wine,69,medium,PACER-A,178,13,10,47,0.2640449438202247,10,1.0,1,none,0,0,0,0.4933620000429073,27,26,27,27,6,5,1,0
wine,69,medium,PACER-C,178,13,10,47,0.2640449438202247,10,1.0,1,none,0,0,0,0.5038850001710671,27,26,27,27,6,5,1,0
wine,69,medium,PACER-X,178,13,10,47,0.2640449438202247,10,1.0,1,none,0,0,0,0.8720769999399636,27,26,27,27,6,5,1,0
wine,69,medium,StaleNoRecheck,178,13,10,47,0.2640449438202247,10,1.0,1,none,0,0,0,0.14614399992751714,107,25,107,107,0,8,0,0
wine,69,medium,NaiveNoPolicy,178,13,10,47,0.2640449438202247,10,0.6,0,ranking_truncation,4,1,0,0.07349400016209984,107,107,107,0,0,8,0,0
wine,70,narrow,ExactSecure,178,13,10,3,0.016853932584269662,3,1.0,1,none,0,0,0,0.2734729998792318,178,3,3,178,0,0,1,0
wine,70,narrow,PostFilter-IVF,178,13,10,3,0.016853932584269662,3,1.0,1,none,0,0,0,0.2578580001681985,114,3,114,114,0,8,0,0
wine,70,narrow,AdaptivePostFilter-IVF,178,13,10,3,0.016853932584269662,3,1.0,1,none,0,0,0,0.5326049999894167,178,3,178,178,0,12,0,0
wine,70,narrow,TenantPartition-IVF,178,13,10,3,0.016853932584269662,3,1.0,1,none,0,0,0,0.12866599990957184,114,3,114,114,0,8,0,0
wine,70,narrow,PreFilter-IVF,178,13,10,3,0.016853932584269662,3,1.0,1,none,0,0,0,0.15716399980192364,46,3,3,46,12,2,0,0
wine,70,narrow,PACER-A,178,13,10,3,0.016853932584269662,3,1.0,1,none,0,0,0,0.17428799992558197,3,3,3,3,2,2,1,0
wine,70,narrow,PACER-C,178,13,10,3,0.016853932584269662,3,1.0,1,none,0,0,0,0.15372400002888753,3,3,3,3,2,2,1,0
wine,70,narrow,PACER-X,178,13,10,3,0.016853932584269662,3,1.0,1,none,0,0,0,0.15486100005546177,3,3,3,3,2,2,1,0
wine,70,narrow,StaleNoRecheck,178,13,10,3,0.016853932584269662,3,1.0,1,none,0,0,0,0.12290400013625913,114,3,114,114,0,8,0,0
wine,70,narrow,NaiveNoPolicy,178,13,10,3,0.016853932584269662,10,0.3333333333333333,0,ranking_truncation,9,0,0,0.05840799985890044,114,114,114,0,0,8,0,0
wine,71,cold,ExactSecure,178,13,10,1,0.0056179775280898875,1,1.0,1,none,0,0,0,0.12360599998828548,178,1,1,178,0,0,1,0
wine,71,cold,PostFilter-IVF,178,13,10,1,0.0056179775280898875,1,1.0,1,none,0,0,0,0.1509220001025824,138,1,138,138,0,8,0,0
wine,71,cold,AdaptivePostFilter-IVF,178,13,10,1,0.0056179775280898875,1,1.0,1,none,0,0,0,0.5477989998325938,178,1,178,178,0,12,0,0
wine,71,cold,TenantPartition-IVF,178,13,10,1,0.0056179775280898875,1,1.0,1,none,0,0,0,0.14757199983250757,138,1,138,138,0,8,0,0
wine,71,cold,PreFilter-IVF,178,13,10,1,0.0056179775280898875,1,1.0,1,none,0,0,0,0.12096699992980575,15,1,1,15,12,1,0,0
wine,71,cold,PACER-A,178,13,10,1,0.0056179775280898875,1,1.0,1,none,0,0,0,0.09400399994774489,1,1,1,1,2,1,1,0
wine,71,cold,PACER-C,178,13,10,1,0.0056179775280898875,1,1.0,1,none,0,0,0,0.08567600002606923,1,1,1,1,2,1,1,0
wine,71,cold,PACER-X,178,13,10,1,0.0056179775280898875,1,1.0,1,none,0,0,0,0.08431600008407258,1,1,1,1,2,1,1,0
wine,71,cold,StaleNoRecheck,178,13,10,1,0.0056179775280898875,1,1.0,1,none,0,0,0,0.17601800004740653,138,1,138,138,0,8,0,0
wine,71,cold,NaiveNoPolicy,178,13,10,1,0.0056179775280898875,10,1.0,0,ranking_truncation,9,2,0,0.083199000073364,138,138,138,0,0,8,0,0
wine,72,broad,ExactSecure,178,13,10,161,0.9044943820224719,10,1.0,1,none,0,0,0,0.13602099988929695,178,161,161,178,0,0,1,0
wine,72,broad,PostFilter-IVF,178,13,10,161,0.9044943820224719,10,1.0,1,none,0,0,0,0.16501200002494443,130,117,130,130,0,8,0,0
wine,72,broad,AdaptivePostFilter-IVF,178,13,10,161,0.9044943820224719,10,1.0,1,none,0,0,0,0.5533359999390086,178,161,178,178,0,12,0,0
wine,72,broad,TenantPartition-IVF,178,13,10,161,0.9044943820224719,10,1.0,1,none,0,0,0,0.2279870000165829,130,117,130,130,0,8,0,0
wine,72,broad,PreFilter-IVF,178,13,10,161,0.9044943820224719,10,1.0,1,none,0,0,0,1.2460569998893334,130,117,117,130,8,8,0,0
wine,72,broad,PACER-A,178,13,10,161,0.9044943820224719,10,1.0,1,none,0,0,0,0.7442819999141648,122,111,122,122,7,7,1,0
wine,72,broad,PACER-C,178,13,10,161,0.9044943820224719,10,1.0,1,none,0,0,0,0.6529540000883571,122,111,122,122,7,7,1,0
wine,72,broad,PACER-X,178,13,10,161,0.9044943820224719,10,1.0,1,none,0,0,0,0.5978550000236282,122,111,122,122,7,7,1,0
wine,72,broad,StaleNoRecheck,178,13,10,161,0.9044943820224719,10,0.9,0,ranking_truncation,0,1,0,0.19493900003908493,130,130,130,130,0,8,0,0
wine,72,broad,NaiveNoPolicy,178,13,10,161,0.9044943820224719,10,0.9,0,ranking_truncation,0,1,0,0.06532099996547913,130,130,130,0,0,8,0,0
wine,73,medium,ExactSecure,178,13,10,32,0.1797752808988764,10,1.0,1,none,0,0,0,0.13222099983067892,178,32,32,178,0,0,1,0
wine,73,medium,PostFilter-IVF,178,13,10,32,0.1797752808988764,10,1.0,1,none,0,0,0,0.14322399988486723,123,23,123,123,0,8,0,0
wine,73,medium,AdaptivePostFilter-IVF,178,13,10,32,0.1797752808988764,10,1.0,1,none,0,0,0,0.5110839999815653,178,32,178,178,0,12,0,0
wine,73,medium,TenantPartition-IVF,178,13,10,32,0.1797752808988764,10,1.0,1,none,0,0,0,0.1955109999016713,123,23,123,123,0,8,0,0
wine,73,medium,PreFilter-IVF,178,13,10,32,0.1797752808988764,10,1.0,1,none,0,0,0,0.7763539999814384,133,30,30,133,8,8,0,0
wine,73,medium,PACER-A,178,13,10,32,0.1797752808988764,10,1.0,1,none,0,0,0,0.6988269999510521,35,32,35,35,11,9,1,0
wine,73,medium,PACER-C,178,13,10,32,0.1797752808988764,10,1.0,1,none,0,0,0,0.7160219997786044,35,32,35,35,11,9,1,0
wine,73,medium,PACER-X,178,13,10,32,0.1797752808988764,10,1.0,1,none,0,0,0,0.617073999819695,35,32,35,35,11,9,1,0
wine,73,medium,StaleNoRecheck,178,13,10,32,0.1797752808988764,10,1.0,1,none,0,0,0,0.164370999982566,123,26,123,123,0,8,0,0
wine,73,medium,NaiveNoPolicy,178,13,10,32,0.1797752808988764,10,0.4,0,ranking_truncation,6,0,0,0.05554599988499831,123,123,123,0,0,8,0,0
wine,74,narrow,ExactSecure,178,13,10,15,0.08426966292134831,10,1.0,1,none,0,0,0,0.13693100004275038,178,15,15,178,0,0,1,0
wine,74,narrow,PostFilter-IVF,178,13,10,15,0.08426966292134831,10,1.0,1,none,0,0,0,0.1378140000269923,114,14,114,114,0,8,0,0
wine,74,narrow,AdaptivePostFilter-IVF,178,13,10,15,0.08426966292134831,10,1.0,1,none,0,0,0,0.4827069999464584,178,15,178,178,0,12,0,0
wine,74,narrow,TenantPartition-IVF,178,13,10,15,0.08426966292134831,10,1.0,1,none,0,0,0,0.13126099997862184,114,14,114,114,0,8,0,0
wine,74,narrow,PreFilter-IVF,178,13,10,15,0.08426966292134831,10,1.0,1,none,0,0,0,0.39121800000430085,65,15,15,65,12,4,0,0
wine,74,narrow,PACER-A,178,13,10,15,0.08426966292134831,10,1.0,1,none,0,0,0,0.565558000062083,15,15,15,15,7,4,1,0
wine,74,narrow,PACER-C,178,13,10,15,0.08426966292134831,10,1.0,1,none,0,0,0,0.31247600009010057,15,15,15,15,7,4,1,0
wine,74,narrow,PACER-X,178,13,10,15,0.08426966292134831,10,1.0,1,none,0,0,0,0.2845100000286038,15,15,15,15,7,4,1,0
wine,74,narrow,StaleNoRecheck,178,13,10,15,0.08426966292134831,10,1.0,1,none,0,0,0,0.16922000008889881,114,14,114,114,0,8,0,0
wine,74,narrow,NaiveNoPolicy,178,13,10,15,0.08426966292134831,10,0.6,0,ranking_truncation,4,1,0,0.06849300007161219,114,114,114,0,0,8,0,0
wine,75,cold,ExactSecure,178,13,10,1,0.0056179775280898875,1,1.0,1,none,0,0,0,0.12218699998811644,178,1,1,178,0,0,1,0
wine,75,cold,PostFilter-IVF,178,13,10,1,0.0056179775280898875,1,1.0,1,none,0,0,0,0.12006899987682118,96,1,96,96,0,8,0,0
wine,75,cold,AdaptivePostFilter-IVF,178,13,10,1,0.0056179775280898875,1,1.0,1,none,0,0,0,0.46655400001327507,178,1,178,178,0,12,0,0
wine,75,cold,TenantPartition-IVF,178,13,10,1,0.0056179775280898875,1,1.0,1,none,0,0,0,0.11580900013541395,96,1,96,96,0,8,0,0
wine,75,cold,PreFilter-IVF,178,13,10,1,0.0056179775280898875,1,1.0,1,none,0,0,0,0.099800000043615,14,1,1,14,12,1,0,0
wine,75,cold,PACER-A,178,13,10,1,0.0056179775280898875,1,1.0,1,none,0,0,0,0.10888899987548939,1,1,1,1,2,1,1,0
wine,75,cold,PACER-C,178,13,10,1,0.0056179775280898875,1,1.0,1,none,0,0,0,0.08572100000492355,1,1,1,1,2,1,1,0
wine,75,cold,PACER-X,178,13,10,1,0.0056179775280898875,1,1.0,1,none,0,0,0,0.08363699998881202,1,1,1,1,2,1,1,0
wine,75,cold,StaleNoRecheck,178,13,10,1,0.0056179775280898875,1,1.0,1,none,0,0,0,0.11986200001956604,96,1,96,96,0,8,0,0
wine,75,cold,NaiveNoPolicy,178,13,10,1,0.0056179775280898875,10,1.0,0,ranking_truncation,9,0,0,0.052667999852928915,96,96,96,0,0,8,0,0
wine,76,broad,ExactSecure,178,13,10,161,0.9044943820224719,10,1.0,1,none,0,0,0,0.14427699989028042,178,161,161,178,0,0,1,0
wine,76,broad,PostFilter-IVF,178,13,10,161,0.9044943820224719,10,1.0,1,none,0,0,0,0.13627399994220468,107,97,107,107,0,8,0,0
wine,76,broad,AdaptivePostFilter-IVF,178,13,10,161,0.9044943820224719,10,1.0,1,none,0,0,0,0.5088180000711873,178,161,178,178,0,12,0,0
wine,76,broad,TenantPartition-IVF,178,13,10,161,0.9044943820224719,10,1.0,1,none,0,0,0,0.16136499993990583,107,97,107,107,0,8,0,0
wine,76,broad,PreFilter-IVF,178,13,10,161,0.9044943820224719,10,1.0,1,none,0,0,0,1.557546000185539,107,97,97,107,8,8,0,0
wine,76,broad,PACER-A,178,13,10,161,0.9044943820224719,10,1.0,1,none,0,0,0,0.6560950000675803,103,93,103,103,7,7,1,0
wine,76,broad,PACER-C,178,13,10,161,0.9044943820224719,10,1.0,1,none,0,0,0,0.6429430000025604,103,93,103,103,7,7,1,0
wine,76,broad,PACER-X,178,13,10,161,0.9044943820224719,10,1.0,1,none,0,0,0,0.5948000000444154,103,93,103,103,7,7,1,0
wine,76,broad,StaleNoRecheck,178,13,10,161,0.9044943820224719,10,0.8,0,ranking_truncation,0,2,0,0.1273029999993014,107,107,107,107,0,8,0,0
wine,76,broad,NaiveNoPolicy,178,13,10,161,0.9044943820224719,10,0.8,0,ranking_truncation,0,2,0,0.05266500011202879,107,107,107,0,0,8,0,0
wine,77,medium,ExactSecure,178,13,10,51,0.28651685393258425,10,1.0,1,none,0,0,0,0.13045700006841798,178,51,51,178,0,0,1,0
wine,77,medium,PostFilter-IVF,178,13,10,51,0.28651685393258425,10,1.0,1,none,0,0,0,0.15111600009731774,113,40,113,113,0,8,0,0
wine,77,medium,AdaptivePostFilter-IVF,178,13,10,51,0.28651685393258425,10,1.0,1,none,0,0,0,0.5000310000013997,178,51,178,178,0,12,0,0
wine,77,medium,TenantPartition-IVF,178,13,10,51,0.28651685393258425,10,1.0,1,none,0,0,0,0.1504660001501179,113,40,113,113,0,8,0,0
wine,77,medium,PreFilter-IVF,178,13,10,51,0.28651685393258425,10,1.0,1,none,0,0,0,0.4969050000909192,132,45,45,132,8,8,0,0
wine,77,medium,PACER-A,178,13,10,51,0.28651685393258425,10,1.0,1,none,0,0,0,0.7351599999765313,55,51,55,55,10,10,1,0
wine,77,medium,PACER-C,178,13,10,51,0.28651685393258425,10,1.0,1,none,0,0,0,0.6998759999987669,55,51,55,55,10,10,1,0
wine,77,medium,PACER-X,178,13,10,51,0.28651685393258425,10,1.0,1,none,0,0,0,0.7079110000631772,55,51,55,55,10,10,1,0
wine,77,medium,StaleNoRecheck,178,13,10,51,0.28651685393258425,10,0.9,0,ranking_truncation,0,1,0,0.149090000149954,113,43,113,113,0,8,0,0
wine,77,medium,NaiveNoPolicy,178,13,10,51,0.28651685393258425,10,0.8,0,ranking_truncation,2,1,0,0.07553999989795557,113,113,113,0,0,8,0,0
wine,78,narrow,ExactSecure,178,13,10,3,0.016853932584269662,3,1.0,1,none,0,0,0,0.2225700000053621,178,3,3,178,0,0,1,0
wine,78,narrow,PostFilter-IVF,178,13,10,3,0.016853932584269662,3,1.0,1,none,0,0,0,0.19413500012888107,118,3,118,118,0,8,0,0
wine,78,narrow,AdaptivePostFilter-IVF,178,13,10,3,0.016853932584269662,3,1.0,1,none,0,0,0,0.6946810001409176,178,3,178,178,0,12,0,0
wine,78,narrow,TenantPartition-IVF,178,13,10,3,0.016853932584269662,3,1.0,1,none,0,0,0,0.19154300002810487,118,3,118,118,0,8,0,0
wine,78,narrow,PreFilter-IVF,178,13,10,3,0.016853932584269662,3,1.0,1,none,0,0,0,0.20306100009293004,46,3,3,46,12,2,0,0
wine,78,narrow,PACER-A,178,13,10,3,0.016853932584269662,3,1.0,1,none,0,0,0,0.21009900001445203,3,3,3,3,3,2,1,0
wine,78,narrow,PACER-C,178,13,10,3,0.016853932584269662,3,1.0,1,none,0,0,0,0.2360099999805243,3,3,3,3,3,2,1,0
wine,78,narrow,PACER-X,178,13,10,3,0.016853932584269662,3,1.0,1,none,0,0,0,0.22995999984232185,3,3,3,3,3,2,1,0
wine,78,narrow,StaleNoRecheck,178,13,10,3,0.016853932584269662,3,1.0,1,none,0,0,0,0.23000800001682364,118,3,118,118,0,8,0,0
wine,78,narrow,NaiveNoPolicy,178,13,10,3,0.016853932584269662,10,0.3333333333333333,0,ranking_truncation,9,1,0,0.08844600006341352,118,118,118,0,0,8,0,0
wine,79,cold,ExactSecure,178,13,10,2,0.011235955056179775,2,1.0,1,none,0,0,0,0.12468299996726273,178,2,2,178,0,0,1,0
wine,79,cold,PostFilter-IVF,178,13,10,2,0.011235955056179775,2,1.0,1,none,0,0,0,0.14884099982737098,130,2,130,130,0,8,0,0
wine,79,cold,AdaptivePostFilter-IVF,178,13,10,2,0.011235955056179775,2,1.0,1,none,0,0,0,0.4666069999075262,178,2,178,178,0,12,0,0
wine,79,cold,TenantPartition-IVF,178,13,10,2,0.011235955056179775,2,1.0,1,none,0,0,0,0.12621699988812907,130,2,130,130,0,8,0,0
wine,79,cold,PreFilter-IVF,178,13,10,2,0.011235955056179775,2,1.0,1,none,0,0,0,0.10778800015032175,26,2,2,26,12,1,0,0
wine,79,cold,PACER-A,178,13,10,2,0.011235955056179775,2,1.0,1,none,0,0,0,0.09318699994764756,2,2,2,2,1,1,1,0
wine,79,cold,PACER-C,178,13,10,2,0.011235955056179775,2,1.0,1,none,0,0,0,0.08639500015306112,2,2,2,2,1,1,1,0
wine,79,cold,PACER-X,178,13,10,2,0.011235955056179775,2,1.0,1,none,0,0,0,0.08585399996263732,2,2,2,2,1,1,1,0
wine,79,cold,StaleNoRecheck,178,13,10,2,0.011235955056179775,2,1.0,1,none,0,0,0,0.13136899997334694,130,2,130,130,0,8,0,0
wine,79,cold,NaiveNoPolicy,178,13,10,2,0.011235955056179775,10,0.5,0,ranking_truncation,9,0,0,0.05970600000182458,130,130,130,0,0,8,0,0
