query_id,method,recall_at_k,secure_topk_exact,policy_violations,deleted_violations,tenant_violations,latency_ms,raw_candidates,policy_checks,certified
0,ExactSecure,1.0,1,0,0,0,6.825423000009323,12000,12000,1
0,BitmapSlice-Exact,1.0,1,0,0,0,0.19283599999653234,21,21,1
0,PostFilter-IVF,0.7,0,0,0,0,1.2306000000990025,1382,1382,0
0,PreFilter-IVF,1.0,1,0,0,0,75.61267599999155,1665,1665,0
0,PACER-A,1.0,1,0,0,0,1.2890499999684835,21,21,1
0,PACER-X,1.0,1,0,0,0,1.2005549999685172,21,21,1
1,ExactSecure,1.0,1,0,0,0,7.163198999933229,12000,12000,1
1,BitmapSlice-Exact,1.0,1,0,0,0,0.1901589998851705,25,25,1
1,PostFilter-IVF,0.6,0,0,0,0,1.3146349999715312,1647,1647,0
1,PreFilter-IVF,0.8,0,0,0,0,42.95892400000412,1860,1860,0
1,PACER-A,1.0,1,0,0,0,2.0157890000973566,25,25,1
1,PACER-X,1.0,1,0,0,0,1.797573999965607,25,25,1
2,ExactSecure,1.0,1,0,0,0,6.45787600001313,12000,12000,1
2,BitmapSlice-Exact,1.0,1,0,0,0,0.23493599996982084,53,53,1
2,PostFilter-IVF,0.7,0,0,0,0,1.3957410001239623,1676,1676,0
2,PreFilter-IVF,0.9,0,0,0,0,38.05583200005458,1639,1639,0
2,PACER-A,1.0,1,0,0,0,2.6265270000749297,53,53,1
2,PACER-X,1.0,1,0,0,0,2.312038000127359,53,53,1
3,ExactSecure,1.0,1,0,0,0,11.936409000099957,12000,12000,1
3,BitmapSlice-Exact,1.0,1,0,0,0,0.34379600015199685,45,45,1
3,PostFilter-IVF,0.2,0,0,0,0,2.907377000155975,1800,1800,0
3,PreFilter-IVF,0.8,0,0,0,0,38.88742200001616,1849,1849,0
3,PACER-A,1.0,1,0,0,0,2.0326379999460187,45,45,1
3,PACER-X,1.0,1,0,0,0,1.8723799998952018,45,45,1
4,ExactSecure,1.0,1,0,0,0,7.0056550000572315,12000,12000,1
4,BitmapSlice-Exact,1.0,1,0,0,0,0.2036360001511639,36,36,1
4,PostFilter-IVF,0.8,0,0,0,0,1.3265190000311122,1379,1379,0
4,PreFilter-IVF,1.0,1,0,0,0,65.37767700001496,1634,1634,0
4,PACER-A,1.0,1,0,0,0,2.344852999840441,36,36,1
4,PACER-X,1.0,1,0,0,0,2.3635229999854346,36,36,1
5,ExactSecure,1.0,1,0,0,0,6.566395999925589,12000,12000,1
5,BitmapSlice-Exact,1.0,1,0,0,0,0.21593600013147807,41,41,1
5,PostFilter-IVF,0.4,0,0,0,0,1.1648739998690871,1428,1428,0
5,PreFilter-IVF,0.8,0,0,0,0,27.51997400014261,1349,1349,0
5,PACER-A,1.0,1,0,0,0,2.240417999928468,41,41,1
5,PACER-X,1.0,1,0,0,0,1.937132999955793,41,41,1
6,ExactSecure,1.0,1,0,0,0,7.541819999914878,12000,12000,1
6,BitmapSlice-Exact,1.0,1,0,0,0,0.20440499997675943,35,35,1
6,PostFilter-IVF,0.5,0,0,0,0,1.5560429999368353,1477,1477,0
6,PreFilter-IVF,0.8,0,0,0,0,25.371334000055867,1328,1328,0
6,PACER-A,1.0,1,0,0,0,2.5904039998749795,35,35,1
6,PACER-X,1.0,1,0,0,0,2.041916000052879,35,35,1
7,ExactSecure,1.0,1,0,0,0,7.840208000061466,12000,12000,1
7,BitmapSlice-Exact,1.0,1,0,0,0,0.5279120000523108,92,92,1
7,PostFilter-IVF,0.3,0,0,0,0,1.2180850001186627,1373,1373,0
7,PreFilter-IVF,0.7,0,0,0,0,43.29043799998544,1565,1565,0
7,PACER-A,1.0,1,0,0,0,4.072939000025144,92,92,1
7,PACER-X,1.0,1,0,0,0,3.72396799980379,92,92,1
8,ExactSecure,1.0,1,0,0,0,7.650560999991285,12000,12000,1
8,BitmapSlice-Exact,1.0,1,0,0,0,0.21662600011040922,24,24,1
8,PostFilter-IVF,0.3,0,0,0,0,1.4903590001722478,1470,1470,0
8,PreFilter-IVF,0.8,0,0,0,0,46.194253000066965,1811,1811,0
8,PACER-A,1.0,1,0,0,0,1.74335500014422,24,24,1
8,PACER-X,1.0,1,0,0,0,1.5230510000492359,24,24,1
9,ExactSecure,1.0,1,0,0,0,6.735854999988078,12000,12000,1
9,BitmapSlice-Exact,1.0,1,0,0,0,0.19505000000208383,35,35,1
9,PostFilter-IVF,0.4,0,0,0,0,1.4217800001006253,1660,1660,0
9,PreFilter-IVF,0.8,0,0,0,0,16.798560000097496,1904,1904,0
9,PACER-A,1.0,1,0,0,0,2.165941999919596,35,35,1
9,PACER-X,1.0,1,0,0,0,2.538737999884688,35,35,1
10,ExactSecure,1.0,1,0,0,0,7.902396999952543,12000,12000,1
10,BitmapSlice-Exact,1.0,1,0,0,0,0.2630129999943165,38,38,1
10,PostFilter-IVF,0.4,0,0,0,0,1.63574500015784,1477,1477,0
10,PreFilter-IVF,0.9,0,0,0,0,31.878904999985025,1723,1723,0
10,PACER-A,1.0,1,0,0,0,1.7980180000449764,38,38,1
10,PACER-X,1.0,1,0,0,0,1.6074200000275596,38,38,1
11,ExactSecure,1.0,1,0,0,0,7.1380539998244785,12000,12000,1
11,BitmapSlice-Exact,1.0,1,0,0,0,0.3547939998043148,74,74,1
11,PostFilter-IVF,0.2,0,0,0,0,1.602000000048065,1664,1664,0
11,PreFilter-IVF,0.7,0,0,0,0,34.41136900005404,1790,1790,0
11,PACER-A,1.0,1,0,0,0,3.6381979998623137,74,74,1
11,PACER-X,1.0,1,0,0,0,3.093184000135807,74,74,1
12,ExactSecure,1.0,1,0,0,0,7.922517999986667,12000,12000,1
12,BitmapSlice-Exact,1.0,1,0,0,0,0.24666300009812403,30,30,1
12,PostFilter-IVF,0.4,0,0,0,0,1.3195729998187744,1393,1393,0
12,PreFilter-IVF,1.0,1,0,0,0,35.14812000003076,1661,1661,0
12,PACER-A,1.0,1,0,0,0,1.7936980000285985,30,30,1
12,PACER-X,1.0,1,0,0,0,1.63943500001551,30,30,1
13,ExactSecure,1.0,1,0,0,0,6.624711000085881,12000,12000,1
13,BitmapSlice-Exact,1.0,1,0,0,0,0.3528469999309891,46,46,1
13,PostFilter-IVF,0.2,0,0,0,0,1.4040969999769004,1629,1629,0
13,PreFilter-IVF,0.6,0,0,0,0,30.147983000006207,1591,1591,0
13,PACER-A,1.0,1,0,0,0,2.7181959999325045,46,46,1
13,PACER-X,1.0,1,0,0,0,2.6793350000389182,46,46,1
14,ExactSecure,1.0,1,0,0,0,7.65070299985382,12000,12000,1
14,BitmapSlice-Exact,1.0,1,0,0,0,0.23608699984833947,34,34,1
14,PostFilter-IVF,0.4,0,0,0,0,1.4044409999769414,1488,1488,0
14,PreFilter-IVF,0.9,0,0,0,0,28.27646800005823,1802,1802,0
14,PACER-A,1.0,1,0,0,0,1.6705210000509396,34,34,1
14,PACER-X,1.0,1,0,0,0,1.5772350000133883,34,34,1
15,ExactSecure,1.0,1,0,0,0,8.70192299998962,12000,12000,1
15,BitmapSlice-Exact,1.0,1,0,0,0,0.28612099981728534,37,37,1
15,PostFilter-IVF,0.1,0,0,0,0,1.8026409998128656,1349,1349,0
15,PreFilter-IVF,0.7,0,0,0,0,36.70121499999368,1835,1835,0
15,PACER-A,1.0,1,0,0,0,1.6800140001578256,37,37,1
15,PACER-X,1.0,1,0,0,0,1.7623960000037187,37,37,1
16,ExactSecure,1.0,1,0,0,0,6.503352999970957,12000,12000,1
16,BitmapSlice-Exact,1.0,1,0,0,0,0.18850900005418225,34,34,1
16,PostFilter-IVF,0.3,0,0,0,0,1.4032669998869096,1700,1700,0
16,PreFilter-IVF,1.0,1,0,0,0,29.96869499997956,1406,1406,0
16,PACER-A,1.0,1,0,0,0,1.7661170002156723,34,34,1
16,PACER-X,1.0,1,0,0,0,1.6278309999506746,34,34,1
17,ExactSecure,1.0,1,0,0,0,10.906129999966652,12000,12000,1
17,BitmapSlice-Exact,1.0,1,0,0,0,0.15535800002908218,16,16,1
17,PostFilter-IVF,0.4,0,0,0,0,1.159996000069441,1475,1475,0
17,PreFilter-IVF,1.0,1,0,0,0,56.74844300006043,1758,1758,0
17,PACER-A,1.0,1,0,0,0,1.1382970001250214,16,16,1
17,PACER-X,1.0,1,0,0,0,0.9234960000412684,16,16,1
18,ExactSecure,1.0,1,0,0,0,6.528069000069081,12000,12000,1
18,BitmapSlice-Exact,1.0,1,0,0,0,0.17329400020571484,25,25,1
18,PostFilter-IVF,0.6,0,0,0,0,1.2349460000677936,1494,1494,0
18,PreFilter-IVF,0.7,0,0,0,0,50.85218299996086,1783,1783,0
18,PACER-A,1.0,1,0,0,0,1.7060480001873657,25,25,1
18,PACER-X,1.0,1,0,0,0,1.4360789998590917,25,25,1
19,ExactSecure,1.0,1,0,0,0,6.494755000176156,12000,12000,1
19,BitmapSlice-Exact,1.0,1,0,0,0,0.300843999866629,58,58,1
19,PostFilter-IVF,0.2,0,0,0,0,1.4500219999717956,1774,1774,0
19,PreFilter-IVF,0.4,0,0,0,0,34.49299399994743,1589,1589,0
19,PACER-A,1.0,1,0,0,0,2.1548479999182746,58,58,1
19,PACER-X,1.0,1,0,0,0,2.0868230001269694,58,58,1
20,ExactSecure,1.0,1,0,0,0,11.413461000074676,12000,12000,1
20,BitmapSlice-Exact,1.0,1,0,0,0,0.2751979998265597,31,31,1
20,PostFilter-IVF,0.5,0,0,0,0,1.9340329999977257,1324,1324,0
20,PreFilter-IVF,0.9,0,0,0,0,30.637685999863606,1443,1443,0
20,PACER-A,1.0,1,0,0,0,2.1193979998770374,31,31,1
20,PACER-X,1.0,1,0,0,0,1.6770080001151655,31,31,1
21,ExactSecure,1.0,1,0,0,0,7.232189999967886,12000,12000,1
21,BitmapSlice-Exact,1.0,1,0,0,0,0.29095900003994757,44,44,1
21,PostFilter-IVF,0.4,0,0,0,0,1.8314569999802188,1800,1800,0
21,PreFilter-IVF,0.9,0,0,0,0,71.16657899996426,1844,1844,0
21,PACER-A,1.0,1,0,0,0,2.2779590001391625,44,44,1
21,PACER-X,1.0,1,0,0,0,1.606940000101531,44,44,1
22,ExactSecure,1.0,1,0,0,0,11.371664000080273,12000,12000,1
22,BitmapSlice-Exact,1.0,1,0,0,0,0.2570270000887831,63,63,1
22,PostFilter-IVF,0.8,0,0,0,0,1.4201540000158275,1493,1493,0
22,PreFilter-IVF,1.0,1,0,0,0,27.708458999995855,1799,1799,0
22,PACER-A,1.0,1,0,0,0,2.03303400007826,63,63,1
22,PACER-X,1.0,1,0,0,0,2.916476000109469,63,63,1
23,ExactSecure,1.0,1,0,0,0,7.816065000042727,12000,12000,1
23,BitmapSlice-Exact,1.0,1,0,0,0,0.2336860000013985,21,21,1
23,PostFilter-IVF,0.0,0,0,0,0,1.6406980000738258,1621,1621,0
23,PreFilter-IVF,1.0,1,0,0,0,55.602915999998004,1625,1625,0
23,PACER-A,1.0,1,0,0,0,1.2586069999542815,21,21,1
23,PACER-X,1.0,1,0,0,0,1.0270459999901504,21,21,1
24,ExactSecure,1.0,1,0,0,0,8.742952999909903,12000,12000,1
24,BitmapSlice-Exact,1.0,1,0,0,0,0.3204720001122041,22,22,1
24,PostFilter-IVF,0.5,0,0,0,0,2.435897999930603,1515,1515,0
24,PreFilter-IVF,1.0,1,0,0,0,53.9215520000198,1659,1659,0
24,PACER-A,1.0,1,0,0,0,1.3102569998864055,22,22,1
24,PACER-X,1.0,1,0,0,0,1.2894149999738147,22,22,1
25,ExactSecure,1.0,1,0,0,0,7.4798360001295805,12000,12000,1
25,BitmapSlice-Exact,1.0,1,0,0,0,0.276827000107005,48,48,1
25,PostFilter-IVF,0.3,0,0,0,0,1.6157970001131616,1612,1612,0
25,PreFilter-IVF,0.7,0,0,0,0,15.189417000101457,1748,1748,0
25,PACER-A,1.0,1,0,0,0,2.504319000081523,48,48,1
25,PACER-X,1.0,1,0,0,0,2.399239999931524,48,48,1
26,ExactSecure,1.0,1,0,0,0,8.287108999866177,12000,12000,1
26,BitmapSlice-Exact,1.0,1,0,0,0,0.5132989999765414,85,85,1
26,PostFilter-IVF,0.7,0,0,0,0,1.3675769998826581,1261,1261,0
26,PreFilter-IVF,0.8,0,0,0,0,39.37266999992062,1818,1818,0
26,PACER-A,1.0,1,0,0,0,3.7953539999762143,85,85,1
26,PACER-X,1.0,1,0,0,0,4.04275199980475,85,85,1
27,ExactSecure,1.0,1,0,0,0,6.9043660000716045,12000,12000,1
27,BitmapSlice-Exact,1.0,1,0,0,0,0.1759280000896979,18,18,1
27,PostFilter-IVF,0.4,0,0,0,0,1.214726999933191,1413,1413,0
27,PreFilter-IVF,0.8,0,0,0,0,29.040618999943035,1692,1692,0
27,PACER-A,1.0,1,0,0,0,1.748269000017899,18,18,1
27,PACER-X,1.0,1,0,0,0,1.7426590000013675,18,18,1
28,ExactSecure,1.0,1,0,0,0,8.043315999884726,12000,12000,1
28,BitmapSlice-Exact,1.0,1,0,0,0,0.3219660000013391,23,23,1
28,PostFilter-IVF,0.1,0,0,0,0,1.214144999948985,1373,1373,0
28,PreFilter-IVF,0.8,0,0,0,0,31.97945199985952,1863,1863,0
28,PACER-A,1.0,1,0,0,0,1.9167759999163536,23,23,1
28,PACER-X,1.0,1,0,0,0,1.7058969999652618,23,23,1
29,ExactSecure,1.0,1,0,0,0,7.504337000000305,12000,12000,1
29,BitmapSlice-Exact,1.0,1,0,0,0,0.1896950000173092,28,28,1
29,PostFilter-IVF,0.5,0,0,0,0,1.1696199999278178,1311,1311,0
29,PreFilter-IVF,0.7,0,0,0,0,33.34921700002269,1856,1856,0
29,PACER-A,1.0,1,0,0,0,1.8726039998000488,28,28,1
29,PACER-X,1.0,1,0,0,0,2.1564449998550117,28,28,1
30,ExactSecure,1.0,1,0,0,0,7.409774000052494,12000,12000,1
30,BitmapSlice-Exact,1.0,1,0,0,0,0.304884000115635,55,55,1
30,PostFilter-IVF,0.6,0,0,0,0,1.244131000021298,1336,1336,0
30,PreFilter-IVF,0.8,0,0,0,0,40.784459000178686,1372,1372,0
30,PACER-A,1.0,1,0,0,0,3.086952999865389,55,55,1
30,PACER-X,1.0,1,0,0,0,2.8066600000329345,55,55,1
31,ExactSecure,1.0,1,0,0,0,6.627455999932863,12000,12000,1
31,BitmapSlice-Exact,1.0,1,0,0,0,0.2583569998932944,49,49,1
31,PostFilter-IVF,0.3,0,0,0,0,1.3636020000831195,1639,1639,0
31,PreFilter-IVF,0.6,0,0,0,0,33.667234999938955,1760,1760,0
31,PACER-A,1.0,1,0,0,0,2.6838259998385183,49,49,1
31,PACER-X,1.0,1,0,0,0,3.0425980000927666,49,49,1
32,ExactSecure,1.0,1,0,0,0,7.626692000030744,12000,12000,1
32,BitmapSlice-Exact,1.0,1,0,0,0,0.32885900009205216,25,25,1
32,PostFilter-IVF,0.3,0,0,0,0,1.745464999885371,1679,1679,0
32,PreFilter-IVF,0.7,0,0,0,0,29.90704600006211,1693,1693,0
32,PACER-A,1.0,1,0,0,0,1.3593730000138748,25,25,1
32,PACER-X,1.0,1,0,0,0,1.2559510000755836,25,25,1
33,ExactSecure,1.0,1,0,0,0,7.552408000037758,12000,12000,1
33,BitmapSlice-Exact,1.0,1,0,0,0,0.19259500004409347,29,29,1
33,PostFilter-IVF,0.3,0,0,0,0,1.8273630000749108,1514,1514,0
33,PreFilter-IVF,1.0,1,0,0,0,38.844067999889376,1575,1575,0
33,PACER-A,1.0,1,0,0,0,1.516614999900412,29,29,1
33,PACER-X,1.0,1,0,0,0,1.3609080001515395,29,29,1
34,ExactSecure,1.0,1,0,0,0,7.385091000060129,12000,12000,1
34,BitmapSlice-Exact,1.0,1,0,0,0,0.1877639999747771,25,25,1
34,PostFilter-IVF,0.5,0,0,0,0,1.760138999998162,1800,1800,0
34,PreFilter-IVF,0.9,0,0,0,0,33.25130400003218,1580,1580,0
34,PACER-A,1.0,1,0,0,0,1.494426000135718,25,25,1
34,PACER-X,1.0,1,0,0,0,1.8217699998785974,25,25,1
35,ExactSecure,1.0,1,0,0,0,8.445616000017253,12000,12000,1
35,BitmapSlice-Exact,1.0,1,0,0,0,0.27974399995400745,54,54,1
35,PostFilter-IVF,0.5,0,0,0,0,1.7045029999280814,1575,1575,0
35,PreFilter-IVF,0.6,0,0,0,0,38.66287299979376,1888,1888,0
35,PACER-A,1.0,1,0,0,0,2.3225810000440106,54,54,1
35,PACER-X,1.0,1,0,0,0,3.3733099999153637,54,54,1
36,ExactSecure,1.0,1,0,0,0,6.999367999924289,12000,12000,1
36,BitmapSlice-Exact,1.0,1,0,0,0,0.22651900007986114,49,49,1
36,PostFilter-IVF,0.2,0,0,0,0,1.470306999863169,1460,1460,0
36,PreFilter-IVF,0.8,0,0,0,0,33.49853500003519,1682,1682,0
36,PACER-A,1.0,1,0,0,0,2.5370249998104555,49,49,1
36,PACER-X,1.0,1,0,0,0,2.409381999996185,49,49,1
37,ExactSecure,1.0,1,0,0,0,9.51117499994325,12000,12000,1
37,BitmapSlice-Exact,1.0,1,0,0,0,0.25341399987155455,29,29,1
37,PostFilter-IVF,0.2,0,0,0,0,1.5447759999460686,1444,1444,0
37,PreFilter-IVF,1.0,1,0,0,0,34.2265999997835,1770,1770,0
37,PACER-A,1.0,1,0,0,0,1.4919529999133374,29,29,1
37,PACER-X,1.0,1,0,0,0,1.3835550000749208,29,29,1
38,ExactSecure,1.0,1,0,0,0,8.17935499981104,12000,12000,1
38,BitmapSlice-Exact,1.0,1,0,0,0,0.23378499986392853,43,43,1
38,PostFilter-IVF,0.2,0,0,0,0,1.6773329998613917,1774,1774,0
38,PreFilter-IVF,0.7,0,0,0,0,42.44727599984799,1335,1335,0
38,PACER-A,1.0,1,0,0,0,1.988400000072943,43,43,1
38,PACER-X,1.0,1,0,0,0,1.8909099999291357,43,43,1
39,ExactSecure,1.0,1,0,0,0,7.212349999917933,12000,12000,1
39,BitmapSlice-Exact,1.0,1,0,0,0,0.2924190000612725,79,79,1
39,PostFilter-IVF,0.5,0,0,0,0,1.178737000145702,1278,1278,0
39,PreFilter-IVF,0.9,0,0,0,0,32.71485899995241,1575,1575,0
39,PACER-A,1.0,1,0,0,0,3.239523000047484,79,79,1
39,PACER-X,1.0,1,0,0,0,3.1771179999395827,79,79,1
40,ExactSecure,1.0,1,0,0,0,9.051243000158138,12000,12000,1
40,BitmapSlice-Exact,1.0,1,0,0,0,0.37345600003391155,49,49,1
40,PostFilter-IVF,1.0,1,0,0,0,1.4959459999772662,1330,1330,0
40,PreFilter-IVF,1.0,1,0,0,0,57.028460000083214,1646,1646,0
40,PACER-A,1.0,1,0,0,0,2.5868910001918266,49,49,1
40,PACER-X,1.0,1,0,0,0,2.3079350000898557,49,49,1
41,ExactSecure,1.0,1,0,0,0,8.235051999918142,12000,12000,1
41,BitmapSlice-Exact,1.0,1,0,0,0,0.1904779999222228,21,21,1
41,PostFilter-IVF,0.4,0,0,0,0,1.4465279998603364,1519,1519,0
41,PreFilter-IVF,0.7,0,0,0,0,33.230988000013895,1530,1530,0
41,PACER-A,1.0,1,0,0,0,1.386785000022428,21,21,1
41,PACER-X,1.0,1,0,0,0,1.483172000007471,21,21,1
42,ExactSecure,1.0,1,0,0,0,7.458236000047691,12000,12000,1
42,BitmapSlice-Exact,1.0,1,0,0,0,0.18298899999535934,23,23,1
42,PostFilter-IVF,0.1,0,0,0,0,1.0513310000987985,1192,1192,0
42,PreFilter-IVF,0.7,0,0,0,0,43.22567199983496,1703,1703,0
42,PACER-A,1.0,1,0,0,0,2.3493149999467278,23,23,1
42,PACER-X,1.0,1,0,0,0,2.0406959999945684,23,23,1
43,ExactSecure,1.0,1,0,0,0,10.933819000001677,12000,12000,1
43,BitmapSlice-Exact,1.0,1,0,0,0,0.38503899986608303,59,59,1
43,PostFilter-IVF,0.3,0,0,0,0,2.297383000041009,1780,1780,0
43,PreFilter-IVF,0.8,0,0,0,0,39.75794000007227,1695,1695,0
43,PACER-A,1.0,1,0,0,0,2.5255440000364615,59,59,1
43,PACER-X,1.0,1,0,0,0,2.1357670000270446,59,59,1
44,ExactSecure,1.0,1,0,0,0,6.732075000172699,12000,12000,1
44,BitmapSlice-Exact,1.0,1,0,0,0,0.23707200011813256,36,36,1
44,PostFilter-IVF,0.6,0,0,0,0,1.5217430000120657,1673,1673,0
44,PreFilter-IVF,0.8,0,0,0,0,19.17040199987241,1806,1806,0
44,PACER-A,1.0,1,0,0,0,2.220054999952481,36,36,1
44,PACER-X,1.0,1,0,0,0,2.139349000117363,36,36,1
45,ExactSecure,1.0,1,0,0,0,11.121097999875929,12000,12000,1
45,BitmapSlice-Exact,1.0,1,0,0,0,0.29633799999828625,42,42,1
45,PostFilter-IVF,0.3,0,0,0,0,1.8616059999203571,1459,1459,0
45,PreFilter-IVF,0.9,0,0,0,0,22.433314999943832,1680,1680,0
45,PACER-A,1.0,1,0,0,0,1.9696350000231178,42,42,1
45,PACER-X,1.0,1,0,0,0,2.298352000025261,42,42,1
46,ExactSecure,1.0,1,0,0,0,6.5939040000557725,12000,12000,1
46,BitmapSlice-Exact,1.0,1,0,0,0,0.17361799996251648,19,19,1
46,PostFilter-IVF,0.5,0,0,0,0,1.3382800000272255,1655,1655,0
46,PreFilter-IVF,1.0,1,0,0,0,40.0406070000372,1835,1835,0
46,PACER-A,1.0,1,0,0,0,1.381106000053478,19,19,1
46,PACER-X,1.0,1,0,0,0,1.5162309998686396,19,19,1
47,ExactSecure,1.0,1,0,0,0,7.859871999926327,12000,12000,1
47,BitmapSlice-Exact,1.0,1,0,0,0,0.23656699977436801,48,48,1
47,PostFilter-IVF,0.5,0,0,0,0,1.5353809999396617,1622,1622,0
47,PreFilter-IVF,0.7,0,0,0,0,24.776999999858162,1658,1658,0
47,PACER-A,1.0,1,0,0,0,2.7994639999633364,48,48,1
47,PACER-X,1.0,1,0,0,0,2.932286000032036,48,48,1
